L 07/29/2025 - 00:01:24: SourceMod log file session started (file "/home/steam/game_server/Left_4_Dead_2/left4dead2/addons/sourcemod/logs/L20250729.log") (Version "1.12.0.7207")
L 07/29/2025 - 00:01:24: [basecommands.smx] "Console<0><Console><Console>" changed cvar (cvar "hostname") (value "")
L 07/29/2025 - 00:01:24: [basecommands.smx] "Console<0><Console><Console>" changed cvar (cvar "z_difficulty") (value "hard")
L 07/29/2025 - 00:01:24: [basecommands.smx] "Console<0><Console><Console>" changed cvar (cvar "survivor_friendly_fire_factor_hard") (value "0.2")
L 07/29/2025 - 00:01:24: [basecommands.smx] "Console<0><Console><Console>" changed cvar (cvar "survivor_burn_factor_hard") (value "0.5")
L 07/29/2025 - 00:01:24: [basecommands.smx] "Console<0><Console><Console>" changed cvar (cvar "fps_max") (value "144")
L 07/29/2025 - 00:01:24: [basecommands.smx] "Console<0><Console><Console>" changed cvar (cvar "net_splitpacket_maxrate") (value "32000")
L 07/29/2025 - 00:01:24: [basecommands.smx] "Console<0><Console><Console>" changed cvar (cvar "nb_update_frequency") (value "0.024")
L 07/29/2025 - 00:01:24: [basecommands.smx] "Console<0><Console><Console>" changed cvar (cvar "sv_minrate") (value "64000")
L 07/29/2025 - 00:01:24: [basecommands.smx] "Console<0><Console><Console>" changed cvar (cvar "sv_maxrate") (value "64000")
L 07/29/2025 - 00:01:24: [basecommands.smx] "Console<0><Console><Console>" changed cvar (cvar "sv_mincmdrate") (value "64")
L 07/29/2025 - 00:01:24: [basecommands.smx] "Console<0><Console><Console>" changed cvar (cvar "sv_maxcmdrate") (value "64")
L 07/29/2025 - 00:01:24: [basecommands.smx] "Console<0><Console><Console>" changed cvar (cvar "sv_minupdaterate") (value "64")
L 07/29/2025 - 00:01:24: [basecommands.smx] "Console<0><Console><Console>" changed cvar (cvar "sv_maxupdaterate") (value "64")
L 07/29/2025 - 00:01:24: [basecommands.smx] "Console<0><Console><Console>" changed cvar (cvar "sv_client_min_interp_ratio") (value "-1")
L 07/29/2025 - 00:01:24: [basecommands.smx] "Console<0><Console><Console>" changed cvar (cvar "sv_client_max_interp_ratio") (value "2")
L 07/29/2025 - 00:04:55: -------- Mapchange to c5m1_waterfront --------
L 07/29/2025 - 00:04:56: [basecommands.smx] "Console<0><Console><Console>" changed cvar (cvar "hostname") (value "")
L 07/29/2025 - 00:04:56: [basecommands.smx] "Console<0><Console><Console>" changed cvar (cvar "z_difficulty") (value "hard")
L 07/29/2025 - 00:04:56: [basecommands.smx] "Console<0><Console><Console>" changed cvar (cvar "survivor_friendly_fire_factor_hard") (value "0.2")
L 07/29/2025 - 00:04:56: [basecommands.smx] "Console<0><Console><Console>" changed cvar (cvar "survivor_burn_factor_hard") (value "0.5")
L 07/29/2025 - 00:04:56: [basecommands.smx] "Console<0><Console><Console>" changed cvar (cvar "fps_max") (value "144")
L 07/29/2025 - 00:04:56: [basecommands.smx] "Console<0><Console><Console>" changed cvar (cvar "net_splitpacket_maxrate") (value "32000")
L 07/29/2025 - 00:04:56: [basecommands.smx] "Console<0><Console><Console>" changed cvar (cvar "nb_update_frequency") (value "0.024")
L 07/29/2025 - 00:04:56: [basecommands.smx] "Console<0><Console><Console>" changed cvar (cvar "sv_minrate") (value "64000")
L 07/29/2025 - 00:04:56: [basecommands.smx] "Console<0><Console><Console>" changed cvar (cvar "sv_maxrate") (value "64000")
L 07/29/2025 - 00:04:56: [basecommands.smx] "Console<0><Console><Console>" changed cvar (cvar "sv_mincmdrate") (value "64")
L 07/29/2025 - 00:04:56: [basecommands.smx] "Console<0><Console><Console>" changed cvar (cvar "sv_maxcmdrate") (value "64")
L 07/29/2025 - 00:04:56: [basecommands.smx] "Console<0><Console><Console>" changed cvar (cvar "sv_minupdaterate") (value "64")
L 07/29/2025 - 00:04:56: [basecommands.smx] "Console<0><Console><Console>" changed cvar (cvar "sv_maxupdaterate") (value "64")
L 07/29/2025 - 00:04:56: [basecommands.smx] "Console<0><Console><Console>" changed cvar (cvar "sv_client_min_interp_ratio") (value "-1")
L 07/29/2025 - 00:04:56: [basecommands.smx] "Console<0><Console><Console>" changed cvar (cvar "sv_client_max_interp_ratio") (value "2")
L 07/29/2025 - 00:09:50: -------- Mapchange to c5m2_park --------
L 07/29/2025 - 00:09:51: [basecommands.smx] "Console<0><Console><Console>" changed cvar (cvar "hostname") (value "")
L 07/29/2025 - 00:09:51: [basecommands.smx] "Console<0><Console><Console>" changed cvar (cvar "z_difficulty") (value "hard")
L 07/29/2025 - 00:09:51: [basecommands.smx] "Console<0><Console><Console>" changed cvar (cvar "survivor_friendly_fire_factor_hard") (value "0.2")
L 07/29/2025 - 00:09:51: [basecommands.smx] "Console<0><Console><Console>" changed cvar (cvar "survivor_burn_factor_hard") (value "0.5")
L 07/29/2025 - 00:09:51: [basecommands.smx] "Console<0><Console><Console>" changed cvar (cvar "fps_max") (value "144")
L 07/29/2025 - 00:09:51: [basecommands.smx] "Console<0><Console><Console>" changed cvar (cvar "net_splitpacket_maxrate") (value "32000")
L 07/29/2025 - 00:09:51: [basecommands.smx] "Console<0><Console><Console>" changed cvar (cvar "nb_update_frequency") (value "0.024")
L 07/29/2025 - 00:09:51: [basecommands.smx] "Console<0><Console><Console>" changed cvar (cvar "sv_minrate") (value "64000")
L 07/29/2025 - 00:09:51: [basecommands.smx] "Console<0><Console><Console>" changed cvar (cvar "sv_maxrate") (value "64000")
L 07/29/2025 - 00:09:51: [basecommands.smx] "Console<0><Console><Console>" changed cvar (cvar "sv_mincmdrate") (value "64")
L 07/29/2025 - 00:09:51: [basecommands.smx] "Console<0><Console><Console>" changed cvar (cvar "sv_maxcmdrate") (value "64")
L 07/29/2025 - 00:09:51: [basecommands.smx] "Console<0><Console><Console>" changed cvar (cvar "sv_minupdaterate") (value "64")
L 07/29/2025 - 00:09:51: [basecommands.smx] "Console<0><Console><Console>" changed cvar (cvar "sv_maxupdaterate") (value "64")
L 07/29/2025 - 00:09:51: [basecommands.smx] "Console<0><Console><Console>" changed cvar (cvar "sv_client_min_interp_ratio") (value "-1")
L 07/29/2025 - 00:09:51: [basecommands.smx] "Console<0><Console><Console>" changed cvar (cvar "sv_client_max_interp_ratio") (value "2")
L 07/29/2025 - 00:13:20: -------- Mapchange to c5m1_waterfront --------
L 07/29/2025 - 00:13:21: [basecommands.smx] "Console<0><Console><Console>" changed cvar (cvar "hostname") (value "")
L 07/29/2025 - 00:13:21: [basecommands.smx] "Console<0><Console><Console>" changed cvar (cvar "z_difficulty") (value "hard")
L 07/29/2025 - 00:13:21: [basecommands.smx] "Console<0><Console><Console>" changed cvar (cvar "survivor_friendly_fire_factor_hard") (value "0.2")
L 07/29/2025 - 00:13:21: [basecommands.smx] "Console<0><Console><Console>" changed cvar (cvar "survivor_burn_factor_hard") (value "0.5")
L 07/29/2025 - 00:13:21: [basecommands.smx] "Console<0><Console><Console>" changed cvar (cvar "fps_max") (value "144")
L 07/29/2025 - 00:13:21: [basecommands.smx] "Console<0><Console><Console>" changed cvar (cvar "net_splitpacket_maxrate") (value "32000")
L 07/29/2025 - 00:13:21: [basecommands.smx] "Console<0><Console><Console>" changed cvar (cvar "nb_update_frequency") (value "0.024")
L 07/29/2025 - 00:13:21: [basecommands.smx] "Console<0><Console><Console>" changed cvar (cvar "sv_minrate") (value "64000")
L 07/29/2025 - 00:13:21: [basecommands.smx] "Console<0><Console><Console>" changed cvar (cvar "sv_maxrate") (value "64000")
L 07/29/2025 - 00:13:21: [basecommands.smx] "Console<0><Console><Console>" changed cvar (cvar "sv_mincmdrate") (value "64")
L 07/29/2025 - 00:13:21: [basecommands.smx] "Console<0><Console><Console>" changed cvar (cvar "sv_maxcmdrate") (value "64")
L 07/29/2025 - 00:13:21: [basecommands.smx] "Console<0><Console><Console>" changed cvar (cvar "sv_minupdaterate") (value "64")
L 07/29/2025 - 00:13:21: [basecommands.smx] "Console<0><Console><Console>" changed cvar (cvar "sv_maxupdaterate") (value "64")
L 07/29/2025 - 00:13:21: [basecommands.smx] "Console<0><Console><Console>" changed cvar (cvar "sv_client_min_interp_ratio") (value "-1")
L 07/29/2025 - 00:13:21: [basecommands.smx] "Console<0><Console><Console>" changed cvar (cvar "sv_client_max_interp_ratio") (value "2")
L 07/29/2025 - 00:19:06: SourceMod log file session started (file "/home/steam/game_server/Left_4_Dead_2/left4dead2/addons/sourcemod/logs/L20250729.log") (Version "1.12.0.7207")
L 07/29/2025 - 00:19:06: [basecommands.smx] "Console<0><Console><Console>" changed cvar (cvar "hostname") (value "")
L 07/29/2025 - 00:19:06: [basecommands.smx] "Console<0><Console><Console>" changed cvar (cvar "z_difficulty") (value "hard")
L 07/29/2025 - 00:19:06: [basecommands.smx] "Console<0><Console><Console>" changed cvar (cvar "survivor_friendly_fire_factor_hard") (value "0.2")
L 07/29/2025 - 00:19:06: [basecommands.smx] "Console<0><Console><Console>" changed cvar (cvar "survivor_burn_factor_hard") (value "0.5")
L 07/29/2025 - 00:19:06: [basecommands.smx] "Console<0><Console><Console>" changed cvar (cvar "fps_max") (value "144")
L 07/29/2025 - 00:19:06: [basecommands.smx] "Console<0><Console><Console>" changed cvar (cvar "net_splitpacket_maxrate") (value "32000")
L 07/29/2025 - 00:19:06: [basecommands.smx] "Console<0><Console><Console>" changed cvar (cvar "nb_update_frequency") (value "0.024")
L 07/29/2025 - 00:19:06: [basecommands.smx] "Console<0><Console><Console>" changed cvar (cvar "sv_minrate") (value "64000")
L 07/29/2025 - 00:19:06: [basecommands.smx] "Console<0><Console><Console>" changed cvar (cvar "sv_maxrate") (value "64000")
L 07/29/2025 - 00:19:06: [basecommands.smx] "Console<0><Console><Console>" changed cvar (cvar "sv_mincmdrate") (value "64")
L 07/29/2025 - 00:19:06: [basecommands.smx] "Console<0><Console><Console>" changed cvar (cvar "sv_maxcmdrate") (value "64")
L 07/29/2025 - 00:19:06: [basecommands.smx] "Console<0><Console><Console>" changed cvar (cvar "sv_minupdaterate") (value "64")
L 07/29/2025 - 00:19:06: [basecommands.smx] "Console<0><Console><Console>" changed cvar (cvar "sv_maxupdaterate") (value "64")
L 07/29/2025 - 00:19:06: [basecommands.smx] "Console<0><Console><Console>" changed cvar (cvar "sv_client_min_interp_ratio") (value "-1")
L 07/29/2025 - 00:19:06: [basecommands.smx] "Console<0><Console><Console>" changed cvar (cvar "sv_client_max_interp_ratio") (value "2")
L 07/29/2025 - 00:20:50: -------- Mapchange to c1m1_hotel --------
L 07/29/2025 - 00:20:52: [basecommands.smx] "Console<0><Console><Console>" changed cvar (cvar "hostname") (value "")
L 07/29/2025 - 00:20:52: [basecommands.smx] "Console<0><Console><Console>" changed cvar (cvar "z_difficulty") (value "hard")
L 07/29/2025 - 00:20:52: [basecommands.smx] "Console<0><Console><Console>" changed cvar (cvar "survivor_friendly_fire_factor_hard") (value "0.2")
L 07/29/2025 - 00:20:52: [basecommands.smx] "Console<0><Console><Console>" changed cvar (cvar "survivor_burn_factor_hard") (value "0.5")
L 07/29/2025 - 00:20:52: [basecommands.smx] "Console<0><Console><Console>" changed cvar (cvar "fps_max") (value "144")
L 07/29/2025 - 00:20:52: [basecommands.smx] "Console<0><Console><Console>" changed cvar (cvar "net_splitpacket_maxrate") (value "32000")
L 07/29/2025 - 00:20:52: [basecommands.smx] "Console<0><Console><Console>" changed cvar (cvar "nb_update_frequency") (value "0.024")
L 07/29/2025 - 00:20:52: [basecommands.smx] "Console<0><Console><Console>" changed cvar (cvar "sv_minrate") (value "64000")
L 07/29/2025 - 00:20:52: [basecommands.smx] "Console<0><Console><Console>" changed cvar (cvar "sv_maxrate") (value "64000")
L 07/29/2025 - 00:20:52: [basecommands.smx] "Console<0><Console><Console>" changed cvar (cvar "sv_mincmdrate") (value "64")
L 07/29/2025 - 00:20:52: [basecommands.smx] "Console<0><Console><Console>" changed cvar (cvar "sv_maxcmdrate") (value "64")
L 07/29/2025 - 00:20:52: [basecommands.smx] "Console<0><Console><Console>" changed cvar (cvar "sv_minupdaterate") (value "64")
L 07/29/2025 - 00:20:52: [basecommands.smx] "Console<0><Console><Console>" changed cvar (cvar "sv_maxupdaterate") (value "64")
L 07/29/2025 - 00:20:52: [basecommands.smx] "Console<0><Console><Console>" changed cvar (cvar "sv_client_min_interp_ratio") (value "-1")
L 07/29/2025 - 00:20:52: [basecommands.smx] "Console<0><Console><Console>" changed cvar (cvar "sv_client_max_interp_ratio") (value "2")
L 07/29/2025 - 00:25:51: SourceMod log file session started (file "/home/steam/game_server/Left_4_Dead_2/left4dead2/addons/sourcemod/logs/L20250729.log") (Version "1.12.0.7207")
L 07/29/2025 - 00:25:51: [basecommands.smx] "Console<0><Console><Console>" changed cvar (cvar "hostname") (value "")
L 07/29/2025 - 00:25:51: [basecommands.smx] "Console<0><Console><Console>" changed cvar (cvar "z_difficulty") (value "hard")
L 07/29/2025 - 00:25:51: [basecommands.smx] "Console<0><Console><Console>" changed cvar (cvar "survivor_friendly_fire_factor_hard") (value "0.2")
L 07/29/2025 - 00:25:51: [basecommands.smx] "Console<0><Console><Console>" changed cvar (cvar "survivor_burn_factor_hard") (value "0.5")
L 07/29/2025 - 00:25:51: [basecommands.smx] "Console<0><Console><Console>" changed cvar (cvar "fps_max") (value "144")
L 07/29/2025 - 00:25:51: [basecommands.smx] "Console<0><Console><Console>" changed cvar (cvar "net_splitpacket_maxrate") (value "32000")
L 07/29/2025 - 00:25:51: [basecommands.smx] "Console<0><Console><Console>" changed cvar (cvar "nb_update_frequency") (value "0.024")
L 07/29/2025 - 00:25:51: [basecommands.smx] "Console<0><Console><Console>" changed cvar (cvar "sv_minrate") (value "64000")
L 07/29/2025 - 00:25:51: [basecommands.smx] "Console<0><Console><Console>" changed cvar (cvar "sv_maxrate") (value "64000")
L 07/29/2025 - 00:25:51: [basecommands.smx] "Console<0><Console><Console>" changed cvar (cvar "sv_mincmdrate") (value "64")
L 07/29/2025 - 00:25:51: [basecommands.smx] "Console<0><Console><Console>" changed cvar (cvar "sv_maxcmdrate") (value "64")
L 07/29/2025 - 00:25:51: [basecommands.smx] "Console<0><Console><Console>" changed cvar (cvar "sv_minupdaterate") (value "64")
L 07/29/2025 - 00:25:51: [basecommands.smx] "Console<0><Console><Console>" changed cvar (cvar "sv_maxupdaterate") (value "64")
L 07/29/2025 - 00:25:51: [basecommands.smx] "Console<0><Console><Console>" changed cvar (cvar "sv_client_min_interp_ratio") (value "-1")
L 07/29/2025 - 00:25:51: [basecommands.smx] "Console<0><Console><Console>" changed cvar (cvar "sv_client_max_interp_ratio") (value "2")
L 07/29/2025 - 00:29:41: -------- Mapchange to c1m1_hotel --------
L 07/29/2025 - 00:29:43: [basecommands.smx] "Console<0><Console><Console>" changed cvar (cvar "hostname") (value "")
L 07/29/2025 - 00:29:43: [basecommands.smx] "Console<0><Console><Console>" changed cvar (cvar "z_difficulty") (value "hard")
L 07/29/2025 - 00:29:43: [basecommands.smx] "Console<0><Console><Console>" changed cvar (cvar "survivor_friendly_fire_factor_hard") (value "0.2")
L 07/29/2025 - 00:29:43: [basecommands.smx] "Console<0><Console><Console>" changed cvar (cvar "survivor_burn_factor_hard") (value "0.5")
L 07/29/2025 - 00:29:43: [basecommands.smx] "Console<0><Console><Console>" changed cvar (cvar "fps_max") (value "144")
L 07/29/2025 - 00:29:43: [basecommands.smx] "Console<0><Console><Console>" changed cvar (cvar "net_splitpacket_maxrate") (value "32000")
L 07/29/2025 - 00:29:43: [basecommands.smx] "Console<0><Console><Console>" changed cvar (cvar "nb_update_frequency") (value "0.024")
L 07/29/2025 - 00:29:43: [basecommands.smx] "Console<0><Console><Console>" changed cvar (cvar "sv_minrate") (value "64000")
L 07/29/2025 - 00:29:43: [basecommands.smx] "Console<0><Console><Console>" changed cvar (cvar "sv_maxrate") (value "64000")
L 07/29/2025 - 00:29:43: [basecommands.smx] "Console<0><Console><Console>" changed cvar (cvar "sv_mincmdrate") (value "64")
L 07/29/2025 - 00:29:43: [basecommands.smx] "Console<0><Console><Console>" changed cvar (cvar "sv_maxcmdrate") (value "64")
L 07/29/2025 - 00:29:43: [basecommands.smx] "Console<0><Console><Console>" changed cvar (cvar "sv_minupdaterate") (value "64")
L 07/29/2025 - 00:29:43: [basecommands.smx] "Console<0><Console><Console>" changed cvar (cvar "sv_maxupdaterate") (value "64")
L 07/29/2025 - 00:29:43: [basecommands.smx] "Console<0><Console><Console>" changed cvar (cvar "sv_client_min_interp_ratio") (value "-1")
L 07/29/2025 - 00:29:43: [basecommands.smx] "Console<0><Console><Console>" changed cvar (cvar "sv_client_max_interp_ratio") (value "2")
L 07/29/2025 - 00:30:10: SourceMod log file session started (file "/home/steam/game_server/Left_4_Dead_2/left4dead2/addons/sourcemod/logs/L20250729.log") (Version "1.12.0.7207")
L 07/29/2025 - 00:30:10: [basecommands.smx] "Console<0><Console><Console>" changed cvar (cvar "hostname") (value "")
L 07/29/2025 - 00:30:10: [basecommands.smx] "Console<0><Console><Console>" changed cvar (cvar "z_difficulty") (value "hard")
L 07/29/2025 - 00:30:10: [basecommands.smx] "Console<0><Console><Console>" changed cvar (cvar "survivor_friendly_fire_factor_hard") (value "0.2")
L 07/29/2025 - 00:30:10: [basecommands.smx] "Console<0><Console><Console>" changed cvar (cvar "survivor_burn_factor_hard") (value "0.5")
L 07/29/2025 - 00:30:10: [basecommands.smx] "Console<0><Console><Console>" changed cvar (cvar "fps_max") (value "144")
L 07/29/2025 - 00:30:10: [basecommands.smx] "Console<0><Console><Console>" changed cvar (cvar "net_splitpacket_maxrate") (value "32000")
L 07/29/2025 - 00:30:10: [basecommands.smx] "Console<0><Console><Console>" changed cvar (cvar "nb_update_frequency") (value "0.024")
L 07/29/2025 - 00:30:10: [basecommands.smx] "Console<0><Console><Console>" changed cvar (cvar "sv_minrate") (value "64000")
L 07/29/2025 - 00:30:10: [basecommands.smx] "Console<0><Console><Console>" changed cvar (cvar "sv_maxrate") (value "64000")
L 07/29/2025 - 00:30:10: [basecommands.smx] "Console<0><Console><Console>" changed cvar (cvar "sv_mincmdrate") (value "64")
L 07/29/2025 - 00:30:10: [basecommands.smx] "Console<0><Console><Console>" changed cvar (cvar "sv_maxcmdrate") (value "64")
L 07/29/2025 - 00:30:10: [basecommands.smx] "Console<0><Console><Console>" changed cvar (cvar "sv_minupdaterate") (value "64")
L 07/29/2025 - 00:30:10: [basecommands.smx] "Console<0><Console><Console>" changed cvar (cvar "sv_maxupdaterate") (value "64")
L 07/29/2025 - 00:30:10: [basecommands.smx] "Console<0><Console><Console>" changed cvar (cvar "sv_client_min_interp_ratio") (value "-1")
L 07/29/2025 - 00:30:10: [basecommands.smx] "Console<0><Console><Console>" changed cvar (cvar "sv_client_max_interp_ratio") (value "2")
L 07/29/2025 - 00:31:05: SourceMod log file session started (file "/home/steam/game_server/Left_4_Dead_2/left4dead2/addons/sourcemod/logs/L20250729.log") (Version "1.12.0.7207")
L 07/29/2025 - 00:31:05: [basecommands.smx] "Console<0><Console><Console>" changed cvar (cvar "hostname") (value "")
L 07/29/2025 - 00:31:05: [basecommands.smx] "Console<0><Console><Console>" changed cvar (cvar "z_difficulty") (value "hard")
L 07/29/2025 - 00:31:05: [basecommands.smx] "Console<0><Console><Console>" changed cvar (cvar "survivor_friendly_fire_factor_hard") (value "0.2")
L 07/29/2025 - 00:31:05: [basecommands.smx] "Console<0><Console><Console>" changed cvar (cvar "survivor_burn_factor_hard") (value "0.5")
L 07/29/2025 - 00:31:05: [basecommands.smx] "Console<0><Console><Console>" changed cvar (cvar "fps_max") (value "144")
L 07/29/2025 - 00:31:05: [basecommands.smx] "Console<0><Console><Console>" changed cvar (cvar "net_splitpacket_maxrate") (value "32000")
L 07/29/2025 - 00:31:05: [basecommands.smx] "Console<0><Console><Console>" changed cvar (cvar "nb_update_frequency") (value "0.024")
L 07/29/2025 - 00:31:05: [basecommands.smx] "Console<0><Console><Console>" changed cvar (cvar "sv_minrate") (value "64000")
L 07/29/2025 - 00:31:05: [basecommands.smx] "Console<0><Console><Console>" changed cvar (cvar "sv_maxrate") (value "64000")
L 07/29/2025 - 00:31:05: [basecommands.smx] "Console<0><Console><Console>" changed cvar (cvar "sv_mincmdrate") (value "64")
L 07/29/2025 - 00:31:05: [basecommands.smx] "Console<0><Console><Console>" changed cvar (cvar "sv_maxcmdrate") (value "64")
L 07/29/2025 - 00:31:05: [basecommands.smx] "Console<0><Console><Console>" changed cvar (cvar "sv_minupdaterate") (value "64")
L 07/29/2025 - 00:31:05: [basecommands.smx] "Console<0><Console><Console>" changed cvar (cvar "sv_maxupdaterate") (value "64")
L 07/29/2025 - 00:31:05: [basecommands.smx] "Console<0><Console><Console>" changed cvar (cvar "sv_client_min_interp_ratio") (value "-1")
L 07/29/2025 - 00:31:05: [basecommands.smx] "Console<0><Console><Console>" changed cvar (cvar "sv_client_max_interp_ratio") (value "2")
L 07/29/2025 - 00:31:43: -------- Mapchange to c1m1_hotel --------
L 07/29/2025 - 00:31:44: [basecommands.smx] "Console<0><Console><Console>" changed cvar (cvar "hostname") (value "")
L 07/29/2025 - 00:31:44: [basecommands.smx] "Console<0><Console><Console>" changed cvar (cvar "z_difficulty") (value "hard")
L 07/29/2025 - 00:31:44: [basecommands.smx] "Console<0><Console><Console>" changed cvar (cvar "survivor_friendly_fire_factor_hard") (value "0.2")
L 07/29/2025 - 00:31:44: [basecommands.smx] "Console<0><Console><Console>" changed cvar (cvar "survivor_burn_factor_hard") (value "0.5")
L 07/29/2025 - 00:31:44: [basecommands.smx] "Console<0><Console><Console>" changed cvar (cvar "fps_max") (value "144")
L 07/29/2025 - 00:31:44: [basecommands.smx] "Console<0><Console><Console>" changed cvar (cvar "net_splitpacket_maxrate") (value "32000")
L 07/29/2025 - 00:31:44: [basecommands.smx] "Console<0><Console><Console>" changed cvar (cvar "nb_update_frequency") (value "0.024")
L 07/29/2025 - 00:31:44: [basecommands.smx] "Console<0><Console><Console>" changed cvar (cvar "sv_minrate") (value "64000")
L 07/29/2025 - 00:31:44: [basecommands.smx] "Console<0><Console><Console>" changed cvar (cvar "sv_maxrate") (value "64000")
L 07/29/2025 - 00:31:44: [basecommands.smx] "Console<0><Console><Console>" changed cvar (cvar "sv_mincmdrate") (value "64")
L 07/29/2025 - 00:31:44: [basecommands.smx] "Console<0><Console><Console>" changed cvar (cvar "sv_maxcmdrate") (value "64")
L 07/29/2025 - 00:31:44: [basecommands.smx] "Console<0><Console><Console>" changed cvar (cvar "sv_minupdaterate") (value "64")
L 07/29/2025 - 00:31:44: [basecommands.smx] "Console<0><Console><Console>" changed cvar (cvar "sv_maxupdaterate") (value "64")
L 07/29/2025 - 00:31:44: [basecommands.smx] "Console<0><Console><Console>" changed cvar (cvar "sv_client_min_interp_ratio") (value "-1")
L 07/29/2025 - 00:31:44: [basecommands.smx] "Console<0><Console><Console>" changed cvar (cvar "sv_client_max_interp_ratio") (value "2")
L 07/29/2025 - 00:33:08: SourceMod log file session started (file "/home/steam/game_server/Left_4_Dead_2/left4dead2/addons/sourcemod/logs/L20250729.log") (Version "1.12.0.7207")
L 07/29/2025 - 00:33:08: [basecommands.smx] "Console<0><Console><Console>" changed cvar (cvar "hostname") (value "")
L 07/29/2025 - 00:33:08: [basecommands.smx] "Console<0><Console><Console>" changed cvar (cvar "z_difficulty") (value "hard")
L 07/29/2025 - 00:33:08: [basecommands.smx] "Console<0><Console><Console>" changed cvar (cvar "survivor_friendly_fire_factor_hard") (value "0.2")
L 07/29/2025 - 00:33:08: [basecommands.smx] "Console<0><Console><Console>" changed cvar (cvar "survivor_burn_factor_hard") (value "0.5")
L 07/29/2025 - 00:33:08: [basecommands.smx] "Console<0><Console><Console>" changed cvar (cvar "fps_max") (value "144")
L 07/29/2025 - 00:33:08: [basecommands.smx] "Console<0><Console><Console>" changed cvar (cvar "net_splitpacket_maxrate") (value "32000")
L 07/29/2025 - 00:33:08: [basecommands.smx] "Console<0><Console><Console>" changed cvar (cvar "nb_update_frequency") (value "0.024")
L 07/29/2025 - 00:33:08: [basecommands.smx] "Console<0><Console><Console>" changed cvar (cvar "sv_minrate") (value "64000")
L 07/29/2025 - 00:33:08: [basecommands.smx] "Console<0><Console><Console>" changed cvar (cvar "sv_maxrate") (value "64000")
L 07/29/2025 - 00:33:08: [basecommands.smx] "Console<0><Console><Console>" changed cvar (cvar "sv_mincmdrate") (value "64")
L 07/29/2025 - 00:33:08: [basecommands.smx] "Console<0><Console><Console>" changed cvar (cvar "sv_maxcmdrate") (value "64")
L 07/29/2025 - 00:33:08: [basecommands.smx] "Console<0><Console><Console>" changed cvar (cvar "sv_minupdaterate") (value "64")
L 07/29/2025 - 00:33:08: [basecommands.smx] "Console<0><Console><Console>" changed cvar (cvar "sv_maxupdaterate") (value "64")
L 07/29/2025 - 00:33:08: [basecommands.smx] "Console<0><Console><Console>" changed cvar (cvar "sv_client_min_interp_ratio") (value "-1")
L 07/29/2025 - 00:33:08: [basecommands.smx] "Console<0><Console><Console>" changed cvar (cvar "sv_client_max_interp_ratio") (value "2")
L 07/29/2025 - 00:35:58: -------- Mapchange to c1m1_hotel --------
L 07/29/2025 - 00:35:59: [basecommands.smx] "Console<0><Console><Console>" changed cvar (cvar "hostname") (value "")
L 07/29/2025 - 00:35:59: [basecommands.smx] "Console<0><Console><Console>" changed cvar (cvar "z_difficulty") (value "hard")
L 07/29/2025 - 00:35:59: [basecommands.smx] "Console<0><Console><Console>" changed cvar (cvar "survivor_friendly_fire_factor_hard") (value "0.2")
L 07/29/2025 - 00:35:59: [basecommands.smx] "Console<0><Console><Console>" changed cvar (cvar "survivor_burn_factor_hard") (value "0.5")
L 07/29/2025 - 00:35:59: [basecommands.smx] "Console<0><Console><Console>" changed cvar (cvar "fps_max") (value "144")
L 07/29/2025 - 00:35:59: [basecommands.smx] "Console<0><Console><Console>" changed cvar (cvar "net_splitpacket_maxrate") (value "32000")
L 07/29/2025 - 00:35:59: [basecommands.smx] "Console<0><Console><Console>" changed cvar (cvar "nb_update_frequency") (value "0.024")
L 07/29/2025 - 00:35:59: [basecommands.smx] "Console<0><Console><Console>" changed cvar (cvar "sv_minrate") (value "64000")
L 07/29/2025 - 00:35:59: [basecommands.smx] "Console<0><Console><Console>" changed cvar (cvar "sv_maxrate") (value "64000")
L 07/29/2025 - 00:35:59: [basecommands.smx] "Console<0><Console><Console>" changed cvar (cvar "sv_mincmdrate") (value "64")
L 07/29/2025 - 00:35:59: [basecommands.smx] "Console<0><Console><Console>" changed cvar (cvar "sv_maxcmdrate") (value "64")
L 07/29/2025 - 00:35:59: [basecommands.smx] "Console<0><Console><Console>" changed cvar (cvar "sv_minupdaterate") (value "64")
L 07/29/2025 - 00:35:59: [basecommands.smx] "Console<0><Console><Console>" changed cvar (cvar "sv_maxupdaterate") (value "64")
L 07/29/2025 - 00:35:59: [basecommands.smx] "Console<0><Console><Console>" changed cvar (cvar "sv_client_min_interp_ratio") (value "-1")
L 07/29/2025 - 00:35:59: [basecommands.smx] "Console<0><Console><Console>" changed cvar (cvar "sv_client_max_interp_ratio") (value "2")
L 07/29/2025 - 00:36:50: -------- Mapchange to c2m1_highway --------
L 07/29/2025 - 00:36:51: [basecommands.smx] "Console<0><Console><Console>" changed cvar (cvar "hostname") (value "")
L 07/29/2025 - 00:36:51: [basecommands.smx] "Console<0><Console><Console>" changed cvar (cvar "z_difficulty") (value "hard")
L 07/29/2025 - 00:36:51: [basecommands.smx] "Console<0><Console><Console>" changed cvar (cvar "survivor_friendly_fire_factor_hard") (value "0.2")
L 07/29/2025 - 00:36:51: [basecommands.smx] "Console<0><Console><Console>" changed cvar (cvar "survivor_burn_factor_hard") (value "0.5")
L 07/29/2025 - 00:36:51: [basecommands.smx] "Console<0><Console><Console>" changed cvar (cvar "fps_max") (value "144")
L 07/29/2025 - 00:36:51: [basecommands.smx] "Console<0><Console><Console>" changed cvar (cvar "net_splitpacket_maxrate") (value "32000")
L 07/29/2025 - 00:36:51: [basecommands.smx] "Console<0><Console><Console>" changed cvar (cvar "nb_update_frequency") (value "0.024")
L 07/29/2025 - 00:36:51: [basecommands.smx] "Console<0><Console><Console>" changed cvar (cvar "sv_minrate") (value "64000")
L 07/29/2025 - 00:36:51: [basecommands.smx] "Console<0><Console><Console>" changed cvar (cvar "sv_maxrate") (value "64000")
L 07/29/2025 - 00:36:51: [basecommands.smx] "Console<0><Console><Console>" changed cvar (cvar "sv_mincmdrate") (value "64")
L 07/29/2025 - 00:36:51: [basecommands.smx] "Console<0><Console><Console>" changed cvar (cvar "sv_maxcmdrate") (value "64")
L 07/29/2025 - 00:36:51: [basecommands.smx] "Console<0><Console><Console>" changed cvar (cvar "sv_minupdaterate") (value "64")
L 07/29/2025 - 00:36:51: [basecommands.smx] "Console<0><Console><Console>" changed cvar (cvar "sv_maxupdaterate") (value "64")
L 07/29/2025 - 00:36:51: [basecommands.smx] "Console<0><Console><Console>" changed cvar (cvar "sv_client_min_interp_ratio") (value "-1")
L 07/29/2025 - 00:36:51: [basecommands.smx] "Console<0><Console><Console>" changed cvar (cvar "sv_client_max_interp_ratio") (value "2")
L 07/29/2025 - 00:39:50: SourceMod log file session started (file "/home/steam/game_server/Left_4_Dead_2/left4dead2/addons/sourcemod/logs/L20250729.log") (Version "1.12.0.7207")
L 07/29/2025 - 00:39:50: [basecommands.smx] "Console<0><Console><Console>" changed cvar (cvar "hostname") (value "")
L 07/29/2025 - 00:39:50: [basecommands.smx] "Console<0><Console><Console>" changed cvar (cvar "z_difficulty") (value "hard")
L 07/29/2025 - 00:39:50: [basecommands.smx] "Console<0><Console><Console>" changed cvar (cvar "survivor_friendly_fire_factor_hard") (value "0.2")
L 07/29/2025 - 00:39:50: [basecommands.smx] "Console<0><Console><Console>" changed cvar (cvar "survivor_burn_factor_hard") (value "0.5")
L 07/29/2025 - 00:39:50: [basecommands.smx] "Console<0><Console><Console>" changed cvar (cvar "fps_max") (value "144")
L 07/29/2025 - 00:39:50: [basecommands.smx] "Console<0><Console><Console>" changed cvar (cvar "net_splitpacket_maxrate") (value "32000")
L 07/29/2025 - 00:39:50: [basecommands.smx] "Console<0><Console><Console>" changed cvar (cvar "nb_update_frequency") (value "0.024")
L 07/29/2025 - 00:39:50: [basecommands.smx] "Console<0><Console><Console>" changed cvar (cvar "sv_minrate") (value "64000")
L 07/29/2025 - 00:39:50: [basecommands.smx] "Console<0><Console><Console>" changed cvar (cvar "sv_maxrate") (value "64000")
L 07/29/2025 - 00:39:50: [basecommands.smx] "Console<0><Console><Console>" changed cvar (cvar "sv_mincmdrate") (value "64")
L 07/29/2025 - 00:39:50: [basecommands.smx] "Console<0><Console><Console>" changed cvar (cvar "sv_maxcmdrate") (value "64")
L 07/29/2025 - 00:39:50: [basecommands.smx] "Console<0><Console><Console>" changed cvar (cvar "sv_minupdaterate") (value "64")
L 07/29/2025 - 00:39:50: [basecommands.smx] "Console<0><Console><Console>" changed cvar (cvar "sv_maxupdaterate") (value "64")
L 07/29/2025 - 00:39:50: [basecommands.smx] "Console<0><Console><Console>" changed cvar (cvar "sv_client_min_interp_ratio") (value "-1")
L 07/29/2025 - 00:39:50: [basecommands.smx] "Console<0><Console><Console>" changed cvar (cvar "sv_client_max_interp_ratio") (value "2")
L 07/29/2025 - 00:42:15: -------- Mapchange to c1m1_hotel --------
L 07/29/2025 - 00:44:53: SourceMod log file session started (file "/home/steam/game_server/Left_4_Dead_2/left4dead2/addons/sourcemod/logs/L20250729.log") (Version "1.12.0.7207")
L 07/29/2025 - 00:44:53: [basecommands.smx] "Console<0><Console><Console>" changed cvar (cvar "hostname") (value "")
L 07/29/2025 - 00:44:53: [basecommands.smx] "Console<0><Console><Console>" changed cvar (cvar "z_difficulty") (value "hard")
L 07/29/2025 - 00:44:53: [basecommands.smx] "Console<0><Console><Console>" changed cvar (cvar "survivor_friendly_fire_factor_hard") (value "0.2")
L 07/29/2025 - 00:44:53: [basecommands.smx] "Console<0><Console><Console>" changed cvar (cvar "survivor_burn_factor_hard") (value "0.5")
L 07/29/2025 - 00:44:53: [basecommands.smx] "Console<0><Console><Console>" changed cvar (cvar "fps_max") (value "144")
L 07/29/2025 - 00:44:53: [basecommands.smx] "Console<0><Console><Console>" changed cvar (cvar "net_splitpacket_maxrate") (value "32000")
L 07/29/2025 - 00:44:53: [basecommands.smx] "Console<0><Console><Console>" changed cvar (cvar "nb_update_frequency") (value "0.024")
L 07/29/2025 - 00:44:53: [basecommands.smx] "Console<0><Console><Console>" changed cvar (cvar "sv_minrate") (value "64000")
L 07/29/2025 - 00:44:53: [basecommands.smx] "Console<0><Console><Console>" changed cvar (cvar "sv_maxrate") (value "64000")
L 07/29/2025 - 00:44:53: [basecommands.smx] "Console<0><Console><Console>" changed cvar (cvar "sv_mincmdrate") (value "64")
L 07/29/2025 - 00:44:53: [basecommands.smx] "Console<0><Console><Console>" changed cvar (cvar "sv_maxcmdrate") (value "64")
L 07/29/2025 - 00:44:53: [basecommands.smx] "Console<0><Console><Console>" changed cvar (cvar "sv_minupdaterate") (value "64")
L 07/29/2025 - 00:44:53: [basecommands.smx] "Console<0><Console><Console>" changed cvar (cvar "sv_maxupdaterate") (value "64")
L 07/29/2025 - 00:44:53: [basecommands.smx] "Console<0><Console><Console>" changed cvar (cvar "sv_client_min_interp_ratio") (value "-1")
L 07/29/2025 - 00:44:53: [basecommands.smx] "Console<0><Console><Console>" changed cvar (cvar "sv_client_max_interp_ratio") (value "2")
L 07/29/2025 - 00:45:06: -------- Mapchange to lost_map1 --------
L 07/29/2025 - 00:45:08: [basecommands.smx] "Console<0><Console><Console>" changed cvar (cvar "hostname") (value "")
L 07/29/2025 - 00:45:08: [basecommands.smx] "Console<0><Console><Console>" changed cvar (cvar "z_difficulty") (value "hard")
L 07/29/2025 - 00:45:08: [basecommands.smx] "Console<0><Console><Console>" changed cvar (cvar "survivor_friendly_fire_factor_hard") (value "0.2")
L 07/29/2025 - 00:45:08: [basecommands.smx] "Console<0><Console><Console>" changed cvar (cvar "survivor_burn_factor_hard") (value "0.5")
L 07/29/2025 - 00:45:08: [basecommands.smx] "Console<0><Console><Console>" changed cvar (cvar "fps_max") (value "144")
L 07/29/2025 - 00:45:08: [basecommands.smx] "Console<0><Console><Console>" changed cvar (cvar "net_splitpacket_maxrate") (value "32000")
L 07/29/2025 - 00:45:08: [basecommands.smx] "Console<0><Console><Console>" changed cvar (cvar "nb_update_frequency") (value "0.024")
L 07/29/2025 - 00:45:08: [basecommands.smx] "Console<0><Console><Console>" changed cvar (cvar "sv_minrate") (value "64000")
L 07/29/2025 - 00:45:08: [basecommands.smx] "Console<0><Console><Console>" changed cvar (cvar "sv_maxrate") (value "64000")
L 07/29/2025 - 00:45:08: [basecommands.smx] "Console<0><Console><Console>" changed cvar (cvar "sv_mincmdrate") (value "64")
L 07/29/2025 - 00:45:08: [basecommands.smx] "Console<0><Console><Console>" changed cvar (cvar "sv_maxcmdrate") (value "64")
L 07/29/2025 - 00:45:08: [basecommands.smx] "Console<0><Console><Console>" changed cvar (cvar "sv_minupdaterate") (value "64")
L 07/29/2025 - 00:45:08: [basecommands.smx] "Console<0><Console><Console>" changed cvar (cvar "sv_maxupdaterate") (value "64")
L 07/29/2025 - 00:45:08: [basecommands.smx] "Console<0><Console><Console>" changed cvar (cvar "sv_client_min_interp_ratio") (value "-1")
L 07/29/2025 - 00:45:08: [basecommands.smx] "Console<0><Console><Console>" changed cvar (cvar "sv_client_max_interp_ratio") (value "2")
L 07/29/2025 - 00:48:52: -------- Mapchange to lost_map2 --------
L 07/29/2025 - 00:48:54: [basecommands.smx] "Console<0><Console><Console>" changed cvar (cvar "hostname") (value "")
L 07/29/2025 - 00:48:54: [basecommands.smx] "Console<0><Console><Console>" changed cvar (cvar "z_difficulty") (value "hard")
L 07/29/2025 - 00:48:54: [basecommands.smx] "Console<0><Console><Console>" changed cvar (cvar "survivor_friendly_fire_factor_hard") (value "0.2")
L 07/29/2025 - 00:48:54: [basecommands.smx] "Console<0><Console><Console>" changed cvar (cvar "survivor_burn_factor_hard") (value "0.5")
L 07/29/2025 - 00:48:54: [basecommands.smx] "Console<0><Console><Console>" changed cvar (cvar "fps_max") (value "144")
L 07/29/2025 - 00:48:54: [basecommands.smx] "Console<0><Console><Console>" changed cvar (cvar "net_splitpacket_maxrate") (value "32000")
L 07/29/2025 - 00:48:54: [basecommands.smx] "Console<0><Console><Console>" changed cvar (cvar "nb_update_frequency") (value "0.024")
L 07/29/2025 - 00:48:54: [basecommands.smx] "Console<0><Console><Console>" changed cvar (cvar "sv_minrate") (value "64000")
L 07/29/2025 - 00:48:54: [basecommands.smx] "Console<0><Console><Console>" changed cvar (cvar "sv_maxrate") (value "64000")
L 07/29/2025 - 00:48:54: [basecommands.smx] "Console<0><Console><Console>" changed cvar (cvar "sv_mincmdrate") (value "64")
L 07/29/2025 - 00:48:54: [basecommands.smx] "Console<0><Console><Console>" changed cvar (cvar "sv_maxcmdrate") (value "64")
L 07/29/2025 - 00:48:54: [basecommands.smx] "Console<0><Console><Console>" changed cvar (cvar "sv_minupdaterate") (value "64")
L 07/29/2025 - 00:48:54: [basecommands.smx] "Console<0><Console><Console>" changed cvar (cvar "sv_maxupdaterate") (value "64")
L 07/29/2025 - 00:48:54: [basecommands.smx] "Console<0><Console><Console>" changed cvar (cvar "sv_client_min_interp_ratio") (value "-1")
L 07/29/2025 - 00:48:54: [basecommands.smx] "Console<0><Console><Console>" changed cvar (cvar "sv_client_max_interp_ratio") (value "2")
L 07/29/2025 - 01:00:55: -------- Mapchange to lost_map3 --------
L 07/29/2025 - 01:00:57: [basecommands.smx] "Console<0><Console><Console>" changed cvar (cvar "hostname") (value "")
L 07/29/2025 - 01:00:57: [basecommands.smx] "Console<0><Console><Console>" changed cvar (cvar "z_difficulty") (value "hard")
L 07/29/2025 - 01:00:57: [basecommands.smx] "Console<0><Console><Console>" changed cvar (cvar "survivor_friendly_fire_factor_hard") (value "0.2")
L 07/29/2025 - 01:00:57: [basecommands.smx] "Console<0><Console><Console>" changed cvar (cvar "survivor_burn_factor_hard") (value "0.5")
L 07/29/2025 - 01:00:57: [basecommands.smx] "Console<0><Console><Console>" changed cvar (cvar "fps_max") (value "144")
L 07/29/2025 - 01:00:57: [basecommands.smx] "Console<0><Console><Console>" changed cvar (cvar "net_splitpacket_maxrate") (value "32000")
L 07/29/2025 - 01:00:57: [basecommands.smx] "Console<0><Console><Console>" changed cvar (cvar "nb_update_frequency") (value "0.024")
L 07/29/2025 - 01:00:57: [basecommands.smx] "Console<0><Console><Console>" changed cvar (cvar "sv_minrate") (value "64000")
L 07/29/2025 - 01:00:57: [basecommands.smx] "Console<0><Console><Console>" changed cvar (cvar "sv_maxrate") (value "64000")
L 07/29/2025 - 01:00:57: [basecommands.smx] "Console<0><Console><Console>" changed cvar (cvar "sv_mincmdrate") (value "64")
L 07/29/2025 - 01:00:57: [basecommands.smx] "Console<0><Console><Console>" changed cvar (cvar "sv_maxcmdrate") (value "64")
L 07/29/2025 - 01:00:57: [basecommands.smx] "Console<0><Console><Console>" changed cvar (cvar "sv_minupdaterate") (value "64")
L 07/29/2025 - 01:00:57: [basecommands.smx] "Console<0><Console><Console>" changed cvar (cvar "sv_maxupdaterate") (value "64")
L 07/29/2025 - 01:00:57: [basecommands.smx] "Console<0><Console><Console>" changed cvar (cvar "sv_client_min_interp_ratio") (value "-1")
L 07/29/2025 - 01:00:57: [basecommands.smx] "Console<0><Console><Console>" changed cvar (cvar "sv_client_max_interp_ratio") (value "2")
L 07/29/2025 - 01:11:41: -------- Mapchange to lost_map1 --------
L 07/29/2025 - 01:11:42: [basecommands.smx] "Console<0><Console><Console>" changed cvar (cvar "hostname") (value "")
L 07/29/2025 - 01:11:42: [basecommands.smx] "Console<0><Console><Console>" changed cvar (cvar "z_difficulty") (value "hard")
L 07/29/2025 - 01:11:42: [basecommands.smx] "Console<0><Console><Console>" changed cvar (cvar "survivor_friendly_fire_factor_hard") (value "0.2")
L 07/29/2025 - 01:11:42: [basecommands.smx] "Console<0><Console><Console>" changed cvar (cvar "survivor_burn_factor_hard") (value "0.5")
L 07/29/2025 - 01:11:42: [basecommands.smx] "Console<0><Console><Console>" changed cvar (cvar "fps_max") (value "144")
L 07/29/2025 - 01:11:42: [basecommands.smx] "Console<0><Console><Console>" changed cvar (cvar "net_splitpacket_maxrate") (value "32000")
L 07/29/2025 - 01:11:42: [basecommands.smx] "Console<0><Console><Console>" changed cvar (cvar "nb_update_frequency") (value "0.024")
L 07/29/2025 - 01:11:42: [basecommands.smx] "Console<0><Console><Console>" changed cvar (cvar "sv_minrate") (value "64000")
L 07/29/2025 - 01:11:42: [basecommands.smx] "Console<0><Console><Console>" changed cvar (cvar "sv_maxrate") (value "64000")
L 07/29/2025 - 01:11:42: [basecommands.smx] "Console<0><Console><Console>" changed cvar (cvar "sv_mincmdrate") (value "64")
L 07/29/2025 - 01:11:42: [basecommands.smx] "Console<0><Console><Console>" changed cvar (cvar "sv_maxcmdrate") (value "64")
L 07/29/2025 - 01:11:42: [basecommands.smx] "Console<0><Console><Console>" changed cvar (cvar "sv_minupdaterate") (value "64")
L 07/29/2025 - 01:11:42: [basecommands.smx] "Console<0><Console><Console>" changed cvar (cvar "sv_maxupdaterate") (value "64")
L 07/29/2025 - 01:11:42: [basecommands.smx] "Console<0><Console><Console>" changed cvar (cvar "sv_client_min_interp_ratio") (value "-1")
L 07/29/2025 - 01:11:42: [basecommands.smx] "Console<0><Console><Console>" changed cvar (cvar "sv_client_max_interp_ratio") (value "2")
L 07/29/2025 - 01:11:51: Log file closed.
L 07/29/2025 - 01:20:28: SourceMod log file session started (file "/home/steam/game_server/Left_4_Dead_2/left4dead2/addons/sourcemod/logs/L20250729.log") (Version "1.12.0.7207")
L 07/29/2025 - 01:20:28: [basecommands.smx] "Console<0><Console><Console>" changed cvar (cvar "hostname") (value "")
L 07/29/2025 - 01:20:28: [basecommands.smx] "Console<0><Console><Console>" changed cvar (cvar "z_difficulty") (value "hard")
L 07/29/2025 - 01:20:28: [basecommands.smx] "Console<0><Console><Console>" changed cvar (cvar "survivor_friendly_fire_factor_hard") (value "0.2")
L 07/29/2025 - 01:20:28: [basecommands.smx] "Console<0><Console><Console>" changed cvar (cvar "survivor_burn_factor_hard") (value "0.5")
L 07/29/2025 - 01:20:28: [basecommands.smx] "Console<0><Console><Console>" changed cvar (cvar "fps_max") (value "144")
L 07/29/2025 - 01:20:28: [basecommands.smx] "Console<0><Console><Console>" changed cvar (cvar "net_splitpacket_maxrate") (value "32000")
L 07/29/2025 - 01:20:28: [basecommands.smx] "Console<0><Console><Console>" changed cvar (cvar "nb_update_frequency") (value "0.024")
L 07/29/2025 - 01:20:28: [basecommands.smx] "Console<0><Console><Console>" changed cvar (cvar "sv_minrate") (value "64000")
L 07/29/2025 - 01:20:28: [basecommands.smx] "Console<0><Console><Console>" changed cvar (cvar "sv_maxrate") (value "64000")
L 07/29/2025 - 01:20:28: [basecommands.smx] "Console<0><Console><Console>" changed cvar (cvar "sv_mincmdrate") (value "64")
L 07/29/2025 - 01:20:28: [basecommands.smx] "Console<0><Console><Console>" changed cvar (cvar "sv_maxcmdrate") (value "64")
L 07/29/2025 - 01:20:28: [basecommands.smx] "Console<0><Console><Console>" changed cvar (cvar "sv_minupdaterate") (value "64")
L 07/29/2025 - 01:20:28: [basecommands.smx] "Console<0><Console><Console>" changed cvar (cvar "sv_maxupdaterate") (value "64")
L 07/29/2025 - 01:20:28: [basecommands.smx] "Console<0><Console><Console>" changed cvar (cvar "sv_client_min_interp_ratio") (value "-1")
L 07/29/2025 - 01:20:28: [basecommands.smx] "Console<0><Console><Console>" changed cvar (cvar "sv_client_max_interp_ratio") (value "2")
L 07/29/2025 - 01:22:01: -------- Mapchange to c1m2_streets --------
L 07/29/2025 - 01:22:03: [basecommands.smx] "Console<0><Console><Console>" changed cvar (cvar "hostname") (value "")
L 07/29/2025 - 01:22:03: [basecommands.smx] "Console<0><Console><Console>" changed cvar (cvar "z_difficulty") (value "hard")
L 07/29/2025 - 01:22:03: [basecommands.smx] "Console<0><Console><Console>" changed cvar (cvar "survivor_friendly_fire_factor_hard") (value "0.2")
L 07/29/2025 - 01:22:03: [basecommands.smx] "Console<0><Console><Console>" changed cvar (cvar "survivor_burn_factor_hard") (value "0.5")
L 07/29/2025 - 01:22:03: [basecommands.smx] "Console<0><Console><Console>" changed cvar (cvar "fps_max") (value "144")
L 07/29/2025 - 01:22:03: [basecommands.smx] "Console<0><Console><Console>" changed cvar (cvar "net_splitpacket_maxrate") (value "32000")
L 07/29/2025 - 01:22:03: [basecommands.smx] "Console<0><Console><Console>" changed cvar (cvar "nb_update_frequency") (value "0.024")
L 07/29/2025 - 01:22:03: [basecommands.smx] "Console<0><Console><Console>" changed cvar (cvar "sv_minrate") (value "64000")
L 07/29/2025 - 01:22:03: [basecommands.smx] "Console<0><Console><Console>" changed cvar (cvar "sv_maxrate") (value "64000")
L 07/29/2025 - 01:22:03: [basecommands.smx] "Console<0><Console><Console>" changed cvar (cvar "sv_mincmdrate") (value "64")
L 07/29/2025 - 01:22:03: [basecommands.smx] "Console<0><Console><Console>" changed cvar (cvar "sv_maxcmdrate") (value "64")
L 07/29/2025 - 01:22:03: [basecommands.smx] "Console<0><Console><Console>" changed cvar (cvar "sv_minupdaterate") (value "64")
L 07/29/2025 - 01:22:03: [basecommands.smx] "Console<0><Console><Console>" changed cvar (cvar "sv_maxupdaterate") (value "64")
L 07/29/2025 - 01:22:03: [basecommands.smx] "Console<0><Console><Console>" changed cvar (cvar "sv_client_min_interp_ratio") (value "-1")
L 07/29/2025 - 01:22:03: [basecommands.smx] "Console<0><Console><Console>" changed cvar (cvar "sv_client_max_interp_ratio") (value "2")
L 07/29/2025 - 01:22:26: SourceMod log file session started (file "/home/steam/game_server/Left_4_Dead_2/left4dead2/addons/sourcemod/logs/L20250729.log") (Version "1.12.0.7207")
L 07/29/2025 - 01:22:26: [basecommands.smx] "Console<0><Console><Console>" changed cvar (cvar "hostname") (value "")
L 07/29/2025 - 01:22:26: [basecommands.smx] "Console<0><Console><Console>" changed cvar (cvar "z_difficulty") (value "hard")
L 07/29/2025 - 01:22:26: [basecommands.smx] "Console<0><Console><Console>" changed cvar (cvar "survivor_friendly_fire_factor_hard") (value "0.2")
L 07/29/2025 - 01:22:26: [basecommands.smx] "Console<0><Console><Console>" changed cvar (cvar "survivor_burn_factor_hard") (value "0.5")
L 07/29/2025 - 01:22:26: [basecommands.smx] "Console<0><Console><Console>" changed cvar (cvar "fps_max") (value "144")
L 07/29/2025 - 01:22:26: [basecommands.smx] "Console<0><Console><Console>" changed cvar (cvar "net_splitpacket_maxrate") (value "32000")
L 07/29/2025 - 01:22:26: [basecommands.smx] "Console<0><Console><Console>" changed cvar (cvar "nb_update_frequency") (value "0.024")
L 07/29/2025 - 01:22:26: [basecommands.smx] "Console<0><Console><Console>" changed cvar (cvar "sv_minrate") (value "64000")
L 07/29/2025 - 01:22:26: [basecommands.smx] "Console<0><Console><Console>" changed cvar (cvar "sv_maxrate") (value "64000")
L 07/29/2025 - 01:22:26: [basecommands.smx] "Console<0><Console><Console>" changed cvar (cvar "sv_mincmdrate") (value "64")
L 07/29/2025 - 01:22:26: [basecommands.smx] "Console<0><Console><Console>" changed cvar (cvar "sv_maxcmdrate") (value "64")
L 07/29/2025 - 01:22:26: [basecommands.smx] "Console<0><Console><Console>" changed cvar (cvar "sv_minupdaterate") (value "64")
L 07/29/2025 - 01:22:26: [basecommands.smx] "Console<0><Console><Console>" changed cvar (cvar "sv_maxupdaterate") (value "64")
L 07/29/2025 - 01:22:26: [basecommands.smx] "Console<0><Console><Console>" changed cvar (cvar "sv_client_min_interp_ratio") (value "-1")
L 07/29/2025 - 01:22:26: [basecommands.smx] "Console<0><Console><Console>" changed cvar (cvar "sv_client_max_interp_ratio") (value "2")
L 07/29/2025 - 01:25:03: -------- Mapchange to c1m1_hotel --------
L 07/29/2025 - 01:25:04: [basecommands.smx] "Console<0><Console><Console>" changed cvar (cvar "hostname") (value "")
L 07/29/2025 - 01:25:04: [basecommands.smx] "Console<0><Console><Console>" changed cvar (cvar "z_difficulty") (value "hard")
L 07/29/2025 - 01:25:04: [basecommands.smx] "Console<0><Console><Console>" changed cvar (cvar "survivor_friendly_fire_factor_hard") (value "0.2")
L 07/29/2025 - 01:25:04: [basecommands.smx] "Console<0><Console><Console>" changed cvar (cvar "survivor_burn_factor_hard") (value "0.5")
L 07/29/2025 - 01:25:04: [basecommands.smx] "Console<0><Console><Console>" changed cvar (cvar "fps_max") (value "144")
L 07/29/2025 - 01:25:04: [basecommands.smx] "Console<0><Console><Console>" changed cvar (cvar "net_splitpacket_maxrate") (value "32000")
L 07/29/2025 - 01:25:04: [basecommands.smx] "Console<0><Console><Console>" changed cvar (cvar "nb_update_frequency") (value "0.024")
L 07/29/2025 - 01:25:04: [basecommands.smx] "Console<0><Console><Console>" changed cvar (cvar "sv_minrate") (value "64000")
L 07/29/2025 - 01:25:04: [basecommands.smx] "Console<0><Console><Console>" changed cvar (cvar "sv_maxrate") (value "64000")
L 07/29/2025 - 01:25:04: [basecommands.smx] "Console<0><Console><Console>" changed cvar (cvar "sv_mincmdrate") (value "64")
L 07/29/2025 - 01:25:04: [basecommands.smx] "Console<0><Console><Console>" changed cvar (cvar "sv_maxcmdrate") (value "64")
L 07/29/2025 - 01:25:04: [basecommands.smx] "Console<0><Console><Console>" changed cvar (cvar "sv_minupdaterate") (value "64")
L 07/29/2025 - 01:25:04: [basecommands.smx] "Console<0><Console><Console>" changed cvar (cvar "sv_maxupdaterate") (value "64")
L 07/29/2025 - 01:25:04: [basecommands.smx] "Console<0><Console><Console>" changed cvar (cvar "sv_client_min_interp_ratio") (value "-1")
L 07/29/2025 - 01:25:04: [basecommands.smx] "Console<0><Console><Console>" changed cvar (cvar "sv_client_max_interp_ratio") (value "2")
L 07/29/2025 - 01:32:23: SourceMod log file session started (file "/home/steam/game_server/Left_4_Dead_2/left4dead2/addons/sourcemod/logs/L20250729.log") (Version "1.12.0.7207")
L 07/29/2025 - 01:32:23: [basecommands.smx] "Console<0><Console><Console>" changed cvar (cvar "hostname") (value "")
L 07/29/2025 - 01:32:23: [basecommands.smx] "Console<0><Console><Console>" changed cvar (cvar "z_difficulty") (value "hard")
L 07/29/2025 - 01:32:23: [basecommands.smx] "Console<0><Console><Console>" changed cvar (cvar "survivor_friendly_fire_factor_hard") (value "0.2")
L 07/29/2025 - 01:32:23: [basecommands.smx] "Console<0><Console><Console>" changed cvar (cvar "survivor_burn_factor_hard") (value "0.5")
L 07/29/2025 - 01:32:23: [basecommands.smx] "Console<0><Console><Console>" changed cvar (cvar "fps_max") (value "144")
L 07/29/2025 - 01:32:23: [basecommands.smx] "Console<0><Console><Console>" changed cvar (cvar "net_splitpacket_maxrate") (value "32000")
L 07/29/2025 - 01:32:23: [basecommands.smx] "Console<0><Console><Console>" changed cvar (cvar "nb_update_frequency") (value "0.024")
L 07/29/2025 - 01:32:23: [basecommands.smx] "Console<0><Console><Console>" changed cvar (cvar "sv_minrate") (value "64000")
L 07/29/2025 - 01:32:23: [basecommands.smx] "Console<0><Console><Console>" changed cvar (cvar "sv_maxrate") (value "64000")
L 07/29/2025 - 01:32:23: [basecommands.smx] "Console<0><Console><Console>" changed cvar (cvar "sv_mincmdrate") (value "64")
L 07/29/2025 - 01:32:23: [basecommands.smx] "Console<0><Console><Console>" changed cvar (cvar "sv_maxcmdrate") (value "64")
L 07/29/2025 - 01:32:23: [basecommands.smx] "Console<0><Console><Console>" changed cvar (cvar "sv_minupdaterate") (value "64")
L 07/29/2025 - 01:32:23: [basecommands.smx] "Console<0><Console><Console>" changed cvar (cvar "sv_maxupdaterate") (value "64")
L 07/29/2025 - 01:32:23: [basecommands.smx] "Console<0><Console><Console>" changed cvar (cvar "sv_client_min_interp_ratio") (value "-1")
L 07/29/2025 - 01:32:23: [basecommands.smx] "Console<0><Console><Console>" changed cvar (cvar "sv_client_max_interp_ratio") (value "2")
L 07/29/2025 - 01:32:48: SourceMod log file session started (file "/home/steam/game_server/Left_4_Dead_2/left4dead2/addons/sourcemod/logs/L20250729.log") (Version "1.12.0.7207")
L 07/29/2025 - 01:32:48: [basecommands.smx] "Console<0><Console><Console>" changed cvar (cvar "hostname") (value "")
L 07/29/2025 - 01:32:48: [basecommands.smx] "Console<0><Console><Console>" changed cvar (cvar "z_difficulty") (value "hard")
L 07/29/2025 - 01:32:48: [basecommands.smx] "Console<0><Console><Console>" changed cvar (cvar "survivor_friendly_fire_factor_hard") (value "0.2")
L 07/29/2025 - 01:32:48: [basecommands.smx] "Console<0><Console><Console>" changed cvar (cvar "survivor_burn_factor_hard") (value "0.5")
L 07/29/2025 - 01:32:48: [basecommands.smx] "Console<0><Console><Console>" changed cvar (cvar "fps_max") (value "144")
L 07/29/2025 - 01:32:48: [basecommands.smx] "Console<0><Console><Console>" changed cvar (cvar "net_splitpacket_maxrate") (value "32000")
L 07/29/2025 - 01:32:48: [basecommands.smx] "Console<0><Console><Console>" changed cvar (cvar "nb_update_frequency") (value "0.024")
L 07/29/2025 - 01:32:48: [basecommands.smx] "Console<0><Console><Console>" changed cvar (cvar "sv_minrate") (value "64000")
L 07/29/2025 - 01:32:48: [basecommands.smx] "Console<0><Console><Console>" changed cvar (cvar "sv_maxrate") (value "64000")
L 07/29/2025 - 01:32:48: [basecommands.smx] "Console<0><Console><Console>" changed cvar (cvar "sv_mincmdrate") (value "64")
L 07/29/2025 - 01:32:48: [basecommands.smx] "Console<0><Console><Console>" changed cvar (cvar "sv_maxcmdrate") (value "64")
L 07/29/2025 - 01:32:48: [basecommands.smx] "Console<0><Console><Console>" changed cvar (cvar "sv_minupdaterate") (value "64")
L 07/29/2025 - 01:32:48: [basecommands.smx] "Console<0><Console><Console>" changed cvar (cvar "sv_maxupdaterate") (value "64")
L 07/29/2025 - 01:32:48: [basecommands.smx] "Console<0><Console><Console>" changed cvar (cvar "sv_client_min_interp_ratio") (value "-1")
L 07/29/2025 - 01:32:48: [basecommands.smx] "Console<0><Console><Console>" changed cvar (cvar "sv_client_max_interp_ratio") (value "2")
L 07/29/2025 - 01:42:22: SourceMod log file session started (file "/home/steam/game_server/Left_4_Dead_2/left4dead2/addons/sourcemod/logs/L20250729.log") (Version "1.12.0.7207")
L 07/29/2025 - 01:42:22: [basecommands.smx] "Console<0><Console><Console>" changed cvar (cvar "hostname") (value "")
L 07/29/2025 - 01:42:22: [basecommands.smx] "Console<0><Console><Console>" changed cvar (cvar "z_difficulty") (value "hard")
L 07/29/2025 - 01:42:22: [basecommands.smx] "Console<0><Console><Console>" changed cvar (cvar "survivor_friendly_fire_factor_hard") (value "0.2")
L 07/29/2025 - 01:42:22: [basecommands.smx] "Console<0><Console><Console>" changed cvar (cvar "survivor_burn_factor_hard") (value "0.5")
L 07/29/2025 - 01:42:22: [basecommands.smx] "Console<0><Console><Console>" changed cvar (cvar "fps_max") (value "144")
L 07/29/2025 - 01:42:22: [basecommands.smx] "Console<0><Console><Console>" changed cvar (cvar "net_splitpacket_maxrate") (value "32000")
L 07/29/2025 - 01:42:22: [basecommands.smx] "Console<0><Console><Console>" changed cvar (cvar "nb_update_frequency") (value "0.024")
L 07/29/2025 - 01:42:22: [basecommands.smx] "Console<0><Console><Console>" changed cvar (cvar "sv_minrate") (value "64000")
L 07/29/2025 - 01:42:22: [basecommands.smx] "Console<0><Console><Console>" changed cvar (cvar "sv_maxrate") (value "64000")
L 07/29/2025 - 01:42:22: [basecommands.smx] "Console<0><Console><Console>" changed cvar (cvar "sv_mincmdrate") (value "64")
L 07/29/2025 - 01:42:22: [basecommands.smx] "Console<0><Console><Console>" changed cvar (cvar "sv_maxcmdrate") (value "64")
L 07/29/2025 - 01:42:22: [basecommands.smx] "Console<0><Console><Console>" changed cvar (cvar "sv_minupdaterate") (value "64")
L 07/29/2025 - 01:42:22: [basecommands.smx] "Console<0><Console><Console>" changed cvar (cvar "sv_maxupdaterate") (value "64")
L 07/29/2025 - 01:42:22: [basecommands.smx] "Console<0><Console><Console>" changed cvar (cvar "sv_client_min_interp_ratio") (value "-1")
L 07/29/2025 - 01:42:22: [basecommands.smx] "Console<0><Console><Console>" changed cvar (cvar "sv_client_max_interp_ratio") (value "2")
L 07/29/2025 - 01:46:46: SourceMod log file session started (file "/home/steam/game_server/Left_4_Dead_2/left4dead2/addons/sourcemod/logs/L20250729.log") (Version "1.12.0.7207")
L 07/29/2025 - 01:46:46: [basecommands.smx] "Console<0><Console><Console>" changed cvar (cvar "hostname") (value "")
L 07/29/2025 - 01:46:46: [basecommands.smx] "Console<0><Console><Console>" changed cvar (cvar "z_difficulty") (value "hard")
L 07/29/2025 - 01:46:46: [basecommands.smx] "Console<0><Console><Console>" changed cvar (cvar "survivor_friendly_fire_factor_hard") (value "0.2")
L 07/29/2025 - 01:46:46: [basecommands.smx] "Console<0><Console><Console>" changed cvar (cvar "survivor_burn_factor_hard") (value "0.5")
L 07/29/2025 - 01:46:46: [basecommands.smx] "Console<0><Console><Console>" changed cvar (cvar "fps_max") (value "144")
L 07/29/2025 - 01:46:46: [basecommands.smx] "Console<0><Console><Console>" changed cvar (cvar "net_splitpacket_maxrate") (value "32000")
L 07/29/2025 - 01:46:46: [basecommands.smx] "Console<0><Console><Console>" changed cvar (cvar "nb_update_frequency") (value "0.024")
L 07/29/2025 - 01:46:46: [basecommands.smx] "Console<0><Console><Console>" changed cvar (cvar "sv_minrate") (value "64000")
L 07/29/2025 - 01:46:46: [basecommands.smx] "Console<0><Console><Console>" changed cvar (cvar "sv_maxrate") (value "64000")
L 07/29/2025 - 01:46:46: [basecommands.smx] "Console<0><Console><Console>" changed cvar (cvar "sv_mincmdrate") (value "64")
L 07/29/2025 - 01:46:46: [basecommands.smx] "Console<0><Console><Console>" changed cvar (cvar "sv_maxcmdrate") (value "64")
L 07/29/2025 - 01:46:46: [basecommands.smx] "Console<0><Console><Console>" changed cvar (cvar "sv_minupdaterate") (value "64")
L 07/29/2025 - 01:46:46: [basecommands.smx] "Console<0><Console><Console>" changed cvar (cvar "sv_maxupdaterate") (value "64")
L 07/29/2025 - 01:46:46: [basecommands.smx] "Console<0><Console><Console>" changed cvar (cvar "sv_client_min_interp_ratio") (value "-1")
L 07/29/2025 - 01:46:46: [basecommands.smx] "Console<0><Console><Console>" changed cvar (cvar "sv_client_max_interp_ratio") (value "2")
L 07/29/2025 - 01:50:05: SourceMod log file session started (file "/home/steam/game_server/Left_4_Dead_2/left4dead2/addons/sourcemod/logs/L20250729.log") (Version "1.12.0.7207")
L 07/29/2025 - 01:50:05: [basecommands.smx] "Console<0><Console><Console>" changed cvar (cvar "hostname") (value "")
L 07/29/2025 - 01:50:05: [basecommands.smx] "Console<0><Console><Console>" changed cvar (cvar "z_difficulty") (value "hard")
L 07/29/2025 - 01:50:05: [basecommands.smx] "Console<0><Console><Console>" changed cvar (cvar "survivor_friendly_fire_factor_hard") (value "0.2")
L 07/29/2025 - 01:50:05: [basecommands.smx] "Console<0><Console><Console>" changed cvar (cvar "survivor_burn_factor_hard") (value "0.5")
L 07/29/2025 - 01:50:05: [basecommands.smx] "Console<0><Console><Console>" changed cvar (cvar "fps_max") (value "144")
L 07/29/2025 - 01:50:05: [basecommands.smx] "Console<0><Console><Console>" changed cvar (cvar "net_splitpacket_maxrate") (value "32000")
L 07/29/2025 - 01:50:05: [basecommands.smx] "Console<0><Console><Console>" changed cvar (cvar "nb_update_frequency") (value "0.024")
L 07/29/2025 - 01:50:05: [basecommands.smx] "Console<0><Console><Console>" changed cvar (cvar "sv_minrate") (value "64000")
L 07/29/2025 - 01:50:05: [basecommands.smx] "Console<0><Console><Console>" changed cvar (cvar "sv_maxrate") (value "64000")
L 07/29/2025 - 01:50:05: [basecommands.smx] "Console<0><Console><Console>" changed cvar (cvar "sv_mincmdrate") (value "64")
L 07/29/2025 - 01:50:05: [basecommands.smx] "Console<0><Console><Console>" changed cvar (cvar "sv_maxcmdrate") (value "64")
L 07/29/2025 - 01:50:05: [basecommands.smx] "Console<0><Console><Console>" changed cvar (cvar "sv_minupdaterate") (value "64")
L 07/29/2025 - 01:50:05: [basecommands.smx] "Console<0><Console><Console>" changed cvar (cvar "sv_maxupdaterate") (value "64")
L 07/29/2025 - 01:50:05: [basecommands.smx] "Console<0><Console><Console>" changed cvar (cvar "sv_client_min_interp_ratio") (value "-1")
L 07/29/2025 - 01:50:05: [basecommands.smx] "Console<0><Console><Console>" changed cvar (cvar "sv_client_max_interp_ratio") (value "2")
L 07/29/2025 - 01:58:54: SourceMod log file session started (file "/home/steam/game_server/Left_4_Dead_2/left4dead2/addons/sourcemod/logs/L20250729.log") (Version "1.12.0.7207")
L 07/29/2025 - 01:58:54: [basecommands.smx] "Console<0><Console><Console>" changed cvar (cvar "hostname") (value "")
L 07/29/2025 - 01:58:54: [basecommands.smx] "Console<0><Console><Console>" changed cvar (cvar "z_difficulty") (value "hard")
L 07/29/2025 - 01:58:54: [basecommands.smx] "Console<0><Console><Console>" changed cvar (cvar "survivor_friendly_fire_factor_hard") (value "0.2")
L 07/29/2025 - 01:58:54: [basecommands.smx] "Console<0><Console><Console>" changed cvar (cvar "survivor_burn_factor_hard") (value "0.5")
L 07/29/2025 - 01:58:54: [basecommands.smx] "Console<0><Console><Console>" changed cvar (cvar "fps_max") (value "144")
L 07/29/2025 - 01:58:54: [basecommands.smx] "Console<0><Console><Console>" changed cvar (cvar "net_splitpacket_maxrate") (value "32000")
L 07/29/2025 - 01:58:54: [basecommands.smx] "Console<0><Console><Console>" changed cvar (cvar "nb_update_frequency") (value "0.024")
L 07/29/2025 - 01:58:54: [basecommands.smx] "Console<0><Console><Console>" changed cvar (cvar "sv_minrate") (value "64000")
L 07/29/2025 - 01:58:54: [basecommands.smx] "Console<0><Console><Console>" changed cvar (cvar "sv_maxrate") (value "64000")
L 07/29/2025 - 01:58:54: [basecommands.smx] "Console<0><Console><Console>" changed cvar (cvar "sv_mincmdrate") (value "64")
L 07/29/2025 - 01:58:54: [basecommands.smx] "Console<0><Console><Console>" changed cvar (cvar "sv_maxcmdrate") (value "64")
L 07/29/2025 - 01:58:54: [basecommands.smx] "Console<0><Console><Console>" changed cvar (cvar "sv_minupdaterate") (value "64")
L 07/29/2025 - 01:58:54: [basecommands.smx] "Console<0><Console><Console>" changed cvar (cvar "sv_maxupdaterate") (value "64")
L 07/29/2025 - 01:58:54: [basecommands.smx] "Console<0><Console><Console>" changed cvar (cvar "sv_client_min_interp_ratio") (value "-1")
L 07/29/2025 - 01:58:54: [basecommands.smx] "Console<0><Console><Console>" changed cvar (cvar "sv_client_max_interp_ratio") (value "2")
L 07/29/2025 - 02:20:57: -------- Mapchange to tumtara_infected --------
L 07/29/2025 - 02:21:00: [basecommands.smx] "Console<0><Console><Console>" changed cvar (cvar "hostname") (value "")
L 07/29/2025 - 02:21:00: [basecommands.smx] "Console<0><Console><Console>" changed cvar (cvar "z_difficulty") (value "hard")
L 07/29/2025 - 02:21:00: [basecommands.smx] "Console<0><Console><Console>" changed cvar (cvar "survivor_friendly_fire_factor_hard") (value "0.2")
L 07/29/2025 - 02:21:00: [basecommands.smx] "Console<0><Console><Console>" changed cvar (cvar "survivor_burn_factor_hard") (value "0.5")
L 07/29/2025 - 02:21:00: [basecommands.smx] "Console<0><Console><Console>" changed cvar (cvar "fps_max") (value "144")
L 07/29/2025 - 02:21:00: [basecommands.smx] "Console<0><Console><Console>" changed cvar (cvar "net_splitpacket_maxrate") (value "32000")
L 07/29/2025 - 02:21:00: [basecommands.smx] "Console<0><Console><Console>" changed cvar (cvar "nb_update_frequency") (value "0.024")
L 07/29/2025 - 02:21:00: [basecommands.smx] "Console<0><Console><Console>" changed cvar (cvar "sv_minrate") (value "64000")
L 07/29/2025 - 02:21:00: [basecommands.smx] "Console<0><Console><Console>" changed cvar (cvar "sv_maxrate") (value "64000")
L 07/29/2025 - 02:21:00: [basecommands.smx] "Console<0><Console><Console>" changed cvar (cvar "sv_mincmdrate") (value "64")
L 07/29/2025 - 02:21:00: [basecommands.smx] "Console<0><Console><Console>" changed cvar (cvar "sv_maxcmdrate") (value "64")
L 07/29/2025 - 02:21:00: [basecommands.smx] "Console<0><Console><Console>" changed cvar (cvar "sv_minupdaterate") (value "64")
L 07/29/2025 - 02:21:00: [basecommands.smx] "Console<0><Console><Console>" changed cvar (cvar "sv_maxupdaterate") (value "64")
L 07/29/2025 - 02:21:00: [basecommands.smx] "Console<0><Console><Console>" changed cvar (cvar "sv_client_min_interp_ratio") (value "-1")
L 07/29/2025 - 02:21:00: [basecommands.smx] "Console<0><Console><Console>" changed cvar (cvar "sv_client_max_interp_ratio") (value "2")
L 07/29/2025 - 02:30:01: SourceMod log file session started (file "/home/steam/game_server/Left_4_Dead_2/left4dead2/addons/sourcemod/logs/L20250729.log") (Version "1.12.0.7207")
L 07/29/2025 - 02:30:01: [basecommands.smx] "Console<0><Console><Console>" changed cvar (cvar "hostname") (value "")
L 07/29/2025 - 02:30:01: [basecommands.smx] "Console<0><Console><Console>" changed cvar (cvar "z_difficulty") (value "hard")
L 07/29/2025 - 02:30:01: [basecommands.smx] "Console<0><Console><Console>" changed cvar (cvar "survivor_friendly_fire_factor_hard") (value "0.2")
L 07/29/2025 - 02:30:01: [basecommands.smx] "Console<0><Console><Console>" changed cvar (cvar "survivor_burn_factor_hard") (value "0.5")
L 07/29/2025 - 02:30:01: [basecommands.smx] "Console<0><Console><Console>" changed cvar (cvar "fps_max") (value "144")
L 07/29/2025 - 02:30:01: [basecommands.smx] "Console<0><Console><Console>" changed cvar (cvar "net_splitpacket_maxrate") (value "32000")
L 07/29/2025 - 02:30:01: [basecommands.smx] "Console<0><Console><Console>" changed cvar (cvar "nb_update_frequency") (value "0.024")
L 07/29/2025 - 02:30:01: [basecommands.smx] "Console<0><Console><Console>" changed cvar (cvar "sv_minrate") (value "64000")
L 07/29/2025 - 02:30:01: [basecommands.smx] "Console<0><Console><Console>" changed cvar (cvar "sv_maxrate") (value "64000")
L 07/29/2025 - 02:30:01: [basecommands.smx] "Console<0><Console><Console>" changed cvar (cvar "sv_mincmdrate") (value "64")
L 07/29/2025 - 02:30:01: [basecommands.smx] "Console<0><Console><Console>" changed cvar (cvar "sv_maxcmdrate") (value "64")
L 07/29/2025 - 02:30:01: [basecommands.smx] "Console<0><Console><Console>" changed cvar (cvar "sv_minupdaterate") (value "64")
L 07/29/2025 - 02:30:01: [basecommands.smx] "Console<0><Console><Console>" changed cvar (cvar "sv_maxupdaterate") (value "64")
L 07/29/2025 - 02:30:01: [basecommands.smx] "Console<0><Console><Console>" changed cvar (cvar "sv_client_min_interp_ratio") (value "-1")
L 07/29/2025 - 02:30:01: [basecommands.smx] "Console<0><Console><Console>" changed cvar (cvar "sv_client_max_interp_ratio") (value "2")
L 07/29/2025 - 02:33:54: -------- Mapchange to c1m1_hotel --------
L 07/29/2025 - 02:33:56: [basecommands.smx] "Console<0><Console><Console>" changed cvar (cvar "hostname") (value "")
L 07/29/2025 - 02:33:56: [basecommands.smx] "Console<0><Console><Console>" changed cvar (cvar "z_difficulty") (value "hard")
L 07/29/2025 - 02:33:56: [basecommands.smx] "Console<0><Console><Console>" changed cvar (cvar "survivor_friendly_fire_factor_hard") (value "0.2")
L 07/29/2025 - 02:33:56: [basecommands.smx] "Console<0><Console><Console>" changed cvar (cvar "survivor_burn_factor_hard") (value "0.5")
L 07/29/2025 - 02:33:56: [basecommands.smx] "Console<0><Console><Console>" changed cvar (cvar "fps_max") (value "144")
L 07/29/2025 - 02:33:56: [basecommands.smx] "Console<0><Console><Console>" changed cvar (cvar "net_splitpacket_maxrate") (value "32000")
L 07/29/2025 - 02:33:56: [basecommands.smx] "Console<0><Console><Console>" changed cvar (cvar "nb_update_frequency") (value "0.024")
L 07/29/2025 - 02:33:56: [basecommands.smx] "Console<0><Console><Console>" changed cvar (cvar "sv_minrate") (value "64000")
L 07/29/2025 - 02:33:56: [basecommands.smx] "Console<0><Console><Console>" changed cvar (cvar "sv_maxrate") (value "64000")
L 07/29/2025 - 02:33:56: [basecommands.smx] "Console<0><Console><Console>" changed cvar (cvar "sv_mincmdrate") (value "64")
L 07/29/2025 - 02:33:56: [basecommands.smx] "Console<0><Console><Console>" changed cvar (cvar "sv_maxcmdrate") (value "64")
L 07/29/2025 - 02:33:56: [basecommands.smx] "Console<0><Console><Console>" changed cvar (cvar "sv_minupdaterate") (value "64")
L 07/29/2025 - 02:33:56: [basecommands.smx] "Console<0><Console><Console>" changed cvar (cvar "sv_maxupdaterate") (value "64")
L 07/29/2025 - 02:33:56: [basecommands.smx] "Console<0><Console><Console>" changed cvar (cvar "sv_client_min_interp_ratio") (value "-1")
L 07/29/2025 - 02:33:56: [basecommands.smx] "Console<0><Console><Console>" changed cvar (cvar "sv_client_max_interp_ratio") (value "2")
L 07/29/2025 - 02:34:11: SourceMod log file session started (file "/home/steam/game_server/Left_4_Dead_2/left4dead2/addons/sourcemod/logs/L20250729.log") (Version "1.12.0.7207")
L 07/29/2025 - 02:34:11: [basecommands.smx] "Console<0><Console><Console>" changed cvar (cvar "hostname") (value "")
L 07/29/2025 - 02:34:11: [basecommands.smx] "Console<0><Console><Console>" changed cvar (cvar "z_difficulty") (value "hard")
L 07/29/2025 - 02:34:11: [basecommands.smx] "Console<0><Console><Console>" changed cvar (cvar "survivor_friendly_fire_factor_hard") (value "0.2")
L 07/29/2025 - 02:34:11: [basecommands.smx] "Console<0><Console><Console>" changed cvar (cvar "survivor_burn_factor_hard") (value "0.5")
L 07/29/2025 - 02:34:11: [basecommands.smx] "Console<0><Console><Console>" changed cvar (cvar "fps_max") (value "144")
L 07/29/2025 - 02:34:11: [basecommands.smx] "Console<0><Console><Console>" changed cvar (cvar "net_splitpacket_maxrate") (value "32000")
L 07/29/2025 - 02:34:11: [basecommands.smx] "Console<0><Console><Console>" changed cvar (cvar "nb_update_frequency") (value "0.024")
L 07/29/2025 - 02:34:11: [basecommands.smx] "Console<0><Console><Console>" changed cvar (cvar "sv_minrate") (value "64000")
L 07/29/2025 - 02:34:11: [basecommands.smx] "Console<0><Console><Console>" changed cvar (cvar "sv_maxrate") (value "64000")
L 07/29/2025 - 02:34:11: [basecommands.smx] "Console<0><Console><Console>" changed cvar (cvar "sv_mincmdrate") (value "64")
L 07/29/2025 - 02:34:11: [basecommands.smx] "Console<0><Console><Console>" changed cvar (cvar "sv_maxcmdrate") (value "64")
L 07/29/2025 - 02:34:11: [basecommands.smx] "Console<0><Console><Console>" changed cvar (cvar "sv_minupdaterate") (value "64")
L 07/29/2025 - 02:34:11: [basecommands.smx] "Console<0><Console><Console>" changed cvar (cvar "sv_maxupdaterate") (value "64")
L 07/29/2025 - 02:34:11: [basecommands.smx] "Console<0><Console><Console>" changed cvar (cvar "sv_client_min_interp_ratio") (value "-1")
L 07/29/2025 - 02:34:11: [basecommands.smx] "Console<0><Console><Console>" changed cvar (cvar "sv_client_max_interp_ratio") (value "2")
L 07/29/2025 - 02:39:30: Log file closed.
L 07/29/2025 - 17:48:44: SourceMod log file session started (file "/home/steam/game_server/Left_4_Dead_2/left4dead2/addons/sourcemod/logs/L20250729.log") (Version "1.12.0.7207")
L 07/29/2025 - 17:48:44: [basecommands.smx] "Console<0><Console><Console>" changed cvar (cvar "hostname") (value "")
L 07/29/2025 - 17:48:44: [basecommands.smx] "Console<0><Console><Console>" changed cvar (cvar "z_difficulty") (value "hard")
L 07/29/2025 - 17:48:44: [basecommands.smx] "Console<0><Console><Console>" changed cvar (cvar "survivor_friendly_fire_factor_hard") (value "0.2")
L 07/29/2025 - 17:48:44: [basecommands.smx] "Console<0><Console><Console>" changed cvar (cvar "survivor_burn_factor_hard") (value "0.5")
L 07/29/2025 - 17:48:44: [basecommands.smx] "Console<0><Console><Console>" changed cvar (cvar "fps_max") (value "144")
L 07/29/2025 - 17:48:44: [basecommands.smx] "Console<0><Console><Console>" changed cvar (cvar "net_splitpacket_maxrate") (value "32000")
L 07/29/2025 - 17:48:44: [basecommands.smx] "Console<0><Console><Console>" changed cvar (cvar "nb_update_frequency") (value "0.024")
L 07/29/2025 - 17:48:44: [basecommands.smx] "Console<0><Console><Console>" changed cvar (cvar "sv_minrate") (value "64000")
L 07/29/2025 - 17:48:44: [basecommands.smx] "Console<0><Console><Console>" changed cvar (cvar "sv_maxrate") (value "64000")
L 07/29/2025 - 17:48:44: [basecommands.smx] "Console<0><Console><Console>" changed cvar (cvar "sv_mincmdrate") (value "64")
L 07/29/2025 - 17:48:44: [basecommands.smx] "Console<0><Console><Console>" changed cvar (cvar "sv_maxcmdrate") (value "64")
L 07/29/2025 - 17:48:44: [basecommands.smx] "Console<0><Console><Console>" changed cvar (cvar "sv_minupdaterate") (value "64")
L 07/29/2025 - 17:48:44: [basecommands.smx] "Console<0><Console><Console>" changed cvar (cvar "sv_maxupdaterate") (value "64")
L 07/29/2025 - 17:48:44: [basecommands.smx] "Console<0><Console><Console>" changed cvar (cvar "sv_client_min_interp_ratio") (value "-1")
L 07/29/2025 - 17:48:44: [basecommands.smx] "Console<0><Console><Console>" changed cvar (cvar "sv_client_max_interp_ratio") (value "2")
L 07/29/2025 - 17:50:16: -------- Mapchange to c1m1_hotel --------
L 07/29/2025 - 17:50:18: [basecommands.smx] "Console<0><Console><Console>" changed cvar (cvar "hostname") (value "")
L 07/29/2025 - 17:50:18: [basecommands.smx] "Console<0><Console><Console>" changed cvar (cvar "z_difficulty") (value "hard")
L 07/29/2025 - 17:50:18: [basecommands.smx] "Console<0><Console><Console>" changed cvar (cvar "survivor_friendly_fire_factor_hard") (value "0.2")
L 07/29/2025 - 17:50:18: [basecommands.smx] "Console<0><Console><Console>" changed cvar (cvar "survivor_burn_factor_hard") (value "0.5")
L 07/29/2025 - 17:50:18: [basecommands.smx] "Console<0><Console><Console>" changed cvar (cvar "fps_max") (value "144")
L 07/29/2025 - 17:50:18: [basecommands.smx] "Console<0><Console><Console>" changed cvar (cvar "net_splitpacket_maxrate") (value "32000")
L 07/29/2025 - 17:50:18: [basecommands.smx] "Console<0><Console><Console>" changed cvar (cvar "nb_update_frequency") (value "0.024")
L 07/29/2025 - 17:50:18: [basecommands.smx] "Console<0><Console><Console>" changed cvar (cvar "sv_minrate") (value "64000")
L 07/29/2025 - 17:50:18: [basecommands.smx] "Console<0><Console><Console>" changed cvar (cvar "sv_maxrate") (value "64000")
L 07/29/2025 - 17:50:18: [basecommands.smx] "Console<0><Console><Console>" changed cvar (cvar "sv_mincmdrate") (value "64")
L 07/29/2025 - 17:50:18: [basecommands.smx] "Console<0><Console><Console>" changed cvar (cvar "sv_maxcmdrate") (value "64")
L 07/29/2025 - 17:50:18: [basecommands.smx] "Console<0><Console><Console>" changed cvar (cvar "sv_minupdaterate") (value "64")
L 07/29/2025 - 17:50:18: [basecommands.smx] "Console<0><Console><Console>" changed cvar (cvar "sv_maxupdaterate") (value "64")
L 07/29/2025 - 17:50:18: [basecommands.smx] "Console<0><Console><Console>" changed cvar (cvar "sv_client_min_interp_ratio") (value "-1")
L 07/29/2025 - 17:50:18: [basecommands.smx] "Console<0><Console><Console>" changed cvar (cvar "sv_client_max_interp_ratio") (value "2")
L 07/29/2025 - 17:51:30: -------- Mapchange to c1m2_streets --------
L 07/29/2025 - 17:51:32: [basecommands.smx] "Console<0><Console><Console>" changed cvar (cvar "hostname") (value "")
L 07/29/2025 - 17:51:32: [basecommands.smx] "Console<0><Console><Console>" changed cvar (cvar "z_difficulty") (value "hard")
L 07/29/2025 - 17:51:32: [basecommands.smx] "Console<0><Console><Console>" changed cvar (cvar "survivor_friendly_fire_factor_hard") (value "0.2")
L 07/29/2025 - 17:51:32: [basecommands.smx] "Console<0><Console><Console>" changed cvar (cvar "survivor_burn_factor_hard") (value "0.5")
L 07/29/2025 - 17:51:32: [basecommands.smx] "Console<0><Console><Console>" changed cvar (cvar "fps_max") (value "144")
L 07/29/2025 - 17:51:32: [basecommands.smx] "Console<0><Console><Console>" changed cvar (cvar "net_splitpacket_maxrate") (value "32000")
L 07/29/2025 - 17:51:32: [basecommands.smx] "Console<0><Console><Console>" changed cvar (cvar "nb_update_frequency") (value "0.024")
L 07/29/2025 - 17:51:32: [basecommands.smx] "Console<0><Console><Console>" changed cvar (cvar "sv_minrate") (value "64000")
L 07/29/2025 - 17:51:32: [basecommands.smx] "Console<0><Console><Console>" changed cvar (cvar "sv_maxrate") (value "64000")
L 07/29/2025 - 17:51:32: [basecommands.smx] "Console<0><Console><Console>" changed cvar (cvar "sv_mincmdrate") (value "64")
L 07/29/2025 - 17:51:32: [basecommands.smx] "Console<0><Console><Console>" changed cvar (cvar "sv_maxcmdrate") (value "64")
L 07/29/2025 - 17:51:32: [basecommands.smx] "Console<0><Console><Console>" changed cvar (cvar "sv_minupdaterate") (value "64")
L 07/29/2025 - 17:51:32: [basecommands.smx] "Console<0><Console><Console>" changed cvar (cvar "sv_maxupdaterate") (value "64")
L 07/29/2025 - 17:51:32: [basecommands.smx] "Console<0><Console><Console>" changed cvar (cvar "sv_client_min_interp_ratio") (value "-1")
L 07/29/2025 - 17:51:32: [basecommands.smx] "Console<0><Console><Console>" changed cvar (cvar "sv_client_max_interp_ratio") (value "2")
L 07/29/2025 - 17:54:05: -------- Mapchange to c1m1_hotel --------
L 07/29/2025 - 17:54:06: [basecommands.smx] "Console<0><Console><Console>" changed cvar (cvar "hostname") (value "")
L 07/29/2025 - 17:54:06: [basecommands.smx] "Console<0><Console><Console>" changed cvar (cvar "z_difficulty") (value "hard")
L 07/29/2025 - 17:54:06: [basecommands.smx] "Console<0><Console><Console>" changed cvar (cvar "survivor_friendly_fire_factor_hard") (value "0.2")
L 07/29/2025 - 17:54:06: [basecommands.smx] "Console<0><Console><Console>" changed cvar (cvar "survivor_burn_factor_hard") (value "0.5")
L 07/29/2025 - 17:54:06: [basecommands.smx] "Console<0><Console><Console>" changed cvar (cvar "fps_max") (value "144")
L 07/29/2025 - 17:54:06: [basecommands.smx] "Console<0><Console><Console>" changed cvar (cvar "net_splitpacket_maxrate") (value "32000")
L 07/29/2025 - 17:54:06: [basecommands.smx] "Console<0><Console><Console>" changed cvar (cvar "nb_update_frequency") (value "0.024")
L 07/29/2025 - 17:54:06: [basecommands.smx] "Console<0><Console><Console>" changed cvar (cvar "sv_minrate") (value "64000")
L 07/29/2025 - 17:54:06: [basecommands.smx] "Console<0><Console><Console>" changed cvar (cvar "sv_maxrate") (value "64000")
L 07/29/2025 - 17:54:06: [basecommands.smx] "Console<0><Console><Console>" changed cvar (cvar "sv_mincmdrate") (value "64")
L 07/29/2025 - 17:54:06: [basecommands.smx] "Console<0><Console><Console>" changed cvar (cvar "sv_maxcmdrate") (value "64")
L 07/29/2025 - 17:54:06: [basecommands.smx] "Console<0><Console><Console>" changed cvar (cvar "sv_minupdaterate") (value "64")
L 07/29/2025 - 17:54:06: [basecommands.smx] "Console<0><Console><Console>" changed cvar (cvar "sv_maxupdaterate") (value "64")
L 07/29/2025 - 17:54:06: [basecommands.smx] "Console<0><Console><Console>" changed cvar (cvar "sv_client_min_interp_ratio") (value "-1")
L 07/29/2025 - 17:54:06: [basecommands.smx] "Console<0><Console><Console>" changed cvar (cvar "sv_client_max_interp_ratio") (value "2")
L 07/29/2025 - 17:57:15: SourceMod log file session started (file "/home/steam/game_server/Left_4_Dead_2/left4dead2/addons/sourcemod/logs/L20250729.log") (Version "1.12.0.7207")
L 07/29/2025 - 17:57:15: [basecommands.smx] "Console<0><Console><Console>" changed cvar (cvar "hostname") (value "")
L 07/29/2025 - 17:57:15: [basecommands.smx] "Console<0><Console><Console>" changed cvar (cvar "z_difficulty") (value "hard")
L 07/29/2025 - 17:57:15: [basecommands.smx] "Console<0><Console><Console>" changed cvar (cvar "survivor_friendly_fire_factor_hard") (value "0.2")
L 07/29/2025 - 17:57:15: [basecommands.smx] "Console<0><Console><Console>" changed cvar (cvar "survivor_burn_factor_hard") (value "0.5")
L 07/29/2025 - 17:57:15: [basecommands.smx] "Console<0><Console><Console>" changed cvar (cvar "fps_max") (value "144")
L 07/29/2025 - 17:57:15: [basecommands.smx] "Console<0><Console><Console>" changed cvar (cvar "net_splitpacket_maxrate") (value "32000")
L 07/29/2025 - 17:57:15: [basecommands.smx] "Console<0><Console><Console>" changed cvar (cvar "nb_update_frequency") (value "0.024")
L 07/29/2025 - 17:57:15: [basecommands.smx] "Console<0><Console><Console>" changed cvar (cvar "sv_minrate") (value "64000")
L 07/29/2025 - 17:57:15: [basecommands.smx] "Console<0><Console><Console>" changed cvar (cvar "sv_maxrate") (value "64000")
L 07/29/2025 - 17:57:15: [basecommands.smx] "Console<0><Console><Console>" changed cvar (cvar "sv_mincmdrate") (value "64")
L 07/29/2025 - 17:57:15: [basecommands.smx] "Console<0><Console><Console>" changed cvar (cvar "sv_maxcmdrate") (value "64")
L 07/29/2025 - 17:57:15: [basecommands.smx] "Console<0><Console><Console>" changed cvar (cvar "sv_minupdaterate") (value "64")
L 07/29/2025 - 17:57:15: [basecommands.smx] "Console<0><Console><Console>" changed cvar (cvar "sv_maxupdaterate") (value "64")
L 07/29/2025 - 17:57:15: [basecommands.smx] "Console<0><Console><Console>" changed cvar (cvar "sv_client_min_interp_ratio") (value "-1")
L 07/29/2025 - 17:57:15: [basecommands.smx] "Console<0><Console><Console>" changed cvar (cvar "sv_client_max_interp_ratio") (value "2")
L 07/29/2025 - 18:01:59: SourceMod log file session started (file "/home/steam/game_server/Left_4_Dead_2/left4dead2/addons/sourcemod/logs/L20250729.log") (Version "1.12.0.7207")
L 07/29/2025 - 18:01:59: [basecommands.smx] "Console<0><Console><Console>" changed cvar (cvar "hostname") (value "")
L 07/29/2025 - 18:01:59: [basecommands.smx] "Console<0><Console><Console>" changed cvar (cvar "z_difficulty") (value "hard")
L 07/29/2025 - 18:01:59: [basecommands.smx] "Console<0><Console><Console>" changed cvar (cvar "survivor_friendly_fire_factor_hard") (value "0.2")
L 07/29/2025 - 18:01:59: [basecommands.smx] "Console<0><Console><Console>" changed cvar (cvar "survivor_burn_factor_hard") (value "0.5")
L 07/29/2025 - 18:01:59: [basecommands.smx] "Console<0><Console><Console>" changed cvar (cvar "fps_max") (value "144")
L 07/29/2025 - 18:01:59: [basecommands.smx] "Console<0><Console><Console>" changed cvar (cvar "net_splitpacket_maxrate") (value "32000")
L 07/29/2025 - 18:01:59: [basecommands.smx] "Console<0><Console><Console>" changed cvar (cvar "nb_update_frequency") (value "0.024")
L 07/29/2025 - 18:01:59: [basecommands.smx] "Console<0><Console><Console>" changed cvar (cvar "sv_minrate") (value "64000")
L 07/29/2025 - 18:01:59: [basecommands.smx] "Console<0><Console><Console>" changed cvar (cvar "sv_maxrate") (value "64000")
L 07/29/2025 - 18:01:59: [basecommands.smx] "Console<0><Console><Console>" changed cvar (cvar "sv_mincmdrate") (value "64")
L 07/29/2025 - 18:01:59: [basecommands.smx] "Console<0><Console><Console>" changed cvar (cvar "sv_maxcmdrate") (value "64")
L 07/29/2025 - 18:01:59: [basecommands.smx] "Console<0><Console><Console>" changed cvar (cvar "sv_minupdaterate") (value "64")
L 07/29/2025 - 18:01:59: [basecommands.smx] "Console<0><Console><Console>" changed cvar (cvar "sv_maxupdaterate") (value "64")
L 07/29/2025 - 18:01:59: [basecommands.smx] "Console<0><Console><Console>" changed cvar (cvar "sv_client_min_interp_ratio") (value "-1")
L 07/29/2025 - 18:01:59: [basecommands.smx] "Console<0><Console><Console>" changed cvar (cvar "sv_client_max_interp_ratio") (value "2")
L 07/29/2025 - 18:02:45: SourceMod log file session started (file "/home/steam/game_server/Left_4_Dead_2/left4dead2/addons/sourcemod/logs/L20250729.log") (Version "1.12.0.7207")
L 07/29/2025 - 18:02:45: [basecommands.smx] "Console<0><Console><Console>" changed cvar (cvar "z_difficulty") (value "hard")
L 07/29/2025 - 18:02:45: [basecommands.smx] "Console<0><Console><Console>" changed cvar (cvar "survivor_friendly_fire_factor_hard") (value "0.2")
L 07/29/2025 - 18:02:45: [basecommands.smx] "Console<0><Console><Console>" changed cvar (cvar "survivor_burn_factor_hard") (value "0.5")
L 07/29/2025 - 18:02:45: [basecommands.smx] "Console<0><Console><Console>" changed cvar (cvar "fps_max") (value "144")
L 07/29/2025 - 18:02:45: [basecommands.smx] "Console<0><Console><Console>" changed cvar (cvar "net_splitpacket_maxrate") (value "32000")
L 07/29/2025 - 18:02:45: [basecommands.smx] "Console<0><Console><Console>" changed cvar (cvar "nb_update_frequency") (value "0.024")
L 07/29/2025 - 18:02:45: [basecommands.smx] "Console<0><Console><Console>" changed cvar (cvar "sv_minrate") (value "64000")
L 07/29/2025 - 18:02:45: [basecommands.smx] "Console<0><Console><Console>" changed cvar (cvar "sv_maxrate") (value "64000")
L 07/29/2025 - 18:02:45: [basecommands.smx] "Console<0><Console><Console>" changed cvar (cvar "sv_mincmdrate") (value "64")
L 07/29/2025 - 18:02:45: [basecommands.smx] "Console<0><Console><Console>" changed cvar (cvar "sv_maxcmdrate") (value "64")
L 07/29/2025 - 18:02:45: [basecommands.smx] "Console<0><Console><Console>" changed cvar (cvar "sv_minupdaterate") (value "64")
L 07/29/2025 - 18:02:45: [basecommands.smx] "Console<0><Console><Console>" changed cvar (cvar "sv_maxupdaterate") (value "64")
L 07/29/2025 - 18:02:45: [basecommands.smx] "Console<0><Console><Console>" changed cvar (cvar "sv_client_min_interp_ratio") (value "-1")
L 07/29/2025 - 18:02:45: [basecommands.smx] "Console<0><Console><Console>" changed cvar (cvar "sv_client_max_interp_ratio") (value "2")
L 07/29/2025 - 18:06:14: Log file closed.
L 07/29/2025 - 18:09:10: SourceMod log file session started (file "/home/steam/game_server/Left_4_Dead_2/left4dead2/addons/sourcemod/logs/L20250729.log") (Version "1.12.0.7207")
L 07/29/2025 - 18:09:10: [basecommands.smx] "Console<0><Console><Console>" changed cvar (cvar "z_difficulty") (value "hard")
L 07/29/2025 - 18:09:10: [basecommands.smx] "Console<0><Console><Console>" changed cvar (cvar "survivor_friendly_fire_factor_hard") (value "0.2")
L 07/29/2025 - 18:09:10: [basecommands.smx] "Console<0><Console><Console>" changed cvar (cvar "survivor_burn_factor_hard") (value "0.5")
L 07/29/2025 - 18:09:10: [basecommands.smx] "Console<0><Console><Console>" changed cvar (cvar "fps_max") (value "144")
L 07/29/2025 - 18:09:10: [basecommands.smx] "Console<0><Console><Console>" changed cvar (cvar "net_splitpacket_maxrate") (value "32000")
L 07/29/2025 - 18:09:10: [basecommands.smx] "Console<0><Console><Console>" changed cvar (cvar "nb_update_frequency") (value "0.024")
L 07/29/2025 - 18:09:10: [basecommands.smx] "Console<0><Console><Console>" changed cvar (cvar "sv_minrate") (value "64000")
L 07/29/2025 - 18:09:10: [basecommands.smx] "Console<0><Console><Console>" changed cvar (cvar "sv_maxrate") (value "64000")
L 07/29/2025 - 18:09:10: [basecommands.smx] "Console<0><Console><Console>" changed cvar (cvar "sv_mincmdrate") (value "64")
L 07/29/2025 - 18:09:10: [basecommands.smx] "Console<0><Console><Console>" changed cvar (cvar "sv_maxcmdrate") (value "64")
L 07/29/2025 - 18:09:10: [basecommands.smx] "Console<0><Console><Console>" changed cvar (cvar "sv_minupdaterate") (value "64")
L 07/29/2025 - 18:09:10: [basecommands.smx] "Console<0><Console><Console>" changed cvar (cvar "sv_maxupdaterate") (value "64")
L 07/29/2025 - 18:09:10: [basecommands.smx] "Console<0><Console><Console>" changed cvar (cvar "sv_client_min_interp_ratio") (value "-1")
L 07/29/2025 - 18:09:10: [basecommands.smx] "Console<0><Console><Console>" changed cvar (cvar "sv_client_max_interp_ratio") (value "2")
L 07/29/2025 - 18:10:02: -------- Mapchange to c1m1_hotel --------
L 07/29/2025 - 18:10:03: [basecommands.smx] "Console<0><Console><Console>" changed cvar (cvar "z_difficulty") (value "hard")
L 07/29/2025 - 18:10:03: [basecommands.smx] "Console<0><Console><Console>" changed cvar (cvar "survivor_friendly_fire_factor_hard") (value "0.2")
L 07/29/2025 - 18:10:03: [basecommands.smx] "Console<0><Console><Console>" changed cvar (cvar "survivor_burn_factor_hard") (value "0.5")
L 07/29/2025 - 18:10:03: [basecommands.smx] "Console<0><Console><Console>" changed cvar (cvar "fps_max") (value "144")
L 07/29/2025 - 18:10:03: [basecommands.smx] "Console<0><Console><Console>" changed cvar (cvar "net_splitpacket_maxrate") (value "32000")
L 07/29/2025 - 18:10:03: [basecommands.smx] "Console<0><Console><Console>" changed cvar (cvar "nb_update_frequency") (value "0.024")
L 07/29/2025 - 18:10:03: [basecommands.smx] "Console<0><Console><Console>" changed cvar (cvar "sv_minrate") (value "64000")
L 07/29/2025 - 18:10:03: [basecommands.smx] "Console<0><Console><Console>" changed cvar (cvar "sv_maxrate") (value "64000")
L 07/29/2025 - 18:10:03: [basecommands.smx] "Console<0><Console><Console>" changed cvar (cvar "sv_mincmdrate") (value "64")
L 07/29/2025 - 18:10:03: [basecommands.smx] "Console<0><Console><Console>" changed cvar (cvar "sv_maxcmdrate") (value "64")
L 07/29/2025 - 18:10:03: [basecommands.smx] "Console<0><Console><Console>" changed cvar (cvar "sv_minupdaterate") (value "64")
L 07/29/2025 - 18:10:03: [basecommands.smx] "Console<0><Console><Console>" changed cvar (cvar "sv_maxupdaterate") (value "64")
L 07/29/2025 - 18:10:03: [basecommands.smx] "Console<0><Console><Console>" changed cvar (cvar "sv_client_min_interp_ratio") (value "-1")
L 07/29/2025 - 18:10:03: [basecommands.smx] "Console<0><Console><Console>" changed cvar (cvar "sv_client_max_interp_ratio") (value "2")
L 07/29/2025 - 18:33:03: -------- Mapchange to tumtara --------
L 07/29/2025 - 18:33:04: [basecommands.smx] "Console<0><Console><Console>" changed cvar (cvar "z_difficulty") (value "hard")
L 07/29/2025 - 18:33:04: [basecommands.smx] "Console<0><Console><Console>" changed cvar (cvar "survivor_friendly_fire_factor_hard") (value "0.2")
L 07/29/2025 - 18:33:04: [basecommands.smx] "Console<0><Console><Console>" changed cvar (cvar "survivor_burn_factor_hard") (value "0.5")
L 07/29/2025 - 18:33:04: [basecommands.smx] "Console<0><Console><Console>" changed cvar (cvar "fps_max") (value "144")
L 07/29/2025 - 18:33:04: [basecommands.smx] "Console<0><Console><Console>" changed cvar (cvar "net_splitpacket_maxrate") (value "32000")
L 07/29/2025 - 18:33:04: [basecommands.smx] "Console<0><Console><Console>" changed cvar (cvar "nb_update_frequency") (value "0.024")
L 07/29/2025 - 18:33:04: [basecommands.smx] "Console<0><Console><Console>" changed cvar (cvar "sv_minrate") (value "64000")
L 07/29/2025 - 18:33:04: [basecommands.smx] "Console<0><Console><Console>" changed cvar (cvar "sv_maxrate") (value "64000")
L 07/29/2025 - 18:33:04: [basecommands.smx] "Console<0><Console><Console>" changed cvar (cvar "sv_mincmdrate") (value "64")
L 07/29/2025 - 18:33:04: [basecommands.smx] "Console<0><Console><Console>" changed cvar (cvar "sv_maxcmdrate") (value "64")
L 07/29/2025 - 18:33:04: [basecommands.smx] "Console<0><Console><Console>" changed cvar (cvar "sv_minupdaterate") (value "64")
L 07/29/2025 - 18:33:04: [basecommands.smx] "Console<0><Console><Console>" changed cvar (cvar "sv_maxupdaterate") (value "64")
L 07/29/2025 - 18:33:04: [basecommands.smx] "Console<0><Console><Console>" changed cvar (cvar "sv_client_min_interp_ratio") (value "-1")
L 07/29/2025 - 18:33:04: [basecommands.smx] "Console<0><Console><Console>" changed cvar (cvar "sv_client_max_interp_ratio") (value "2")
L 07/29/2025 - 18:40:43: SourceMod log file session started (file "/home/steam/game_server/Left_4_Dead_2/left4dead2/addons/sourcemod/logs/L20250729.log") (Version "1.12.0.7207")
L 07/29/2025 - 18:40:43: [basecommands.smx] "Console<0><Console><Console>" changed cvar (cvar "z_difficulty") (value "hard")
L 07/29/2025 - 18:40:43: [basecommands.smx] "Console<0><Console><Console>" changed cvar (cvar "survivor_friendly_fire_factor_hard") (value "0.2")
L 07/29/2025 - 18:40:43: [basecommands.smx] "Console<0><Console><Console>" changed cvar (cvar "survivor_burn_factor_hard") (value "0.5")
L 07/29/2025 - 18:40:43: [basecommands.smx] "Console<0><Console><Console>" changed cvar (cvar "fps_max") (value "144")
L 07/29/2025 - 18:40:43: [basecommands.smx] "Console<0><Console><Console>" changed cvar (cvar "net_splitpacket_maxrate") (value "32000")
L 07/29/2025 - 18:40:43: [basecommands.smx] "Console<0><Console><Console>" changed cvar (cvar "nb_update_frequency") (value "0.024")
L 07/29/2025 - 18:40:43: [basecommands.smx] "Console<0><Console><Console>" changed cvar (cvar "sv_minrate") (value "64000")
L 07/29/2025 - 18:40:43: [basecommands.smx] "Console<0><Console><Console>" changed cvar (cvar "sv_maxrate") (value "64000")
L 07/29/2025 - 18:40:43: [basecommands.smx] "Console<0><Console><Console>" changed cvar (cvar "sv_mincmdrate") (value "64")
L 07/29/2025 - 18:40:43: [basecommands.smx] "Console<0><Console><Console>" changed cvar (cvar "sv_maxcmdrate") (value "64")
L 07/29/2025 - 18:40:43: [basecommands.smx] "Console<0><Console><Console>" changed cvar (cvar "sv_minupdaterate") (value "64")
L 07/29/2025 - 18:40:43: [basecommands.smx] "Console<0><Console><Console>" changed cvar (cvar "sv_maxupdaterate") (value "64")
L 07/29/2025 - 18:40:43: [basecommands.smx] "Console<0><Console><Console>" changed cvar (cvar "sv_client_min_interp_ratio") (value "-1")
L 07/29/2025 - 18:40:43: [basecommands.smx] "Console<0><Console><Console>" changed cvar (cvar "sv_client_max_interp_ratio") (value "2")
L 07/29/2025 - 18:49:49: -------- Mapchange to c1m1_hotel --------
L 07/29/2025 - 18:49:50: [basecommands.smx] "Console<0><Console><Console>" changed cvar (cvar "z_difficulty") (value "hard")
L 07/29/2025 - 18:49:50: [basecommands.smx] "Console<0><Console><Console>" changed cvar (cvar "survivor_friendly_fire_factor_hard") (value "0.2")
L 07/29/2025 - 18:49:50: [basecommands.smx] "Console<0><Console><Console>" changed cvar (cvar "survivor_burn_factor_hard") (value "0.5")
L 07/29/2025 - 18:49:50: [basecommands.smx] "Console<0><Console><Console>" changed cvar (cvar "fps_max") (value "144")
L 07/29/2025 - 18:49:50: [basecommands.smx] "Console<0><Console><Console>" changed cvar (cvar "net_splitpacket_maxrate") (value "32000")
L 07/29/2025 - 18:49:50: [basecommands.smx] "Console<0><Console><Console>" changed cvar (cvar "nb_update_frequency") (value "0.024")
L 07/29/2025 - 18:49:50: [basecommands.smx] "Console<0><Console><Console>" changed cvar (cvar "sv_minrate") (value "64000")
L 07/29/2025 - 18:49:50: [basecommands.smx] "Console<0><Console><Console>" changed cvar (cvar "sv_maxrate") (value "64000")
L 07/29/2025 - 18:49:50: [basecommands.smx] "Console<0><Console><Console>" changed cvar (cvar "sv_mincmdrate") (value "64")
L 07/29/2025 - 18:49:50: [basecommands.smx] "Console<0><Console><Console>" changed cvar (cvar "sv_maxcmdrate") (value "64")
L 07/29/2025 - 18:49:50: [basecommands.smx] "Console<0><Console><Console>" changed cvar (cvar "sv_minupdaterate") (value "64")
L 07/29/2025 - 18:49:50: [basecommands.smx] "Console<0><Console><Console>" changed cvar (cvar "sv_maxupdaterate") (value "64")
L 07/29/2025 - 18:49:50: [basecommands.smx] "Console<0><Console><Console>" changed cvar (cvar "sv_client_min_interp_ratio") (value "-1")
L 07/29/2025 - 18:49:50: [basecommands.smx] "Console<0><Console><Console>" changed cvar (cvar "sv_client_max_interp_ratio") (value "2")
L 07/29/2025 - 19:00:47: Log file closed.
L 07/29/2025 - 19:06:03: SourceMod log file session started (file "/home/steam/game_server/Left_4_Dead_2/left4dead2/addons/sourcemod/logs/L20250729.log") (Version "1.12.0.7207")
L 07/29/2025 - 19:06:03: [basecommands.smx] "Console<0><Console><Console>" changed cvar (cvar "z_difficulty") (value "hard")
L 07/29/2025 - 19:06:03: [basecommands.smx] "Console<0><Console><Console>" changed cvar (cvar "survivor_friendly_fire_factor_hard") (value "0.2")
L 07/29/2025 - 19:06:03: [basecommands.smx] "Console<0><Console><Console>" changed cvar (cvar "survivor_burn_factor_hard") (value "0.5")
L 07/29/2025 - 19:06:03: [basecommands.smx] "Console<0><Console><Console>" changed cvar (cvar "fps_max") (value "144")
L 07/29/2025 - 19:06:03: [basecommands.smx] "Console<0><Console><Console>" changed cvar (cvar "net_splitpacket_maxrate") (value "32000")
L 07/29/2025 - 19:06:03: [basecommands.smx] "Console<0><Console><Console>" changed cvar (cvar "nb_update_frequency") (value "0.024")
L 07/29/2025 - 19:06:03: [basecommands.smx] "Console<0><Console><Console>" changed cvar (cvar "sv_minrate") (value "64000")
L 07/29/2025 - 19:06:03: [basecommands.smx] "Console<0><Console><Console>" changed cvar (cvar "sv_maxrate") (value "64000")
L 07/29/2025 - 19:06:03: [basecommands.smx] "Console<0><Console><Console>" changed cvar (cvar "sv_mincmdrate") (value "64")
L 07/29/2025 - 19:06:03: [basecommands.smx] "Console<0><Console><Console>" changed cvar (cvar "sv_maxcmdrate") (value "64")
L 07/29/2025 - 19:06:03: [basecommands.smx] "Console<0><Console><Console>" changed cvar (cvar "sv_minupdaterate") (value "64")
L 07/29/2025 - 19:06:03: [basecommands.smx] "Console<0><Console><Console>" changed cvar (cvar "sv_maxupdaterate") (value "64")
L 07/29/2025 - 19:06:03: [basecommands.smx] "Console<0><Console><Console>" changed cvar (cvar "sv_client_min_interp_ratio") (value "-1")
L 07/29/2025 - 19:06:03: [basecommands.smx] "Console<0><Console><Console>" changed cvar (cvar "sv_client_max_interp_ratio") (value "2")
L 07/29/2025 - 19:07:24: -------- Mapchange to c1m1_hotel --------
L 07/29/2025 - 19:07:25: [basecommands.smx] "Console<0><Console><Console>" changed cvar (cvar "z_difficulty") (value "hard")
L 07/29/2025 - 19:07:25: [basecommands.smx] "Console<0><Console><Console>" changed cvar (cvar "survivor_friendly_fire_factor_hard") (value "0.2")
L 07/29/2025 - 19:07:25: [basecommands.smx] "Console<0><Console><Console>" changed cvar (cvar "survivor_burn_factor_hard") (value "0.5")
L 07/29/2025 - 19:07:25: [basecommands.smx] "Console<0><Console><Console>" changed cvar (cvar "fps_max") (value "144")
L 07/29/2025 - 19:07:25: [basecommands.smx] "Console<0><Console><Console>" changed cvar (cvar "net_splitpacket_maxrate") (value "32000")
L 07/29/2025 - 19:07:25: [basecommands.smx] "Console<0><Console><Console>" changed cvar (cvar "nb_update_frequency") (value "0.024")
L 07/29/2025 - 19:07:25: [basecommands.smx] "Console<0><Console><Console>" changed cvar (cvar "sv_minrate") (value "64000")
L 07/29/2025 - 19:07:25: [basecommands.smx] "Console<0><Console><Console>" changed cvar (cvar "sv_maxrate") (value "64000")
L 07/29/2025 - 19:07:25: [basecommands.smx] "Console<0><Console><Console>" changed cvar (cvar "sv_mincmdrate") (value "64")
L 07/29/2025 - 19:07:25: [basecommands.smx] "Console<0><Console><Console>" changed cvar (cvar "sv_maxcmdrate") (value "64")
L 07/29/2025 - 19:07:25: [basecommands.smx] "Console<0><Console><Console>" changed cvar (cvar "sv_minupdaterate") (value "64")
L 07/29/2025 - 19:07:25: [basecommands.smx] "Console<0><Console><Console>" changed cvar (cvar "sv_maxupdaterate") (value "64")
L 07/29/2025 - 19:07:25: [basecommands.smx] "Console<0><Console><Console>" changed cvar (cvar "sv_client_min_interp_ratio") (value "-1")
L 07/29/2025 - 19:07:25: [basecommands.smx] "Console<0><Console><Console>" changed cvar (cvar "sv_client_max_interp_ratio") (value "2")
L 07/29/2025 - 19:07:40: Log file closed.
L 07/29/2025 - 19:11:39: SourceMod log file session started (file "/home/steam/game_server/Left_4_Dead_2/left4dead2/addons/sourcemod/logs/L20250729.log") (Version "1.12.0.7207")
L 07/29/2025 - 19:11:39: [basecommands.smx] "Console<0><Console><Console>" changed cvar (cvar "z_difficulty") (value "hard")
L 07/29/2025 - 19:11:39: [basecommands.smx] "Console<0><Console><Console>" changed cvar (cvar "survivor_friendly_fire_factor_hard") (value "0.2")
L 07/29/2025 - 19:11:39: [basecommands.smx] "Console<0><Console><Console>" changed cvar (cvar "survivor_burn_factor_hard") (value "0.5")
L 07/29/2025 - 19:11:39: [basecommands.smx] "Console<0><Console><Console>" changed cvar (cvar "fps_max") (value "144")
L 07/29/2025 - 19:11:39: [basecommands.smx] "Console<0><Console><Console>" changed cvar (cvar "net_splitpacket_maxrate") (value "32000")
L 07/29/2025 - 19:11:39: [basecommands.smx] "Console<0><Console><Console>" changed cvar (cvar "nb_update_frequency") (value "0.024")
L 07/29/2025 - 19:11:39: [basecommands.smx] "Console<0><Console><Console>" changed cvar (cvar "sv_minrate") (value "64000")
L 07/29/2025 - 19:11:39: [basecommands.smx] "Console<0><Console><Console>" changed cvar (cvar "sv_maxrate") (value "64000")
L 07/29/2025 - 19:11:39: [basecommands.smx] "Console<0><Console><Console>" changed cvar (cvar "sv_mincmdrate") (value "64")
L 07/29/2025 - 19:11:39: [basecommands.smx] "Console<0><Console><Console>" changed cvar (cvar "sv_maxcmdrate") (value "64")
L 07/29/2025 - 19:11:39: [basecommands.smx] "Console<0><Console><Console>" changed cvar (cvar "sv_minupdaterate") (value "64")
L 07/29/2025 - 19:11:39: [basecommands.smx] "Console<0><Console><Console>" changed cvar (cvar "sv_maxupdaterate") (value "64")
L 07/29/2025 - 19:11:39: [basecommands.smx] "Console<0><Console><Console>" changed cvar (cvar "sv_client_min_interp_ratio") (value "-1")
L 07/29/2025 - 19:11:39: [basecommands.smx] "Console<0><Console><Console>" changed cvar (cvar "sv_client_max_interp_ratio") (value "2")
L 07/29/2025 - 19:13:50: -------- Mapchange to c1m1_hotel --------
L 07/29/2025 - 19:13:51: [basecommands.smx] "Console<0><Console><Console>" changed cvar (cvar "z_difficulty") (value "hard")
L 07/29/2025 - 19:13:51: [basecommands.smx] "Console<0><Console><Console>" changed cvar (cvar "survivor_friendly_fire_factor_hard") (value "0.2")
L 07/29/2025 - 19:13:51: [basecommands.smx] "Console<0><Console><Console>" changed cvar (cvar "survivor_burn_factor_hard") (value "0.5")
L 07/29/2025 - 19:13:51: [basecommands.smx] "Console<0><Console><Console>" changed cvar (cvar "fps_max") (value "144")
L 07/29/2025 - 19:13:51: [basecommands.smx] "Console<0><Console><Console>" changed cvar (cvar "net_splitpacket_maxrate") (value "32000")
L 07/29/2025 - 19:13:51: [basecommands.smx] "Console<0><Console><Console>" changed cvar (cvar "nb_update_frequency") (value "0.024")
L 07/29/2025 - 19:13:51: [basecommands.smx] "Console<0><Console><Console>" changed cvar (cvar "sv_minrate") (value "64000")
L 07/29/2025 - 19:13:51: [basecommands.smx] "Console<0><Console><Console>" changed cvar (cvar "sv_maxrate") (value "64000")
L 07/29/2025 - 19:13:51: [basecommands.smx] "Console<0><Console><Console>" changed cvar (cvar "sv_mincmdrate") (value "64")
L 07/29/2025 - 19:13:51: [basecommands.smx] "Console<0><Console><Console>" changed cvar (cvar "sv_maxcmdrate") (value "64")
L 07/29/2025 - 19:13:51: [basecommands.smx] "Console<0><Console><Console>" changed cvar (cvar "sv_minupdaterate") (value "64")
L 07/29/2025 - 19:13:51: [basecommands.smx] "Console<0><Console><Console>" changed cvar (cvar "sv_maxupdaterate") (value "64")
L 07/29/2025 - 19:13:51: [basecommands.smx] "Console<0><Console><Console>" changed cvar (cvar "sv_client_min_interp_ratio") (value "-1")
L 07/29/2025 - 19:13:51: [basecommands.smx] "Console<0><Console><Console>" changed cvar (cvar "sv_client_max_interp_ratio") (value "2")
L 07/29/2025 - 19:16:57: SourceMod log file session started (file "/home/steam/game_server/Left_4_Dead_2/left4dead2/addons/sourcemod/logs/L20250729.log") (Version "1.12.0.7207")
L 07/29/2025 - 19:16:57: [basecommands.smx] "Console<0><Console><Console>" changed cvar (cvar "z_difficulty") (value "hard")
L 07/29/2025 - 19:16:57: [basecommands.smx] "Console<0><Console><Console>" changed cvar (cvar "survivor_friendly_fire_factor_hard") (value "0.2")
L 07/29/2025 - 19:16:57: [basecommands.smx] "Console<0><Console><Console>" changed cvar (cvar "survivor_burn_factor_hard") (value "0.5")
L 07/29/2025 - 19:16:57: [basecommands.smx] "Console<0><Console><Console>" changed cvar (cvar "fps_max") (value "144")
L 07/29/2025 - 19:16:57: [basecommands.smx] "Console<0><Console><Console>" changed cvar (cvar "net_splitpacket_maxrate") (value "32000")
L 07/29/2025 - 19:16:57: [basecommands.smx] "Console<0><Console><Console>" changed cvar (cvar "nb_update_frequency") (value "0.024")
L 07/29/2025 - 19:16:57: [basecommands.smx] "Console<0><Console><Console>" changed cvar (cvar "sv_minrate") (value "64000")
L 07/29/2025 - 19:16:57: [basecommands.smx] "Console<0><Console><Console>" changed cvar (cvar "sv_maxrate") (value "64000")
L 07/29/2025 - 19:16:57: [basecommands.smx] "Console<0><Console><Console>" changed cvar (cvar "sv_mincmdrate") (value "64")
L 07/29/2025 - 19:16:57: [basecommands.smx] "Console<0><Console><Console>" changed cvar (cvar "sv_maxcmdrate") (value "64")
L 07/29/2025 - 19:16:57: [basecommands.smx] "Console<0><Console><Console>" changed cvar (cvar "sv_minupdaterate") (value "64")
L 07/29/2025 - 19:16:57: [basecommands.smx] "Console<0><Console><Console>" changed cvar (cvar "sv_maxupdaterate") (value "64")
L 07/29/2025 - 19:16:57: [basecommands.smx] "Console<0><Console><Console>" changed cvar (cvar "sv_client_min_interp_ratio") (value "-1")
L 07/29/2025 - 19:16:57: [basecommands.smx] "Console<0><Console><Console>" changed cvar (cvar "sv_client_max_interp_ratio") (value "2")
L 07/29/2025 - 19:18:03: -------- Mapchange to c1m1_hotel --------
L 07/29/2025 - 19:18:04: [basecommands.smx] "Console<0><Console><Console>" changed cvar (cvar "z_difficulty") (value "hard")
L 07/29/2025 - 19:18:04: [basecommands.smx] "Console<0><Console><Console>" changed cvar (cvar "survivor_friendly_fire_factor_hard") (value "0.2")
L 07/29/2025 - 19:18:04: [basecommands.smx] "Console<0><Console><Console>" changed cvar (cvar "survivor_burn_factor_hard") (value "0.5")
L 07/29/2025 - 19:18:04: [basecommands.smx] "Console<0><Console><Console>" changed cvar (cvar "fps_max") (value "144")
L 07/29/2025 - 19:18:04: [basecommands.smx] "Console<0><Console><Console>" changed cvar (cvar "net_splitpacket_maxrate") (value "32000")
L 07/29/2025 - 19:18:04: [basecommands.smx] "Console<0><Console><Console>" changed cvar (cvar "nb_update_frequency") (value "0.024")
L 07/29/2025 - 19:18:04: [basecommands.smx] "Console<0><Console><Console>" changed cvar (cvar "sv_minrate") (value "64000")
L 07/29/2025 - 19:18:04: [basecommands.smx] "Console<0><Console><Console>" changed cvar (cvar "sv_maxrate") (value "64000")
L 07/29/2025 - 19:18:04: [basecommands.smx] "Console<0><Console><Console>" changed cvar (cvar "sv_mincmdrate") (value "64")
L 07/29/2025 - 19:18:04: [basecommands.smx] "Console<0><Console><Console>" changed cvar (cvar "sv_maxcmdrate") (value "64")
L 07/29/2025 - 19:18:04: [basecommands.smx] "Console<0><Console><Console>" changed cvar (cvar "sv_minupdaterate") (value "64")
L 07/29/2025 - 19:18:04: [basecommands.smx] "Console<0><Console><Console>" changed cvar (cvar "sv_maxupdaterate") (value "64")
L 07/29/2025 - 19:18:04: [basecommands.smx] "Console<0><Console><Console>" changed cvar (cvar "sv_client_min_interp_ratio") (value "-1")
L 07/29/2025 - 19:18:04: [basecommands.smx] "Console<0><Console><Console>" changed cvar (cvar "sv_client_max_interp_ratio") (value "2")
L 07/29/2025 - 19:18:09: Log file closed.
L 07/29/2025 - 19:26:31: SourceMod log file session started (file "/home/steam/game_server/Left_4_Dead_2/left4dead2/addons/sourcemod/logs/L20250729.log") (Version "1.12.0.7207")
L 07/29/2025 - 19:26:31: [basecommands.smx] "Console<0><Console><Console>" changed cvar (cvar "z_difficulty") (value "hard")
L 07/29/2025 - 19:26:31: [basecommands.smx] "Console<0><Console><Console>" changed cvar (cvar "survivor_friendly_fire_factor_hard") (value "0.2")
L 07/29/2025 - 19:26:31: [basecommands.smx] "Console<0><Console><Console>" changed cvar (cvar "survivor_burn_factor_hard") (value "0.5")
L 07/29/2025 - 19:26:31: [basecommands.smx] "Console<0><Console><Console>" changed cvar (cvar "fps_max") (value "144")
L 07/29/2025 - 19:26:31: [basecommands.smx] "Console<0><Console><Console>" changed cvar (cvar "net_splitpacket_maxrate") (value "32000")
L 07/29/2025 - 19:26:31: [basecommands.smx] "Console<0><Console><Console>" changed cvar (cvar "nb_update_frequency") (value "0.024")
L 07/29/2025 - 19:26:31: [basecommands.smx] "Console<0><Console><Console>" changed cvar (cvar "sv_minrate") (value "64000")
L 07/29/2025 - 19:26:31: [basecommands.smx] "Console<0><Console><Console>" changed cvar (cvar "sv_maxrate") (value "64000")
L 07/29/2025 - 19:26:31: [basecommands.smx] "Console<0><Console><Console>" changed cvar (cvar "sv_mincmdrate") (value "64")
L 07/29/2025 - 19:26:31: [basecommands.smx] "Console<0><Console><Console>" changed cvar (cvar "sv_maxcmdrate") (value "64")
L 07/29/2025 - 19:26:31: [basecommands.smx] "Console<0><Console><Console>" changed cvar (cvar "sv_minupdaterate") (value "64")
L 07/29/2025 - 19:26:31: [basecommands.smx] "Console<0><Console><Console>" changed cvar (cvar "sv_maxupdaterate") (value "64")
L 07/29/2025 - 19:26:31: [basecommands.smx] "Console<0><Console><Console>" changed cvar (cvar "sv_client_min_interp_ratio") (value "-1")
L 07/29/2025 - 19:26:31: [basecommands.smx] "Console<0><Console><Console>" changed cvar (cvar "sv_client_max_interp_ratio") (value "2")
L 07/29/2025 - 19:30:57: -------- Mapchange to c1m1_hotel --------
L 07/29/2025 - 19:30:58: [basecommands.smx] "Console<0><Console><Console>" changed cvar (cvar "z_difficulty") (value "hard")
L 07/29/2025 - 19:30:58: [basecommands.smx] "Console<0><Console><Console>" changed cvar (cvar "survivor_friendly_fire_factor_hard") (value "0.2")
L 07/29/2025 - 19:30:58: [basecommands.smx] "Console<0><Console><Console>" changed cvar (cvar "survivor_burn_factor_hard") (value "0.5")
L 07/29/2025 - 19:30:58: [basecommands.smx] "Console<0><Console><Console>" changed cvar (cvar "fps_max") (value "144")
L 07/29/2025 - 19:30:58: [basecommands.smx] "Console<0><Console><Console>" changed cvar (cvar "net_splitpacket_maxrate") (value "32000")
L 07/29/2025 - 19:30:58: [basecommands.smx] "Console<0><Console><Console>" changed cvar (cvar "nb_update_frequency") (value "0.024")
L 07/29/2025 - 19:30:58: [basecommands.smx] "Console<0><Console><Console>" changed cvar (cvar "sv_minrate") (value "64000")
L 07/29/2025 - 19:30:58: [basecommands.smx] "Console<0><Console><Console>" changed cvar (cvar "sv_maxrate") (value "64000")
L 07/29/2025 - 19:30:58: [basecommands.smx] "Console<0><Console><Console>" changed cvar (cvar "sv_mincmdrate") (value "64")
L 07/29/2025 - 19:30:58: [basecommands.smx] "Console<0><Console><Console>" changed cvar (cvar "sv_maxcmdrate") (value "64")
L 07/29/2025 - 19:30:58: [basecommands.smx] "Console<0><Console><Console>" changed cvar (cvar "sv_minupdaterate") (value "64")
L 07/29/2025 - 19:30:58: [basecommands.smx] "Console<0><Console><Console>" changed cvar (cvar "sv_maxupdaterate") (value "64")
L 07/29/2025 - 19:30:58: [basecommands.smx] "Console<0><Console><Console>" changed cvar (cvar "sv_client_min_interp_ratio") (value "-1")
L 07/29/2025 - 19:30:58: [basecommands.smx] "Console<0><Console><Console>" changed cvar (cvar "sv_client_max_interp_ratio") (value "2")
L 07/29/2025 - 19:46:24: Log file closed.
L 07/29/2025 - 19:53:59: SourceMod log file session started (file "/home/steam/game_server/Left_4_Dead_2/left4dead2/addons/sourcemod/logs/L20250729.log") (Version "1.12.0.7207")
L 07/29/2025 - 19:53:59: [basecommands.smx] "Console<0><Console><Console>" changed cvar (cvar "z_difficulty") (value "hard")
L 07/29/2025 - 19:53:59: [basecommands.smx] "Console<0><Console><Console>" changed cvar (cvar "survivor_friendly_fire_factor_hard") (value "0.2")
L 07/29/2025 - 19:53:59: [basecommands.smx] "Console<0><Console><Console>" changed cvar (cvar "survivor_burn_factor_hard") (value "0.5")
L 07/29/2025 - 19:53:59: [basecommands.smx] "Console<0><Console><Console>" changed cvar (cvar "fps_max") (value "144")
L 07/29/2025 - 19:53:59: [basecommands.smx] "Console<0><Console><Console>" changed cvar (cvar "net_splitpacket_maxrate") (value "32000")
L 07/29/2025 - 19:53:59: [basecommands.smx] "Console<0><Console><Console>" changed cvar (cvar "nb_update_frequency") (value "0.024")
L 07/29/2025 - 19:53:59: [basecommands.smx] "Console<0><Console><Console>" changed cvar (cvar "sv_minrate") (value "64000")
L 07/29/2025 - 19:53:59: [basecommands.smx] "Console<0><Console><Console>" changed cvar (cvar "sv_maxrate") (value "64000")
L 07/29/2025 - 19:53:59: [basecommands.smx] "Console<0><Console><Console>" changed cvar (cvar "sv_mincmdrate") (value "64")
L 07/29/2025 - 19:53:59: [basecommands.smx] "Console<0><Console><Console>" changed cvar (cvar "sv_maxcmdrate") (value "64")
L 07/29/2025 - 19:53:59: [basecommands.smx] "Console<0><Console><Console>" changed cvar (cvar "sv_minupdaterate") (value "64")
L 07/29/2025 - 19:53:59: [basecommands.smx] "Console<0><Console><Console>" changed cvar (cvar "sv_maxupdaterate") (value "64")
L 07/29/2025 - 19:53:59: [basecommands.smx] "Console<0><Console><Console>" changed cvar (cvar "sv_client_min_interp_ratio") (value "-1")
L 07/29/2025 - 19:53:59: [basecommands.smx] "Console<0><Console><Console>" changed cvar (cvar "sv_client_max_interp_ratio") (value "2")
L 07/29/2025 - 19:55:50: SourceMod log file session started (file "/home/steam/game_server/Left_4_Dead_2/left4dead2/addons/sourcemod/logs/L20250729.log") (Version "1.12.0.7207")
L 07/29/2025 - 19:55:50: [basecommands.smx] "Console<0><Console><Console>" changed cvar (cvar "z_difficulty") (value "hard")
L 07/29/2025 - 19:55:50: [basecommands.smx] "Console<0><Console><Console>" changed cvar (cvar "survivor_friendly_fire_factor_hard") (value "0.2")
L 07/29/2025 - 19:55:50: [basecommands.smx] "Console<0><Console><Console>" changed cvar (cvar "survivor_burn_factor_hard") (value "0.5")
L 07/29/2025 - 19:55:50: [basecommands.smx] "Console<0><Console><Console>" changed cvar (cvar "fps_max") (value "144")
L 07/29/2025 - 19:55:50: [basecommands.smx] "Console<0><Console><Console>" changed cvar (cvar "net_splitpacket_maxrate") (value "32000")
L 07/29/2025 - 19:55:50: [basecommands.smx] "Console<0><Console><Console>" changed cvar (cvar "nb_update_frequency") (value "0.024")
L 07/29/2025 - 19:55:50: [basecommands.smx] "Console<0><Console><Console>" changed cvar (cvar "sv_minrate") (value "64000")
L 07/29/2025 - 19:55:50: [basecommands.smx] "Console<0><Console><Console>" changed cvar (cvar "sv_maxrate") (value "64000")
L 07/29/2025 - 19:55:50: [basecommands.smx] "Console<0><Console><Console>" changed cvar (cvar "sv_mincmdrate") (value "64")
L 07/29/2025 - 19:55:50: [basecommands.smx] "Console<0><Console><Console>" changed cvar (cvar "sv_maxcmdrate") (value "64")
L 07/29/2025 - 19:55:50: [basecommands.smx] "Console<0><Console><Console>" changed cvar (cvar "sv_minupdaterate") (value "64")
L 07/29/2025 - 19:55:50: [basecommands.smx] "Console<0><Console><Console>" changed cvar (cvar "sv_maxupdaterate") (value "64")
L 07/29/2025 - 19:55:50: [basecommands.smx] "Console<0><Console><Console>" changed cvar (cvar "sv_client_min_interp_ratio") (value "-1")
L 07/29/2025 - 19:55:50: [basecommands.smx] "Console<0><Console><Console>" changed cvar (cvar "sv_client_max_interp_ratio") (value "2")
L 07/29/2025 - 19:57:40: -------- Mapchange to c1m1_hotel --------
L 07/29/2025 - 19:57:41: [basecommands.smx] "Console<0><Console><Console>" changed cvar (cvar "z_difficulty") (value "hard")
L 07/29/2025 - 19:57:41: [basecommands.smx] "Console<0><Console><Console>" changed cvar (cvar "survivor_friendly_fire_factor_hard") (value "0.2")
L 07/29/2025 - 19:57:41: [basecommands.smx] "Console<0><Console><Console>" changed cvar (cvar "survivor_burn_factor_hard") (value "0.5")
L 07/29/2025 - 19:57:41: [basecommands.smx] "Console<0><Console><Console>" changed cvar (cvar "fps_max") (value "144")
L 07/29/2025 - 19:57:41: [basecommands.smx] "Console<0><Console><Console>" changed cvar (cvar "net_splitpacket_maxrate") (value "32000")
L 07/29/2025 - 19:57:41: [basecommands.smx] "Console<0><Console><Console>" changed cvar (cvar "nb_update_frequency") (value "0.024")
L 07/29/2025 - 19:57:41: [basecommands.smx] "Console<0><Console><Console>" changed cvar (cvar "sv_minrate") (value "64000")
L 07/29/2025 - 19:57:41: [basecommands.smx] "Console<0><Console><Console>" changed cvar (cvar "sv_maxrate") (value "64000")
L 07/29/2025 - 19:57:41: [basecommands.smx] "Console<0><Console><Console>" changed cvar (cvar "sv_mincmdrate") (value "64")
L 07/29/2025 - 19:57:41: [basecommands.smx] "Console<0><Console><Console>" changed cvar (cvar "sv_maxcmdrate") (value "64")
L 07/29/2025 - 19:57:41: [basecommands.smx] "Console<0><Console><Console>" changed cvar (cvar "sv_minupdaterate") (value "64")
L 07/29/2025 - 19:57:41: [basecommands.smx] "Console<0><Console><Console>" changed cvar (cvar "sv_maxupdaterate") (value "64")
L 07/29/2025 - 19:57:41: [basecommands.smx] "Console<0><Console><Console>" changed cvar (cvar "sv_client_min_interp_ratio") (value "-1")
L 07/29/2025 - 19:57:41: [basecommands.smx] "Console<0><Console><Console>" changed cvar (cvar "sv_client_max_interp_ratio") (value "2")
L 07/29/2025 - 19:59:53: SourceMod log file session started (file "/home/steam/game_server/Left_4_Dead_2/left4dead2/addons/sourcemod/logs/L20250729.log") (Version "1.12.0.7207")
L 07/29/2025 - 19:59:53: [basecommands.smx] "Console<0><Console><Console>" changed cvar (cvar "z_difficulty") (value "hard")
L 07/29/2025 - 19:59:53: [basecommands.smx] "Console<0><Console><Console>" changed cvar (cvar "survivor_friendly_fire_factor_hard") (value "0.2")
L 07/29/2025 - 19:59:53: [basecommands.smx] "Console<0><Console><Console>" changed cvar (cvar "survivor_burn_factor_hard") (value "0.5")
L 07/29/2025 - 19:59:53: [basecommands.smx] "Console<0><Console><Console>" changed cvar (cvar "fps_max") (value "144")
L 07/29/2025 - 19:59:53: [basecommands.smx] "Console<0><Console><Console>" changed cvar (cvar "net_splitpacket_maxrate") (value "32000")
L 07/29/2025 - 19:59:53: [basecommands.smx] "Console<0><Console><Console>" changed cvar (cvar "nb_update_frequency") (value "0.024")
L 07/29/2025 - 19:59:53: [basecommands.smx] "Console<0><Console><Console>" changed cvar (cvar "sv_minrate") (value "64000")
L 07/29/2025 - 19:59:53: [basecommands.smx] "Console<0><Console><Console>" changed cvar (cvar "sv_maxrate") (value "64000")
L 07/29/2025 - 19:59:53: [basecommands.smx] "Console<0><Console><Console>" changed cvar (cvar "sv_mincmdrate") (value "64")
L 07/29/2025 - 19:59:53: [basecommands.smx] "Console<0><Console><Console>" changed cvar (cvar "sv_maxcmdrate") (value "64")
L 07/29/2025 - 19:59:53: [basecommands.smx] "Console<0><Console><Console>" changed cvar (cvar "sv_minupdaterate") (value "64")
L 07/29/2025 - 19:59:53: [basecommands.smx] "Console<0><Console><Console>" changed cvar (cvar "sv_maxupdaterate") (value "64")
L 07/29/2025 - 19:59:53: [basecommands.smx] "Console<0><Console><Console>" changed cvar (cvar "sv_client_min_interp_ratio") (value "-1")
L 07/29/2025 - 19:59:53: [basecommands.smx] "Console<0><Console><Console>" changed cvar (cvar "sv_client_max_interp_ratio") (value "2")
L 07/29/2025 - 20:08:15: -------- Mapchange to c1m1_hotel --------
L 07/29/2025 - 20:08:16: [basecommands.smx] "Console<0><Console><Console>" changed cvar (cvar "z_difficulty") (value "hard")
L 07/29/2025 - 20:08:16: [basecommands.smx] "Console<0><Console><Console>" changed cvar (cvar "survivor_friendly_fire_factor_hard") (value "0.2")
L 07/29/2025 - 20:08:16: [basecommands.smx] "Console<0><Console><Console>" changed cvar (cvar "survivor_burn_factor_hard") (value "0.5")
L 07/29/2025 - 20:08:16: [basecommands.smx] "Console<0><Console><Console>" changed cvar (cvar "fps_max") (value "144")
L 07/29/2025 - 20:08:16: [basecommands.smx] "Console<0><Console><Console>" changed cvar (cvar "net_splitpacket_maxrate") (value "32000")
L 07/29/2025 - 20:08:16: [basecommands.smx] "Console<0><Console><Console>" changed cvar (cvar "nb_update_frequency") (value "0.024")
L 07/29/2025 - 20:08:16: [basecommands.smx] "Console<0><Console><Console>" changed cvar (cvar "sv_minrate") (value "64000")
L 07/29/2025 - 20:08:16: [basecommands.smx] "Console<0><Console><Console>" changed cvar (cvar "sv_maxrate") (value "64000")
L 07/29/2025 - 20:08:16: [basecommands.smx] "Console<0><Console><Console>" changed cvar (cvar "sv_mincmdrate") (value "64")
L 07/29/2025 - 20:08:16: [basecommands.smx] "Console<0><Console><Console>" changed cvar (cvar "sv_maxcmdrate") (value "64")
L 07/29/2025 - 20:08:16: [basecommands.smx] "Console<0><Console><Console>" changed cvar (cvar "sv_minupdaterate") (value "64")
L 07/29/2025 - 20:08:16: [basecommands.smx] "Console<0><Console><Console>" changed cvar (cvar "sv_maxupdaterate") (value "64")
L 07/29/2025 - 20:08:16: [basecommands.smx] "Console<0><Console><Console>" changed cvar (cvar "sv_client_min_interp_ratio") (value "-1")
L 07/29/2025 - 20:08:16: [basecommands.smx] "Console<0><Console><Console>" changed cvar (cvar "sv_client_max_interp_ratio") (value "2")
L 07/29/2025 - 20:08:32: Log file closed.
L 07/29/2025 - 20:10:04: SourceMod log file session started (file "/home/steam/game_server/Left_4_Dead_2/left4dead2/addons/sourcemod/logs/L20250729.log") (Version "1.12.0.7207")
L 07/29/2025 - 20:10:04: [basecommands.smx] "Console<0><Console><Console>" changed cvar (cvar "z_difficulty") (value "hard")
L 07/29/2025 - 20:10:04: [basecommands.smx] "Console<0><Console><Console>" changed cvar (cvar "survivor_friendly_fire_factor_hard") (value "0.2")
L 07/29/2025 - 20:10:04: [basecommands.smx] "Console<0><Console><Console>" changed cvar (cvar "survivor_burn_factor_hard") (value "0.5")
L 07/29/2025 - 20:10:04: [basecommands.smx] "Console<0><Console><Console>" changed cvar (cvar "fps_max") (value "144")
L 07/29/2025 - 20:10:04: [basecommands.smx] "Console<0><Console><Console>" changed cvar (cvar "net_splitpacket_maxrate") (value "32000")
L 07/29/2025 - 20:10:04: [basecommands.smx] "Console<0><Console><Console>" changed cvar (cvar "nb_update_frequency") (value "0.024")
L 07/29/2025 - 20:10:04: [basecommands.smx] "Console<0><Console><Console>" changed cvar (cvar "sv_minrate") (value "64000")
L 07/29/2025 - 20:10:04: [basecommands.smx] "Console<0><Console><Console>" changed cvar (cvar "sv_maxrate") (value "64000")
L 07/29/2025 - 20:10:04: [basecommands.smx] "Console<0><Console><Console>" changed cvar (cvar "sv_mincmdrate") (value "64")
L 07/29/2025 - 20:10:04: [basecommands.smx] "Console<0><Console><Console>" changed cvar (cvar "sv_maxcmdrate") (value "64")
L 07/29/2025 - 20:10:04: [basecommands.smx] "Console<0><Console><Console>" changed cvar (cvar "sv_minupdaterate") (value "64")
L 07/29/2025 - 20:10:04: [basecommands.smx] "Console<0><Console><Console>" changed cvar (cvar "sv_maxupdaterate") (value "64")
L 07/29/2025 - 20:10:04: [basecommands.smx] "Console<0><Console><Console>" changed cvar (cvar "sv_client_min_interp_ratio") (value "-1")
L 07/29/2025 - 20:10:04: [basecommands.smx] "Console<0><Console><Console>" changed cvar (cvar "sv_client_max_interp_ratio") (value "2")
L 07/29/2025 - 20:11:21: -------- Mapchange to c1m1_hotel --------
L 07/29/2025 - 20:11:22: [basecommands.smx] "Console<0><Console><Console>" changed cvar (cvar "z_difficulty") (value "hard")
L 07/29/2025 - 20:11:22: [basecommands.smx] "Console<0><Console><Console>" changed cvar (cvar "survivor_friendly_fire_factor_hard") (value "0.2")
L 07/29/2025 - 20:11:22: [basecommands.smx] "Console<0><Console><Console>" changed cvar (cvar "survivor_burn_factor_hard") (value "0.5")
L 07/29/2025 - 20:11:22: [basecommands.smx] "Console<0><Console><Console>" changed cvar (cvar "fps_max") (value "144")
L 07/29/2025 - 20:11:22: [basecommands.smx] "Console<0><Console><Console>" changed cvar (cvar "net_splitpacket_maxrate") (value "32000")
L 07/29/2025 - 20:11:22: [basecommands.smx] "Console<0><Console><Console>" changed cvar (cvar "nb_update_frequency") (value "0.024")
L 07/29/2025 - 20:11:22: [basecommands.smx] "Console<0><Console><Console>" changed cvar (cvar "sv_minrate") (value "64000")
L 07/29/2025 - 20:11:22: [basecommands.smx] "Console<0><Console><Console>" changed cvar (cvar "sv_maxrate") (value "64000")
L 07/29/2025 - 20:11:22: [basecommands.smx] "Console<0><Console><Console>" changed cvar (cvar "sv_mincmdrate") (value "64")
L 07/29/2025 - 20:11:22: [basecommands.smx] "Console<0><Console><Console>" changed cvar (cvar "sv_maxcmdrate") (value "64")
L 07/29/2025 - 20:11:22: [basecommands.smx] "Console<0><Console><Console>" changed cvar (cvar "sv_minupdaterate") (value "64")
L 07/29/2025 - 20:11:22: [basecommands.smx] "Console<0><Console><Console>" changed cvar (cvar "sv_maxupdaterate") (value "64")
L 07/29/2025 - 20:11:22: [basecommands.smx] "Console<0><Console><Console>" changed cvar (cvar "sv_client_min_interp_ratio") (value "-1")
L 07/29/2025 - 20:11:22: [basecommands.smx] "Console<0><Console><Console>" changed cvar (cvar "sv_client_max_interp_ratio") (value "2")
L 07/29/2025 - 20:11:50: -------- Mapchange to c1m2_streets --------
L 07/29/2025 - 20:11:51: [basecommands.smx] "Console<0><Console><Console>" changed cvar (cvar "z_difficulty") (value "hard")
L 07/29/2025 - 20:11:51: [basecommands.smx] "Console<0><Console><Console>" changed cvar (cvar "survivor_friendly_fire_factor_hard") (value "0.2")
L 07/29/2025 - 20:11:51: [basecommands.smx] "Console<0><Console><Console>" changed cvar (cvar "survivor_burn_factor_hard") (value "0.5")
L 07/29/2025 - 20:11:51: [basecommands.smx] "Console<0><Console><Console>" changed cvar (cvar "fps_max") (value "144")
L 07/29/2025 - 20:11:51: [basecommands.smx] "Console<0><Console><Console>" changed cvar (cvar "net_splitpacket_maxrate") (value "32000")
L 07/29/2025 - 20:11:51: [basecommands.smx] "Console<0><Console><Console>" changed cvar (cvar "nb_update_frequency") (value "0.024")
L 07/29/2025 - 20:11:51: [basecommands.smx] "Console<0><Console><Console>" changed cvar (cvar "sv_minrate") (value "64000")
L 07/29/2025 - 20:11:51: [basecommands.smx] "Console<0><Console><Console>" changed cvar (cvar "sv_maxrate") (value "64000")
L 07/29/2025 - 20:11:51: [basecommands.smx] "Console<0><Console><Console>" changed cvar (cvar "sv_mincmdrate") (value "64")
L 07/29/2025 - 20:11:51: [basecommands.smx] "Console<0><Console><Console>" changed cvar (cvar "sv_maxcmdrate") (value "64")
L 07/29/2025 - 20:11:51: [basecommands.smx] "Console<0><Console><Console>" changed cvar (cvar "sv_minupdaterate") (value "64")
L 07/29/2025 - 20:11:51: [basecommands.smx] "Console<0><Console><Console>" changed cvar (cvar "sv_maxupdaterate") (value "64")
L 07/29/2025 - 20:11:51: [basecommands.smx] "Console<0><Console><Console>" changed cvar (cvar "sv_client_min_interp_ratio") (value "-1")
L 07/29/2025 - 20:11:51: [basecommands.smx] "Console<0><Console><Console>" changed cvar (cvar "sv_client_max_interp_ratio") (value "2")
L 07/29/2025 - 20:14:15: -------- Mapchange to c1m1_hotel --------
L 07/29/2025 - 20:14:16: [basecommands.smx] "Console<0><Console><Console>" changed cvar (cvar "z_difficulty") (value "hard")
L 07/29/2025 - 20:14:16: [basecommands.smx] "Console<0><Console><Console>" changed cvar (cvar "survivor_friendly_fire_factor_hard") (value "0.2")
L 07/29/2025 - 20:14:16: [basecommands.smx] "Console<0><Console><Console>" changed cvar (cvar "survivor_burn_factor_hard") (value "0.5")
L 07/29/2025 - 20:14:16: [basecommands.smx] "Console<0><Console><Console>" changed cvar (cvar "fps_max") (value "144")
L 07/29/2025 - 20:14:16: [basecommands.smx] "Console<0><Console><Console>" changed cvar (cvar "net_splitpacket_maxrate") (value "32000")
L 07/29/2025 - 20:14:16: [basecommands.smx] "Console<0><Console><Console>" changed cvar (cvar "nb_update_frequency") (value "0.024")
L 07/29/2025 - 20:14:16: [basecommands.smx] "Console<0><Console><Console>" changed cvar (cvar "sv_minrate") (value "64000")
L 07/29/2025 - 20:14:16: [basecommands.smx] "Console<0><Console><Console>" changed cvar (cvar "sv_maxrate") (value "64000")
L 07/29/2025 - 20:14:16: [basecommands.smx] "Console<0><Console><Console>" changed cvar (cvar "sv_mincmdrate") (value "64")
L 07/29/2025 - 20:14:16: [basecommands.smx] "Console<0><Console><Console>" changed cvar (cvar "sv_maxcmdrate") (value "64")
L 07/29/2025 - 20:14:16: [basecommands.smx] "Console<0><Console><Console>" changed cvar (cvar "sv_minupdaterate") (value "64")
L 07/29/2025 - 20:14:16: [basecommands.smx] "Console<0><Console><Console>" changed cvar (cvar "sv_maxupdaterate") (value "64")
L 07/29/2025 - 20:14:16: [basecommands.smx] "Console<0><Console><Console>" changed cvar (cvar "sv_client_min_interp_ratio") (value "-1")
L 07/29/2025 - 20:14:16: [basecommands.smx] "Console<0><Console><Console>" changed cvar (cvar "sv_client_max_interp_ratio") (value "2")
L 07/29/2025 - 20:14:22: Log file closed.
L 07/29/2025 - 20:27:17: SourceMod log file session started (file "/home/steam/game_server/Left_4_Dead_2/left4dead2/addons/sourcemod/logs/L20250729.log") (Version "1.12.0.7207")
L 07/29/2025 - 20:27:17: [basecommands.smx] "Console<0><Console><Console>" changed cvar (cvar "z_difficulty") (value "hard")
L 07/29/2025 - 20:27:17: [basecommands.smx] "Console<0><Console><Console>" changed cvar (cvar "survivor_friendly_fire_factor_hard") (value "0.2")
L 07/29/2025 - 20:27:17: [basecommands.smx] "Console<0><Console><Console>" changed cvar (cvar "survivor_burn_factor_hard") (value "0.5")
L 07/29/2025 - 20:27:17: [basecommands.smx] "Console<0><Console><Console>" changed cvar (cvar "fps_max") (value "144")
L 07/29/2025 - 20:27:17: [basecommands.smx] "Console<0><Console><Console>" changed cvar (cvar "net_splitpacket_maxrate") (value "32000")
L 07/29/2025 - 20:27:17: [basecommands.smx] "Console<0><Console><Console>" changed cvar (cvar "nb_update_frequency") (value "0.024")
L 07/29/2025 - 20:27:17: [basecommands.smx] "Console<0><Console><Console>" changed cvar (cvar "sv_minrate") (value "64000")
L 07/29/2025 - 20:27:17: [basecommands.smx] "Console<0><Console><Console>" changed cvar (cvar "sv_maxrate") (value "64000")
L 07/29/2025 - 20:27:17: [basecommands.smx] "Console<0><Console><Console>" changed cvar (cvar "sv_mincmdrate") (value "64")
L 07/29/2025 - 20:27:17: [basecommands.smx] "Console<0><Console><Console>" changed cvar (cvar "sv_maxcmdrate") (value "64")
L 07/29/2025 - 20:27:17: [basecommands.smx] "Console<0><Console><Console>" changed cvar (cvar "sv_minupdaterate") (value "64")
L 07/29/2025 - 20:27:17: [basecommands.smx] "Console<0><Console><Console>" changed cvar (cvar "sv_maxupdaterate") (value "64")
L 07/29/2025 - 20:27:17: [basecommands.smx] "Console<0><Console><Console>" changed cvar (cvar "sv_client_min_interp_ratio") (value "-1")
L 07/29/2025 - 20:27:17: [basecommands.smx] "Console<0><Console><Console>" changed cvar (cvar "sv_client_max_interp_ratio") (value "2")
L 07/29/2025 - 20:28:23: SourceMod log file session started (file "/home/steam/game_server/Left_4_Dead_2/left4dead2/addons/sourcemod/logs/L20250729.log") (Version "1.12.0.7207")
L 07/29/2025 - 20:28:23: [basecommands.smx] "Console<0><Console><Console>" changed cvar (cvar "z_difficulty") (value "hard")
L 07/29/2025 - 20:28:23: [basecommands.smx] "Console<0><Console><Console>" changed cvar (cvar "survivor_friendly_fire_factor_hard") (value "0.2")
L 07/29/2025 - 20:28:23: [basecommands.smx] "Console<0><Console><Console>" changed cvar (cvar "survivor_burn_factor_hard") (value "0.5")
L 07/29/2025 - 20:28:23: [basecommands.smx] "Console<0><Console><Console>" changed cvar (cvar "fps_max") (value "144")
L 07/29/2025 - 20:28:23: [basecommands.smx] "Console<0><Console><Console>" changed cvar (cvar "net_splitpacket_maxrate") (value "32000")
L 07/29/2025 - 20:28:23: [basecommands.smx] "Console<0><Console><Console>" changed cvar (cvar "nb_update_frequency") (value "0.024")
L 07/29/2025 - 20:28:23: [basecommands.smx] "Console<0><Console><Console>" changed cvar (cvar "sv_minrate") (value "64000")
L 07/29/2025 - 20:28:23: [basecommands.smx] "Console<0><Console><Console>" changed cvar (cvar "sv_maxrate") (value "64000")
L 07/29/2025 - 20:28:23: [basecommands.smx] "Console<0><Console><Console>" changed cvar (cvar "sv_mincmdrate") (value "64")
L 07/29/2025 - 20:28:23: [basecommands.smx] "Console<0><Console><Console>" changed cvar (cvar "sv_maxcmdrate") (value "64")
L 07/29/2025 - 20:28:23: [basecommands.smx] "Console<0><Console><Console>" changed cvar (cvar "sv_minupdaterate") (value "64")
L 07/29/2025 - 20:28:23: [basecommands.smx] "Console<0><Console><Console>" changed cvar (cvar "sv_maxupdaterate") (value "64")
L 07/29/2025 - 20:28:23: [basecommands.smx] "Console<0><Console><Console>" changed cvar (cvar "sv_client_min_interp_ratio") (value "-1")
L 07/29/2025 - 20:28:23: [basecommands.smx] "Console<0><Console><Console>" changed cvar (cvar "sv_client_max_interp_ratio") (value "2")
L 07/29/2025 - 20:31:38: -------- Mapchange to c1m1_hotel --------
L 07/29/2025 - 20:31:39: [basecommands.smx] "Console<0><Console><Console>" changed cvar (cvar "z_difficulty") (value "hard")
L 07/29/2025 - 20:31:39: [basecommands.smx] "Console<0><Console><Console>" changed cvar (cvar "survivor_friendly_fire_factor_hard") (value "0.2")
L 07/29/2025 - 20:31:39: [basecommands.smx] "Console<0><Console><Console>" changed cvar (cvar "survivor_burn_factor_hard") (value "0.5")
L 07/29/2025 - 20:31:39: [basecommands.smx] "Console<0><Console><Console>" changed cvar (cvar "fps_max") (value "144")
L 07/29/2025 - 20:31:39: [basecommands.smx] "Console<0><Console><Console>" changed cvar (cvar "net_splitpacket_maxrate") (value "32000")
L 07/29/2025 - 20:31:39: [basecommands.smx] "Console<0><Console><Console>" changed cvar (cvar "nb_update_frequency") (value "0.024")
L 07/29/2025 - 20:31:39: [basecommands.smx] "Console<0><Console><Console>" changed cvar (cvar "sv_minrate") (value "64000")
L 07/29/2025 - 20:31:39: [basecommands.smx] "Console<0><Console><Console>" changed cvar (cvar "sv_maxrate") (value "64000")
L 07/29/2025 - 20:31:39: [basecommands.smx] "Console<0><Console><Console>" changed cvar (cvar "sv_mincmdrate") (value "64")
L 07/29/2025 - 20:31:39: [basecommands.smx] "Console<0><Console><Console>" changed cvar (cvar "sv_maxcmdrate") (value "64")
L 07/29/2025 - 20:31:39: [basecommands.smx] "Console<0><Console><Console>" changed cvar (cvar "sv_minupdaterate") (value "64")
L 07/29/2025 - 20:31:39: [basecommands.smx] "Console<0><Console><Console>" changed cvar (cvar "sv_maxupdaterate") (value "64")
L 07/29/2025 - 20:31:39: [basecommands.smx] "Console<0><Console><Console>" changed cvar (cvar "sv_client_min_interp_ratio") (value "-1")
L 07/29/2025 - 20:31:39: [basecommands.smx] "Console<0><Console><Console>" changed cvar (cvar "sv_client_max_interp_ratio") (value "2")
L 07/29/2025 - 20:33:33: SourceMod log file session started (file "/home/steam/game_server/Left_4_Dead_2/left4dead2/addons/sourcemod/logs/L20250729.log") (Version "1.12.0.7207")
L 07/29/2025 - 20:33:33: [basecommands.smx] "Console<0><Console><Console>" changed cvar (cvar "z_difficulty") (value "hard")
L 07/29/2025 - 20:33:33: [basecommands.smx] "Console<0><Console><Console>" changed cvar (cvar "survivor_friendly_fire_factor_hard") (value "0.2")
L 07/29/2025 - 20:33:33: [basecommands.smx] "Console<0><Console><Console>" changed cvar (cvar "survivor_burn_factor_hard") (value "0.5")
L 07/29/2025 - 20:33:33: [basecommands.smx] "Console<0><Console><Console>" changed cvar (cvar "fps_max") (value "144")
L 07/29/2025 - 20:33:33: [basecommands.smx] "Console<0><Console><Console>" changed cvar (cvar "net_splitpacket_maxrate") (value "32000")
L 07/29/2025 - 20:33:33: [basecommands.smx] "Console<0><Console><Console>" changed cvar (cvar "nb_update_frequency") (value "0.024")
L 07/29/2025 - 20:33:33: [basecommands.smx] "Console<0><Console><Console>" changed cvar (cvar "sv_minrate") (value "64000")
L 07/29/2025 - 20:33:33: [basecommands.smx] "Console<0><Console><Console>" changed cvar (cvar "sv_maxrate") (value "64000")
L 07/29/2025 - 20:33:33: [basecommands.smx] "Console<0><Console><Console>" changed cvar (cvar "sv_mincmdrate") (value "64")
L 07/29/2025 - 20:33:33: [basecommands.smx] "Console<0><Console><Console>" changed cvar (cvar "sv_maxcmdrate") (value "64")
L 07/29/2025 - 20:33:33: [basecommands.smx] "Console<0><Console><Console>" changed cvar (cvar "sv_minupdaterate") (value "64")
L 07/29/2025 - 20:33:33: [basecommands.smx] "Console<0><Console><Console>" changed cvar (cvar "sv_maxupdaterate") (value "64")
L 07/29/2025 - 20:33:33: [basecommands.smx] "Console<0><Console><Console>" changed cvar (cvar "sv_client_min_interp_ratio") (value "-1")
L 07/29/2025 - 20:33:33: [basecommands.smx] "Console<0><Console><Console>" changed cvar (cvar "sv_client_max_interp_ratio") (value "2")
L 07/29/2025 - 20:37:28: -------- Mapchange to c1m1_hotel --------
L 07/29/2025 - 20:37:29: [basecommands.smx] "Console<0><Console><Console>" changed cvar (cvar "z_difficulty") (value "hard")
L 07/29/2025 - 20:37:29: [basecommands.smx] "Console<0><Console><Console>" changed cvar (cvar "survivor_friendly_fire_factor_hard") (value "0.2")
L 07/29/2025 - 20:37:29: [basecommands.smx] "Console<0><Console><Console>" changed cvar (cvar "survivor_burn_factor_hard") (value "0.5")
L 07/29/2025 - 20:37:29: [basecommands.smx] "Console<0><Console><Console>" changed cvar (cvar "fps_max") (value "144")
L 07/29/2025 - 20:37:29: [basecommands.smx] "Console<0><Console><Console>" changed cvar (cvar "net_splitpacket_maxrate") (value "32000")
L 07/29/2025 - 20:37:29: [basecommands.smx] "Console<0><Console><Console>" changed cvar (cvar "nb_update_frequency") (value "0.024")
L 07/29/2025 - 20:37:29: [basecommands.smx] "Console<0><Console><Console>" changed cvar (cvar "sv_minrate") (value "64000")
L 07/29/2025 - 20:37:29: [basecommands.smx] "Console<0><Console><Console>" changed cvar (cvar "sv_maxrate") (value "64000")
L 07/29/2025 - 20:37:29: [basecommands.smx] "Console<0><Console><Console>" changed cvar (cvar "sv_mincmdrate") (value "64")
L 07/29/2025 - 20:37:29: [basecommands.smx] "Console<0><Console><Console>" changed cvar (cvar "sv_maxcmdrate") (value "64")
L 07/29/2025 - 20:37:29: [basecommands.smx] "Console<0><Console><Console>" changed cvar (cvar "sv_minupdaterate") (value "64")
L 07/29/2025 - 20:37:29: [basecommands.smx] "Console<0><Console><Console>" changed cvar (cvar "sv_maxupdaterate") (value "64")
L 07/29/2025 - 20:37:29: [basecommands.smx] "Console<0><Console><Console>" changed cvar (cvar "sv_client_min_interp_ratio") (value "-1")
L 07/29/2025 - 20:37:29: [basecommands.smx] "Console<0><Console><Console>" changed cvar (cvar "sv_client_max_interp_ratio") (value "2")
L 07/29/2025 - 20:37:34: Log file closed.
L 07/29/2025 - 20:48:25: SourceMod log file session started (file "/home/steam/game_server/Left_4_Dead_2/left4dead2/addons/sourcemod/logs/L20250729.log") (Version "1.12.0.7207")
L 07/29/2025 - 20:48:25: [basecommands.smx] "Console<0><Console><Console>" changed cvar (cvar "z_difficulty") (value "hard")
L 07/29/2025 - 20:48:25: [basecommands.smx] "Console<0><Console><Console>" changed cvar (cvar "survivor_friendly_fire_factor_hard") (value "0.2")
L 07/29/2025 - 20:48:25: [basecommands.smx] "Console<0><Console><Console>" changed cvar (cvar "survivor_burn_factor_hard") (value "0.5")
L 07/29/2025 - 20:48:25: [basecommands.smx] "Console<0><Console><Console>" changed cvar (cvar "fps_max") (value "144")
L 07/29/2025 - 20:48:25: [basecommands.smx] "Console<0><Console><Console>" changed cvar (cvar "net_splitpacket_maxrate") (value "32000")
L 07/29/2025 - 20:48:25: [basecommands.smx] "Console<0><Console><Console>" changed cvar (cvar "nb_update_frequency") (value "0.024")
L 07/29/2025 - 20:48:25: [basecommands.smx] "Console<0><Console><Console>" changed cvar (cvar "sv_minrate") (value "64000")
L 07/29/2025 - 20:48:25: [basecommands.smx] "Console<0><Console><Console>" changed cvar (cvar "sv_maxrate") (value "64000")
L 07/29/2025 - 20:48:25: [basecommands.smx] "Console<0><Console><Console>" changed cvar (cvar "sv_mincmdrate") (value "64")
L 07/29/2025 - 20:48:25: [basecommands.smx] "Console<0><Console><Console>" changed cvar (cvar "sv_maxcmdrate") (value "64")
L 07/29/2025 - 20:48:25: [basecommands.smx] "Console<0><Console><Console>" changed cvar (cvar "sv_minupdaterate") (value "64")
L 07/29/2025 - 20:48:25: [basecommands.smx] "Console<0><Console><Console>" changed cvar (cvar "sv_maxupdaterate") (value "64")
L 07/29/2025 - 20:48:25: [basecommands.smx] "Console<0><Console><Console>" changed cvar (cvar "sv_client_min_interp_ratio") (value "-1")
L 07/29/2025 - 20:48:25: [basecommands.smx] "Console<0><Console><Console>" changed cvar (cvar "sv_client_max_interp_ratio") (value "2")
L 07/29/2025 - 20:52:36: -------- Mapchange to c1m1_hotel --------
L 07/29/2025 - 20:52:37: [basecommands.smx] "Console<0><Console><Console>" changed cvar (cvar "z_difficulty") (value "hard")
L 07/29/2025 - 20:52:37: [basecommands.smx] "Console<0><Console><Console>" changed cvar (cvar "survivor_friendly_fire_factor_hard") (value "0.2")
L 07/29/2025 - 20:52:37: [basecommands.smx] "Console<0><Console><Console>" changed cvar (cvar "survivor_burn_factor_hard") (value "0.5")
L 07/29/2025 - 20:52:37: [basecommands.smx] "Console<0><Console><Console>" changed cvar (cvar "fps_max") (value "144")
L 07/29/2025 - 20:52:37: [basecommands.smx] "Console<0><Console><Console>" changed cvar (cvar "net_splitpacket_maxrate") (value "32000")
L 07/29/2025 - 20:52:37: [basecommands.smx] "Console<0><Console><Console>" changed cvar (cvar "nb_update_frequency") (value "0.024")
L 07/29/2025 - 20:52:37: [basecommands.smx] "Console<0><Console><Console>" changed cvar (cvar "sv_minrate") (value "64000")
L 07/29/2025 - 20:52:37: [basecommands.smx] "Console<0><Console><Console>" changed cvar (cvar "sv_maxrate") (value "64000")
L 07/29/2025 - 20:52:37: [basecommands.smx] "Console<0><Console><Console>" changed cvar (cvar "sv_mincmdrate") (value "64")
L 07/29/2025 - 20:52:37: [basecommands.smx] "Console<0><Console><Console>" changed cvar (cvar "sv_maxcmdrate") (value "64")
L 07/29/2025 - 20:52:37: [basecommands.smx] "Console<0><Console><Console>" changed cvar (cvar "sv_minupdaterate") (value "64")
L 07/29/2025 - 20:52:37: [basecommands.smx] "Console<0><Console><Console>" changed cvar (cvar "sv_maxupdaterate") (value "64")
L 07/29/2025 - 20:52:37: [basecommands.smx] "Console<0><Console><Console>" changed cvar (cvar "sv_client_min_interp_ratio") (value "-1")
L 07/29/2025 - 20:52:37: [basecommands.smx] "Console<0><Console><Console>" changed cvar (cvar "sv_client_max_interp_ratio") (value "2")
L 07/29/2025 - 20:52:40: Log file closed.
L 07/29/2025 - 20:58:05: SourceMod log file session started (file "/home/steam/game_server/Left_4_Dead_2/left4dead2/addons/sourcemod/logs/L20250729.log") (Version "1.12.0.7207")
L 07/29/2025 - 20:58:05: [basecommands.smx] "Console<0><Console><Console>" changed cvar (cvar "z_difficulty") (value "hard")
L 07/29/2025 - 20:58:05: [basecommands.smx] "Console<0><Console><Console>" changed cvar (cvar "survivor_friendly_fire_factor_hard") (value "0.2")
L 07/29/2025 - 20:58:05: [basecommands.smx] "Console<0><Console><Console>" changed cvar (cvar "survivor_burn_factor_hard") (value "0.5")
L 07/29/2025 - 20:58:05: [basecommands.smx] "Console<0><Console><Console>" changed cvar (cvar "fps_max") (value "144")
L 07/29/2025 - 20:58:05: [basecommands.smx] "Console<0><Console><Console>" changed cvar (cvar "net_splitpacket_maxrate") (value "32000")
L 07/29/2025 - 20:58:05: [basecommands.smx] "Console<0><Console><Console>" changed cvar (cvar "nb_update_frequency") (value "0.024")
L 07/29/2025 - 20:58:05: [basecommands.smx] "Console<0><Console><Console>" changed cvar (cvar "sv_minrate") (value "64000")
L 07/29/2025 - 20:58:05: [basecommands.smx] "Console<0><Console><Console>" changed cvar (cvar "sv_maxrate") (value "64000")
L 07/29/2025 - 20:58:05: [basecommands.smx] "Console<0><Console><Console>" changed cvar (cvar "sv_mincmdrate") (value "64")
L 07/29/2025 - 20:58:05: [basecommands.smx] "Console<0><Console><Console>" changed cvar (cvar "sv_maxcmdrate") (value "64")
L 07/29/2025 - 20:58:05: [basecommands.smx] "Console<0><Console><Console>" changed cvar (cvar "sv_minupdaterate") (value "64")
L 07/29/2025 - 20:58:05: [basecommands.smx] "Console<0><Console><Console>" changed cvar (cvar "sv_maxupdaterate") (value "64")
L 07/29/2025 - 20:58:05: [basecommands.smx] "Console<0><Console><Console>" changed cvar (cvar "sv_client_min_interp_ratio") (value "-1")
L 07/29/2025 - 20:58:05: [basecommands.smx] "Console<0><Console><Console>" changed cvar (cvar "sv_client_max_interp_ratio") (value "2")
L 07/29/2025 - 20:59:27: SourceMod log file session started (file "/home/steam/game_server/Left_4_Dead_2/left4dead2/addons/sourcemod/logs/L20250729.log") (Version "1.12.0.7207")
L 07/29/2025 - 20:59:27: [basecommands.smx] "Console<0><Console><Console>" changed cvar (cvar "z_difficulty") (value "hard")
L 07/29/2025 - 20:59:27: [basecommands.smx] "Console<0><Console><Console>" changed cvar (cvar "survivor_friendly_fire_factor_hard") (value "0.2")
L 07/29/2025 - 20:59:27: [basecommands.smx] "Console<0><Console><Console>" changed cvar (cvar "survivor_burn_factor_hard") (value "0.5")
L 07/29/2025 - 20:59:27: [basecommands.smx] "Console<0><Console><Console>" changed cvar (cvar "fps_max") (value "144")
L 07/29/2025 - 20:59:27: [basecommands.smx] "Console<0><Console><Console>" changed cvar (cvar "net_splitpacket_maxrate") (value "32000")
L 07/29/2025 - 20:59:27: [basecommands.smx] "Console<0><Console><Console>" changed cvar (cvar "nb_update_frequency") (value "0.024")
L 07/29/2025 - 20:59:27: [basecommands.smx] "Console<0><Console><Console>" changed cvar (cvar "sv_minrate") (value "64000")
L 07/29/2025 - 20:59:27: [basecommands.smx] "Console<0><Console><Console>" changed cvar (cvar "sv_maxrate") (value "64000")
L 07/29/2025 - 20:59:27: [basecommands.smx] "Console<0><Console><Console>" changed cvar (cvar "sv_mincmdrate") (value "64")
L 07/29/2025 - 20:59:27: [basecommands.smx] "Console<0><Console><Console>" changed cvar (cvar "sv_maxcmdrate") (value "64")
L 07/29/2025 - 20:59:27: [basecommands.smx] "Console<0><Console><Console>" changed cvar (cvar "sv_minupdaterate") (value "64")
L 07/29/2025 - 20:59:27: [basecommands.smx] "Console<0><Console><Console>" changed cvar (cvar "sv_maxupdaterate") (value "64")
L 07/29/2025 - 20:59:27: [basecommands.smx] "Console<0><Console><Console>" changed cvar (cvar "sv_client_min_interp_ratio") (value "-1")
L 07/29/2025 - 20:59:27: [basecommands.smx] "Console<0><Console><Console>" changed cvar (cvar "sv_client_max_interp_ratio") (value "2")
L 07/29/2025 - 20:59:46: SourceMod log file session started (file "/home/steam/game_server/Left_4_Dead_2/left4dead2/addons/sourcemod/logs/L20250729.log") (Version "1.12.0.7207")
L 07/29/2025 - 20:59:46: [basecommands.smx] "Console<0><Console><Console>" changed cvar (cvar "z_difficulty") (value "hard")
L 07/29/2025 - 20:59:46: [basecommands.smx] "Console<0><Console><Console>" changed cvar (cvar "survivor_friendly_fire_factor_hard") (value "0.2")
L 07/29/2025 - 20:59:46: [basecommands.smx] "Console<0><Console><Console>" changed cvar (cvar "survivor_burn_factor_hard") (value "0.5")
L 07/29/2025 - 20:59:46: [basecommands.smx] "Console<0><Console><Console>" changed cvar (cvar "fps_max") (value "144")
L 07/29/2025 - 20:59:46: [basecommands.smx] "Console<0><Console><Console>" changed cvar (cvar "net_splitpacket_maxrate") (value "32000")
L 07/29/2025 - 20:59:46: [basecommands.smx] "Console<0><Console><Console>" changed cvar (cvar "nb_update_frequency") (value "0.024")
L 07/29/2025 - 20:59:46: [basecommands.smx] "Console<0><Console><Console>" changed cvar (cvar "sv_minrate") (value "64000")
L 07/29/2025 - 20:59:46: [basecommands.smx] "Console<0><Console><Console>" changed cvar (cvar "sv_maxrate") (value "64000")
L 07/29/2025 - 20:59:46: [basecommands.smx] "Console<0><Console><Console>" changed cvar (cvar "sv_mincmdrate") (value "64")
L 07/29/2025 - 20:59:46: [basecommands.smx] "Console<0><Console><Console>" changed cvar (cvar "sv_maxcmdrate") (value "64")
L 07/29/2025 - 20:59:46: [basecommands.smx] "Console<0><Console><Console>" changed cvar (cvar "sv_minupdaterate") (value "64")
L 07/29/2025 - 20:59:46: [basecommands.smx] "Console<0><Console><Console>" changed cvar (cvar "sv_maxupdaterate") (value "64")
L 07/29/2025 - 20:59:46: [basecommands.smx] "Console<0><Console><Console>" changed cvar (cvar "sv_client_min_interp_ratio") (value "-1")
L 07/29/2025 - 20:59:46: [basecommands.smx] "Console<0><Console><Console>" changed cvar (cvar "sv_client_max_interp_ratio") (value "2")
L 07/29/2025 - 21:02:31: -------- Mapchange to lost_map1 --------
L 07/29/2025 - 21:02:32: [basecommands.smx] "Console<0><Console><Console>" changed cvar (cvar "z_difficulty") (value "hard")
L 07/29/2025 - 21:02:32: [basecommands.smx] "Console<0><Console><Console>" changed cvar (cvar "survivor_friendly_fire_factor_hard") (value "0.2")
L 07/29/2025 - 21:02:32: [basecommands.smx] "Console<0><Console><Console>" changed cvar (cvar "survivor_burn_factor_hard") (value "0.5")
L 07/29/2025 - 21:02:32: [basecommands.smx] "Console<0><Console><Console>" changed cvar (cvar "fps_max") (value "144")
L 07/29/2025 - 21:02:32: [basecommands.smx] "Console<0><Console><Console>" changed cvar (cvar "net_splitpacket_maxrate") (value "32000")
L 07/29/2025 - 21:02:32: [basecommands.smx] "Console<0><Console><Console>" changed cvar (cvar "nb_update_frequency") (value "0.024")
L 07/29/2025 - 21:02:32: [basecommands.smx] "Console<0><Console><Console>" changed cvar (cvar "sv_minrate") (value "64000")
L 07/29/2025 - 21:02:32: [basecommands.smx] "Console<0><Console><Console>" changed cvar (cvar "sv_maxrate") (value "64000")
L 07/29/2025 - 21:02:32: [basecommands.smx] "Console<0><Console><Console>" changed cvar (cvar "sv_mincmdrate") (value "64")
L 07/29/2025 - 21:02:32: [basecommands.smx] "Console<0><Console><Console>" changed cvar (cvar "sv_maxcmdrate") (value "64")
L 07/29/2025 - 21:02:32: [basecommands.smx] "Console<0><Console><Console>" changed cvar (cvar "sv_minupdaterate") (value "64")
L 07/29/2025 - 21:02:32: [basecommands.smx] "Console<0><Console><Console>" changed cvar (cvar "sv_maxupdaterate") (value "64")
L 07/29/2025 - 21:02:32: [basecommands.smx] "Console<0><Console><Console>" changed cvar (cvar "sv_client_min_interp_ratio") (value "-1")
L 07/29/2025 - 21:02:32: [basecommands.smx] "Console<0><Console><Console>" changed cvar (cvar "sv_client_max_interp_ratio") (value "2")
L 07/29/2025 - 21:09:38: -------- Mapchange to lost_map2 --------
L 07/29/2025 - 21:09:39: [basecommands.smx] "Console<0><Console><Console>" changed cvar (cvar "z_difficulty") (value "hard")
L 07/29/2025 - 21:09:39: [basecommands.smx] "Console<0><Console><Console>" changed cvar (cvar "survivor_friendly_fire_factor_hard") (value "0.2")
L 07/29/2025 - 21:09:39: [basecommands.smx] "Console<0><Console><Console>" changed cvar (cvar "survivor_burn_factor_hard") (value "0.5")
L 07/29/2025 - 21:09:39: [basecommands.smx] "Console<0><Console><Console>" changed cvar (cvar "fps_max") (value "144")
L 07/29/2025 - 21:09:39: [basecommands.smx] "Console<0><Console><Console>" changed cvar (cvar "net_splitpacket_maxrate") (value "32000")
L 07/29/2025 - 21:09:39: [basecommands.smx] "Console<0><Console><Console>" changed cvar (cvar "nb_update_frequency") (value "0.024")
L 07/29/2025 - 21:09:39: [basecommands.smx] "Console<0><Console><Console>" changed cvar (cvar "sv_minrate") (value "64000")
L 07/29/2025 - 21:09:39: [basecommands.smx] "Console<0><Console><Console>" changed cvar (cvar "sv_maxrate") (value "64000")
L 07/29/2025 - 21:09:39: [basecommands.smx] "Console<0><Console><Console>" changed cvar (cvar "sv_mincmdrate") (value "64")
L 07/29/2025 - 21:09:39: [basecommands.smx] "Console<0><Console><Console>" changed cvar (cvar "sv_maxcmdrate") (value "64")
L 07/29/2025 - 21:09:39: [basecommands.smx] "Console<0><Console><Console>" changed cvar (cvar "sv_minupdaterate") (value "64")
L 07/29/2025 - 21:09:39: [basecommands.smx] "Console<0><Console><Console>" changed cvar (cvar "sv_maxupdaterate") (value "64")
L 07/29/2025 - 21:09:39: [basecommands.smx] "Console<0><Console><Console>" changed cvar (cvar "sv_client_min_interp_ratio") (value "-1")
L 07/29/2025 - 21:09:39: [basecommands.smx] "Console<0><Console><Console>" changed cvar (cvar "sv_client_max_interp_ratio") (value "2")
L 07/29/2025 - 21:21:00: -------- Mapchange to lost_map1 --------
L 07/29/2025 - 21:21:01: [basecommands.smx] "Console<0><Console><Console>" changed cvar (cvar "z_difficulty") (value "hard")
L 07/29/2025 - 21:21:01: [basecommands.smx] "Console<0><Console><Console>" changed cvar (cvar "survivor_friendly_fire_factor_hard") (value "0.2")
L 07/29/2025 - 21:21:01: [basecommands.smx] "Console<0><Console><Console>" changed cvar (cvar "survivor_burn_factor_hard") (value "0.5")
L 07/29/2025 - 21:21:01: [basecommands.smx] "Console<0><Console><Console>" changed cvar (cvar "fps_max") (value "144")
L 07/29/2025 - 21:21:01: [basecommands.smx] "Console<0><Console><Console>" changed cvar (cvar "net_splitpacket_maxrate") (value "32000")
L 07/29/2025 - 21:21:01: [basecommands.smx] "Console<0><Console><Console>" changed cvar (cvar "nb_update_frequency") (value "0.024")
L 07/29/2025 - 21:21:01: [basecommands.smx] "Console<0><Console><Console>" changed cvar (cvar "sv_minrate") (value "64000")
L 07/29/2025 - 21:21:01: [basecommands.smx] "Console<0><Console><Console>" changed cvar (cvar "sv_maxrate") (value "64000")
L 07/29/2025 - 21:21:01: [basecommands.smx] "Console<0><Console><Console>" changed cvar (cvar "sv_mincmdrate") (value "64")
L 07/29/2025 - 21:21:01: [basecommands.smx] "Console<0><Console><Console>" changed cvar (cvar "sv_maxcmdrate") (value "64")
L 07/29/2025 - 21:21:01: [basecommands.smx] "Console<0><Console><Console>" changed cvar (cvar "sv_minupdaterate") (value "64")
L 07/29/2025 - 21:21:01: [basecommands.smx] "Console<0><Console><Console>" changed cvar (cvar "sv_maxupdaterate") (value "64")
L 07/29/2025 - 21:21:01: [basecommands.smx] "Console<0><Console><Console>" changed cvar (cvar "sv_client_min_interp_ratio") (value "-1")
L 07/29/2025 - 21:21:01: [basecommands.smx] "Console<0><Console><Console>" changed cvar (cvar "sv_client_max_interp_ratio") (value "2")
L 07/29/2025 - 21:47:21: -------- Mapchange to c1m1_hotel --------
L 07/29/2025 - 21:47:22: [basecommands.smx] "Console<0><Console><Console>" changed cvar (cvar "z_difficulty") (value "hard")
L 07/29/2025 - 21:47:22: [basecommands.smx] "Console<0><Console><Console>" changed cvar (cvar "survivor_friendly_fire_factor_hard") (value "0.2")
L 07/29/2025 - 21:47:22: [basecommands.smx] "Console<0><Console><Console>" changed cvar (cvar "survivor_burn_factor_hard") (value "0.5")
L 07/29/2025 - 21:47:22: [basecommands.smx] "Console<0><Console><Console>" changed cvar (cvar "fps_max") (value "144")
L 07/29/2025 - 21:47:22: [basecommands.smx] "Console<0><Console><Console>" changed cvar (cvar "net_splitpacket_maxrate") (value "32000")
L 07/29/2025 - 21:47:22: [basecommands.smx] "Console<0><Console><Console>" changed cvar (cvar "nb_update_frequency") (value "0.024")
L 07/29/2025 - 21:47:22: [basecommands.smx] "Console<0><Console><Console>" changed cvar (cvar "sv_minrate") (value "64000")
L 07/29/2025 - 21:47:22: [basecommands.smx] "Console<0><Console><Console>" changed cvar (cvar "sv_maxrate") (value "64000")
L 07/29/2025 - 21:47:22: [basecommands.smx] "Console<0><Console><Console>" changed cvar (cvar "sv_mincmdrate") (value "64")
L 07/29/2025 - 21:47:22: [basecommands.smx] "Console<0><Console><Console>" changed cvar (cvar "sv_maxcmdrate") (value "64")
L 07/29/2025 - 21:47:22: [basecommands.smx] "Console<0><Console><Console>" changed cvar (cvar "sv_minupdaterate") (value "64")
L 07/29/2025 - 21:47:22: [basecommands.smx] "Console<0><Console><Console>" changed cvar (cvar "sv_maxupdaterate") (value "64")
L 07/29/2025 - 21:47:22: [basecommands.smx] "Console<0><Console><Console>" changed cvar (cvar "sv_client_min_interp_ratio") (value "-1")
L 07/29/2025 - 21:47:22: [basecommands.smx] "Console<0><Console><Console>" changed cvar (cvar "sv_client_max_interp_ratio") (value "2")
L 07/29/2025 - 22:08:33: Log file closed.
