L 07/23/2025 - 00:07:06: SourceMod log file session started (file "/home/steam/game_server/Left_4_Dead_2/left4dead2/addons/sourcemod/logs/L20250723.log") (Version "1.12.0.7207")
L 07/23/2025 - 00:07:06: Log file closed.
L 07/23/2025 - 00:07:33: SourceMod log file session started (file "/home/steam/game_server/Left_4_Dead_2/left4dead2/addons/sourcemod/logs/L20250723.log") (Version "1.12.0.7207")
L 07/23/2025 - 00:07:33: [basecommands.smx] "Console<0><Console><Console>" changed cvar (cvar "net_splitpacket_maxrate") (value "30000")
L 07/23/2025 - 00:07:33: [basecommands.smx] "Console<0><Console><Console>" changed cvar (cvar "nb_update_frequency") (value "0.015625")
L 07/23/2025 - 00:07:33: [basecommands.smx] "Console<0><Console><Console>" changed cvar (cvar "sv_minrate") (value "64000")
L 07/23/2025 - 00:07:33: [basecommands.smx] "Console<0><Console><Console>" changed cvar (cvar "sv_maxrate") (value "64000")
L 07/23/2025 - 00:07:33: [basecommands.smx] "Console<0><Console><Console>" changed cvar (cvar "sv_mincmdrate") (value "64")
L 07/23/2025 - 00:07:33: [basecommands.smx] "Console<0><Console><Console>" changed cvar (cvar "sv_maxcmdrate") (value "64")
L 07/23/2025 - 00:07:33: [basecommands.smx] "Console<0><Console><Console>" changed cvar (cvar "sv_minupdaterate") (value "64")
L 07/23/2025 - 00:07:33: [basecommands.smx] "Console<0><Console><Console>" changed cvar (cvar "sv_maxupdaterate") (value "64")
L 07/23/2025 - 00:07:33: [basecommands.smx] "Console<0><Console><Console>" changed cvar (cvar "sv_client_min_interp_ratio") (value "-1")
L 07/23/2025 - 00:07:33: [basecommands.smx] "Console<0><Console><Console>" changed cvar (cvar "sv_client_max_interp_ratio") (value "2")
L 07/23/2025 - 00:07:33: [basecommands.smx] "Console<0><Console><Console>" changed cvar (cvar "sv_cheats") (value "1")
L 07/23/2025 - 00:07:33: [basecommands.smx] "Console<0><Console><Console>" changed cvar (cvar "survivor_friendly_fire_factor_normal") (value "0.2")
L 07/23/2025 - 00:07:33: [basecommands.smx] "Console<0><Console><Console>" changed cvar (cvar "survivor_burn_factor_normal") (value "0.3")
L 07/23/2025 - 00:12:56: -------- Mapchange to c1m2_streets --------
L 07/23/2025 - 00:12:57: [basecommands.smx] "Console<0><Console><Console>" changed cvar (cvar "net_splitpacket_maxrate") (value "30000")
L 07/23/2025 - 00:12:57: [basecommands.smx] "Console<0><Console><Console>" changed cvar (cvar "nb_update_frequency") (value "0.015625")
L 07/23/2025 - 00:12:57: [basecommands.smx] "Console<0><Console><Console>" changed cvar (cvar "sv_minrate") (value "64000")
L 07/23/2025 - 00:12:57: [basecommands.smx] "Console<0><Console><Console>" changed cvar (cvar "sv_maxrate") (value "64000")
L 07/23/2025 - 00:12:57: [basecommands.smx] "Console<0><Console><Console>" changed cvar (cvar "sv_mincmdrate") (value "64")
L 07/23/2025 - 00:12:57: [basecommands.smx] "Console<0><Console><Console>" changed cvar (cvar "sv_maxcmdrate") (value "64")
L 07/23/2025 - 00:12:57: [basecommands.smx] "Console<0><Console><Console>" changed cvar (cvar "sv_minupdaterate") (value "64")
L 07/23/2025 - 00:12:57: [basecommands.smx] "Console<0><Console><Console>" changed cvar (cvar "sv_maxupdaterate") (value "64")
L 07/23/2025 - 00:12:57: [basecommands.smx] "Console<0><Console><Console>" changed cvar (cvar "sv_client_min_interp_ratio") (value "-1")
L 07/23/2025 - 00:12:57: [basecommands.smx] "Console<0><Console><Console>" changed cvar (cvar "sv_client_max_interp_ratio") (value "2")
L 07/23/2025 - 00:12:57: [basecommands.smx] "Console<0><Console><Console>" changed cvar (cvar "sv_cheats") (value "1")
L 07/23/2025 - 00:12:57: [basecommands.smx] "Console<0><Console><Console>" changed cvar (cvar "survivor_friendly_fire_factor_normal") (value "0.2")
L 07/23/2025 - 00:12:57: [basecommands.smx] "Console<0><Console><Console>" changed cvar (cvar "survivor_burn_factor_normal") (value "0.3")
L 07/23/2025 - 00:13:49: -------- Mapchange to c1m2_streets --------
L 07/23/2025 - 00:13:50: [basecommands.smx] "Console<0><Console><Console>" changed cvar (cvar "net_splitpacket_maxrate") (value "30000")
L 07/23/2025 - 00:13:50: [basecommands.smx] "Console<0><Console><Console>" changed cvar (cvar "nb_update_frequency") (value "0.015625")
L 07/23/2025 - 00:13:50: [basecommands.smx] "Console<0><Console><Console>" changed cvar (cvar "sv_minrate") (value "64000")
L 07/23/2025 - 00:13:50: [basecommands.smx] "Console<0><Console><Console>" changed cvar (cvar "sv_maxrate") (value "64000")
L 07/23/2025 - 00:13:50: [basecommands.smx] "Console<0><Console><Console>" changed cvar (cvar "sv_mincmdrate") (value "64")
L 07/23/2025 - 00:13:50: [basecommands.smx] "Console<0><Console><Console>" changed cvar (cvar "sv_maxcmdrate") (value "64")
L 07/23/2025 - 00:13:50: [basecommands.smx] "Console<0><Console><Console>" changed cvar (cvar "sv_minupdaterate") (value "64")
L 07/23/2025 - 00:13:50: [basecommands.smx] "Console<0><Console><Console>" changed cvar (cvar "sv_maxupdaterate") (value "64")
L 07/23/2025 - 00:13:50: [basecommands.smx] "Console<0><Console><Console>" changed cvar (cvar "sv_client_min_interp_ratio") (value "-1")
L 07/23/2025 - 00:13:50: [basecommands.smx] "Console<0><Console><Console>" changed cvar (cvar "sv_client_max_interp_ratio") (value "2")
L 07/23/2025 - 00:13:50: [basecommands.smx] "Console<0><Console><Console>" changed cvar (cvar "sv_cheats") (value "1")
L 07/23/2025 - 00:13:50: [basecommands.smx] "Console<0><Console><Console>" changed cvar (cvar "survivor_friendly_fire_factor_normal") (value "0.2")
L 07/23/2025 - 00:13:50: [basecommands.smx] "Console<0><Console><Console>" changed cvar (cvar "survivor_burn_factor_normal") (value "0.3")
L 07/23/2025 - 00:13:56: -------- Mapchange to c1m1_hotel --------
L 07/23/2025 - 00:13:57: [basecommands.smx] "Console<0><Console><Console>" changed cvar (cvar "net_splitpacket_maxrate") (value "30000")
L 07/23/2025 - 00:13:57: [basecommands.smx] "Console<0><Console><Console>" changed cvar (cvar "nb_update_frequency") (value "0.015625")
L 07/23/2025 - 00:13:57: [basecommands.smx] "Console<0><Console><Console>" changed cvar (cvar "sv_minrate") (value "64000")
L 07/23/2025 - 00:13:57: [basecommands.smx] "Console<0><Console><Console>" changed cvar (cvar "sv_maxrate") (value "64000")
L 07/23/2025 - 00:13:57: [basecommands.smx] "Console<0><Console><Console>" changed cvar (cvar "sv_mincmdrate") (value "64")
L 07/23/2025 - 00:13:57: [basecommands.smx] "Console<0><Console><Console>" changed cvar (cvar "sv_maxcmdrate") (value "64")
L 07/23/2025 - 00:13:57: [basecommands.smx] "Console<0><Console><Console>" changed cvar (cvar "sv_minupdaterate") (value "64")
L 07/23/2025 - 00:13:57: [basecommands.smx] "Console<0><Console><Console>" changed cvar (cvar "sv_maxupdaterate") (value "64")
L 07/23/2025 - 00:13:57: [basecommands.smx] "Console<0><Console><Console>" changed cvar (cvar "sv_client_min_interp_ratio") (value "-1")
L 07/23/2025 - 00:13:57: [basecommands.smx] "Console<0><Console><Console>" changed cvar (cvar "sv_client_max_interp_ratio") (value "2")
L 07/23/2025 - 00:13:57: [basecommands.smx] "Console<0><Console><Console>" changed cvar (cvar "sv_cheats") (value "1")
L 07/23/2025 - 00:13:57: [basecommands.smx] "Console<0><Console><Console>" changed cvar (cvar "survivor_friendly_fire_factor_normal") (value "0.2")
L 07/23/2025 - 00:13:57: [basecommands.smx] "Console<0><Console><Console>" changed cvar (cvar "survivor_burn_factor_normal") (value "0.3")
L 07/23/2025 - 00:14:11: -------- Mapchange to c1m1_hotel --------
L 07/23/2025 - 00:14:12: [basecommands.smx] "Console<0><Console><Console>" changed cvar (cvar "net_splitpacket_maxrate") (value "30000")
L 07/23/2025 - 00:14:12: [basecommands.smx] "Console<0><Console><Console>" changed cvar (cvar "nb_update_frequency") (value "0.015625")
L 07/23/2025 - 00:14:12: [basecommands.smx] "Console<0><Console><Console>" changed cvar (cvar "sv_minrate") (value "64000")
L 07/23/2025 - 00:14:12: [basecommands.smx] "Console<0><Console><Console>" changed cvar (cvar "sv_maxrate") (value "64000")
L 07/23/2025 - 00:14:12: [basecommands.smx] "Console<0><Console><Console>" changed cvar (cvar "sv_mincmdrate") (value "64")
L 07/23/2025 - 00:14:12: [basecommands.smx] "Console<0><Console><Console>" changed cvar (cvar "sv_maxcmdrate") (value "64")
L 07/23/2025 - 00:14:12: [basecommands.smx] "Console<0><Console><Console>" changed cvar (cvar "sv_minupdaterate") (value "64")
L 07/23/2025 - 00:14:12: [basecommands.smx] "Console<0><Console><Console>" changed cvar (cvar "sv_maxupdaterate") (value "64")
L 07/23/2025 - 00:14:12: [basecommands.smx] "Console<0><Console><Console>" changed cvar (cvar "sv_client_min_interp_ratio") (value "-1")
L 07/23/2025 - 00:14:12: [basecommands.smx] "Console<0><Console><Console>" changed cvar (cvar "sv_client_max_interp_ratio") (value "2")
L 07/23/2025 - 00:14:12: [basecommands.smx] "Console<0><Console><Console>" changed cvar (cvar "sv_cheats") (value "1")
L 07/23/2025 - 00:14:12: [basecommands.smx] "Console<0><Console><Console>" changed cvar (cvar "survivor_friendly_fire_factor_normal") (value "0.2")
L 07/23/2025 - 00:14:12: [basecommands.smx] "Console<0><Console><Console>" changed cvar (cvar "survivor_burn_factor_normal") (value "0.3")
L 07/23/2025 - 00:15:34: -------- Mapchange to c1m2_streets --------
L 07/23/2025 - 00:15:35: [basecommands.smx] "Console<0><Console><Console>" changed cvar (cvar "net_splitpacket_maxrate") (value "30000")
L 07/23/2025 - 00:15:35: [basecommands.smx] "Console<0><Console><Console>" changed cvar (cvar "nb_update_frequency") (value "0.015625")
L 07/23/2025 - 00:15:35: [basecommands.smx] "Console<0><Console><Console>" changed cvar (cvar "sv_minrate") (value "64000")
L 07/23/2025 - 00:15:35: [basecommands.smx] "Console<0><Console><Console>" changed cvar (cvar "sv_maxrate") (value "64000")
L 07/23/2025 - 00:15:35: [basecommands.smx] "Console<0><Console><Console>" changed cvar (cvar "sv_mincmdrate") (value "64")
L 07/23/2025 - 00:15:35: [basecommands.smx] "Console<0><Console><Console>" changed cvar (cvar "sv_maxcmdrate") (value "64")
L 07/23/2025 - 00:15:35: [basecommands.smx] "Console<0><Console><Console>" changed cvar (cvar "sv_minupdaterate") (value "64")
L 07/23/2025 - 00:15:35: [basecommands.smx] "Console<0><Console><Console>" changed cvar (cvar "sv_maxupdaterate") (value "64")
L 07/23/2025 - 00:15:35: [basecommands.smx] "Console<0><Console><Console>" changed cvar (cvar "sv_client_min_interp_ratio") (value "-1")
L 07/23/2025 - 00:15:35: [basecommands.smx] "Console<0><Console><Console>" changed cvar (cvar "sv_client_max_interp_ratio") (value "2")
L 07/23/2025 - 00:15:35: [basecommands.smx] "Console<0><Console><Console>" changed cvar (cvar "sv_cheats") (value "1")
L 07/23/2025 - 00:15:35: [basecommands.smx] "Console<0><Console><Console>" changed cvar (cvar "survivor_friendly_fire_factor_normal") (value "0.2")
L 07/23/2025 - 00:15:35: [basecommands.smx] "Console<0><Console><Console>" changed cvar (cvar "survivor_burn_factor_normal") (value "0.3")
L 07/23/2025 - 00:15:41: -------- Mapchange to c1m1_hotel --------
L 07/23/2025 - 00:15:42: [basecommands.smx] "Console<0><Console><Console>" changed cvar (cvar "net_splitpacket_maxrate") (value "30000")
L 07/23/2025 - 00:15:42: [basecommands.smx] "Console<0><Console><Console>" changed cvar (cvar "nb_update_frequency") (value "0.015625")
L 07/23/2025 - 00:15:42: [basecommands.smx] "Console<0><Console><Console>" changed cvar (cvar "sv_minrate") (value "64000")
L 07/23/2025 - 00:15:42: [basecommands.smx] "Console<0><Console><Console>" changed cvar (cvar "sv_maxrate") (value "64000")
L 07/23/2025 - 00:15:42: [basecommands.smx] "Console<0><Console><Console>" changed cvar (cvar "sv_mincmdrate") (value "64")
L 07/23/2025 - 00:15:42: [basecommands.smx] "Console<0><Console><Console>" changed cvar (cvar "sv_maxcmdrate") (value "64")
L 07/23/2025 - 00:15:42: [basecommands.smx] "Console<0><Console><Console>" changed cvar (cvar "sv_minupdaterate") (value "64")
L 07/23/2025 - 00:15:42: [basecommands.smx] "Console<0><Console><Console>" changed cvar (cvar "sv_maxupdaterate") (value "64")
L 07/23/2025 - 00:15:42: [basecommands.smx] "Console<0><Console><Console>" changed cvar (cvar "sv_client_min_interp_ratio") (value "-1")
L 07/23/2025 - 00:15:42: [basecommands.smx] "Console<0><Console><Console>" changed cvar (cvar "sv_client_max_interp_ratio") (value "2")
L 07/23/2025 - 00:15:42: [basecommands.smx] "Console<0><Console><Console>" changed cvar (cvar "sv_cheats") (value "1")
L 07/23/2025 - 00:15:42: [basecommands.smx] "Console<0><Console><Console>" changed cvar (cvar "survivor_friendly_fire_factor_normal") (value "0.2")
L 07/23/2025 - 00:15:42: [basecommands.smx] "Console<0><Console><Console>" changed cvar (cvar "survivor_burn_factor_normal") (value "0.3")
L 07/23/2025 - 00:15:51: -------- Mapchange to c1m1_hotel --------
L 07/23/2025 - 00:15:52: [basecommands.smx] "Console<0><Console><Console>" changed cvar (cvar "net_splitpacket_maxrate") (value "30000")
L 07/23/2025 - 00:15:52: [basecommands.smx] "Console<0><Console><Console>" changed cvar (cvar "nb_update_frequency") (value "0.015625")
L 07/23/2025 - 00:15:52: [basecommands.smx] "Console<0><Console><Console>" changed cvar (cvar "sv_minrate") (value "64000")
L 07/23/2025 - 00:15:52: [basecommands.smx] "Console<0><Console><Console>" changed cvar (cvar "sv_maxrate") (value "64000")
L 07/23/2025 - 00:15:52: [basecommands.smx] "Console<0><Console><Console>" changed cvar (cvar "sv_mincmdrate") (value "64")
L 07/23/2025 - 00:15:52: [basecommands.smx] "Console<0><Console><Console>" changed cvar (cvar "sv_maxcmdrate") (value "64")
L 07/23/2025 - 00:15:52: [basecommands.smx] "Console<0><Console><Console>" changed cvar (cvar "sv_minupdaterate") (value "64")
L 07/23/2025 - 00:15:52: [basecommands.smx] "Console<0><Console><Console>" changed cvar (cvar "sv_maxupdaterate") (value "64")
L 07/23/2025 - 00:15:52: [basecommands.smx] "Console<0><Console><Console>" changed cvar (cvar "sv_client_min_interp_ratio") (value "-1")
L 07/23/2025 - 00:15:52: [basecommands.smx] "Console<0><Console><Console>" changed cvar (cvar "sv_client_max_interp_ratio") (value "2")
L 07/23/2025 - 00:15:52: [basecommands.smx] "Console<0><Console><Console>" changed cvar (cvar "sv_cheats") (value "1")
L 07/23/2025 - 00:15:52: [basecommands.smx] "Console<0><Console><Console>" changed cvar (cvar "survivor_friendly_fire_factor_normal") (value "0.2")
L 07/23/2025 - 00:15:52: [basecommands.smx] "Console<0><Console><Console>" changed cvar (cvar "survivor_burn_factor_normal") (value "0.3")
L 07/23/2025 - 00:16:11: SourceMod log file session started (file "/home/steam/game_server/Left_4_Dead_2/left4dead2/addons/sourcemod/logs/L20250723.log") (Version "1.12.0.7207")
L 07/23/2025 - 00:16:11: [basecommands.smx] "Console<0><Console><Console>" changed cvar (cvar "net_splitpacket_maxrate") (value "30000")
L 07/23/2025 - 00:16:11: [basecommands.smx] "Console<0><Console><Console>" changed cvar (cvar "nb_update_frequency") (value "0.015625")
L 07/23/2025 - 00:16:11: [basecommands.smx] "Console<0><Console><Console>" changed cvar (cvar "sv_minrate") (value "64000")
L 07/23/2025 - 00:16:11: [basecommands.smx] "Console<0><Console><Console>" changed cvar (cvar "sv_maxrate") (value "64000")
L 07/23/2025 - 00:16:11: [basecommands.smx] "Console<0><Console><Console>" changed cvar (cvar "sv_mincmdrate") (value "64")
L 07/23/2025 - 00:16:11: [basecommands.smx] "Console<0><Console><Console>" changed cvar (cvar "sv_maxcmdrate") (value "64")
L 07/23/2025 - 00:16:11: [basecommands.smx] "Console<0><Console><Console>" changed cvar (cvar "sv_minupdaterate") (value "64")
L 07/23/2025 - 00:16:11: [basecommands.smx] "Console<0><Console><Console>" changed cvar (cvar "sv_maxupdaterate") (value "64")
L 07/23/2025 - 00:16:11: [basecommands.smx] "Console<0><Console><Console>" changed cvar (cvar "sv_client_min_interp_ratio") (value "-1")
L 07/23/2025 - 00:16:11: [basecommands.smx] "Console<0><Console><Console>" changed cvar (cvar "sv_client_max_interp_ratio") (value "2")
L 07/23/2025 - 00:16:11: [basecommands.smx] "Console<0><Console><Console>" changed cvar (cvar "sv_cheats") (value "1")
L 07/23/2025 - 00:16:11: [basecommands.smx] "Console<0><Console><Console>" changed cvar (cvar "survivor_friendly_fire_factor_normal") (value "0.2")
L 07/23/2025 - 00:16:11: [basecommands.smx] "Console<0><Console><Console>" changed cvar (cvar "survivor_burn_factor_normal") (value "0.3")
L 07/23/2025 - 00:17:18: [basecommands.smx] "Console<0><Console><Console>" changed cvar (cvar "sv_hibernate_when_empty") (value "0")
L 07/23/2025 - 00:17:32: -------- Mapchange to c1m2_streets --------
L 07/23/2025 - 00:17:33: [basecommands.smx] "Console<0><Console><Console>" changed cvar (cvar "net_splitpacket_maxrate") (value "30000")
L 07/23/2025 - 00:17:33: [basecommands.smx] "Console<0><Console><Console>" changed cvar (cvar "nb_update_frequency") (value "0.015625")
L 07/23/2025 - 00:17:33: [basecommands.smx] "Console<0><Console><Console>" changed cvar (cvar "sv_minrate") (value "64000")
L 07/23/2025 - 00:17:33: [basecommands.smx] "Console<0><Console><Console>" changed cvar (cvar "sv_maxrate") (value "64000")
L 07/23/2025 - 00:17:33: [basecommands.smx] "Console<0><Console><Console>" changed cvar (cvar "sv_mincmdrate") (value "64")
L 07/23/2025 - 00:17:33: [basecommands.smx] "Console<0><Console><Console>" changed cvar (cvar "sv_maxcmdrate") (value "64")
L 07/23/2025 - 00:17:33: [basecommands.smx] "Console<0><Console><Console>" changed cvar (cvar "sv_minupdaterate") (value "64")
L 07/23/2025 - 00:17:33: [basecommands.smx] "Console<0><Console><Console>" changed cvar (cvar "sv_maxupdaterate") (value "64")
L 07/23/2025 - 00:17:33: [basecommands.smx] "Console<0><Console><Console>" changed cvar (cvar "sv_client_min_interp_ratio") (value "-1")
L 07/23/2025 - 00:17:33: [basecommands.smx] "Console<0><Console><Console>" changed cvar (cvar "sv_client_max_interp_ratio") (value "2")
L 07/23/2025 - 00:17:33: [basecommands.smx] "Console<0><Console><Console>" changed cvar (cvar "sv_cheats") (value "1")
L 07/23/2025 - 00:17:33: [basecommands.smx] "Console<0><Console><Console>" changed cvar (cvar "survivor_friendly_fire_factor_normal") (value "0.2")
L 07/23/2025 - 00:17:33: [basecommands.smx] "Console<0><Console><Console>" changed cvar (cvar "survivor_burn_factor_normal") (value "0.3")
L 07/23/2025 - 00:17:47: -------- Mapchange to c1m2_streets --------
L 07/23/2025 - 00:17:48: [basecommands.smx] "Console<0><Console><Console>" changed cvar (cvar "net_splitpacket_maxrate") (value "30000")
L 07/23/2025 - 00:17:48: [basecommands.smx] "Console<0><Console><Console>" changed cvar (cvar "nb_update_frequency") (value "0.015625")
L 07/23/2025 - 00:17:48: [basecommands.smx] "Console<0><Console><Console>" changed cvar (cvar "sv_minrate") (value "64000")
L 07/23/2025 - 00:17:48: [basecommands.smx] "Console<0><Console><Console>" changed cvar (cvar "sv_maxrate") (value "64000")
L 07/23/2025 - 00:17:48: [basecommands.smx] "Console<0><Console><Console>" changed cvar (cvar "sv_mincmdrate") (value "64")
L 07/23/2025 - 00:17:48: [basecommands.smx] "Console<0><Console><Console>" changed cvar (cvar "sv_maxcmdrate") (value "64")
L 07/23/2025 - 00:17:48: [basecommands.smx] "Console<0><Console><Console>" changed cvar (cvar "sv_minupdaterate") (value "64")
L 07/23/2025 - 00:17:48: [basecommands.smx] "Console<0><Console><Console>" changed cvar (cvar "sv_maxupdaterate") (value "64")
L 07/23/2025 - 00:17:48: [basecommands.smx] "Console<0><Console><Console>" changed cvar (cvar "sv_client_min_interp_ratio") (value "-1")
L 07/23/2025 - 00:17:48: [basecommands.smx] "Console<0><Console><Console>" changed cvar (cvar "sv_client_max_interp_ratio") (value "2")
L 07/23/2025 - 00:17:48: [basecommands.smx] "Console<0><Console><Console>" changed cvar (cvar "sv_cheats") (value "1")
L 07/23/2025 - 00:17:48: [basecommands.smx] "Console<0><Console><Console>" changed cvar (cvar "survivor_friendly_fire_factor_normal") (value "0.2")
L 07/23/2025 - 00:17:48: [basecommands.smx] "Console<0><Console><Console>" changed cvar (cvar "survivor_burn_factor_normal") (value "0.3")
L 07/23/2025 - 00:18:01: [basecommands.smx] "Console<0><Console><Console>" changed cvar (cvar "sv_hibernate_when_empty") (value "0")
L 07/23/2025 - 00:18:28: -------- Mapchange to c1m2_streets --------
L 07/23/2025 - 00:18:29: [basecommands.smx] "Console<0><Console><Console>" changed cvar (cvar "net_splitpacket_maxrate") (value "30000")
L 07/23/2025 - 00:18:29: [basecommands.smx] "Console<0><Console><Console>" changed cvar (cvar "nb_update_frequency") (value "0.015625")
L 07/23/2025 - 00:18:29: [basecommands.smx] "Console<0><Console><Console>" changed cvar (cvar "sv_minrate") (value "64000")
L 07/23/2025 - 00:18:29: [basecommands.smx] "Console<0><Console><Console>" changed cvar (cvar "sv_maxrate") (value "64000")
L 07/23/2025 - 00:18:29: [basecommands.smx] "Console<0><Console><Console>" changed cvar (cvar "sv_mincmdrate") (value "64")
L 07/23/2025 - 00:18:29: [basecommands.smx] "Console<0><Console><Console>" changed cvar (cvar "sv_maxcmdrate") (value "64")
L 07/23/2025 - 00:18:29: [basecommands.smx] "Console<0><Console><Console>" changed cvar (cvar "sv_minupdaterate") (value "64")
L 07/23/2025 - 00:18:29: [basecommands.smx] "Console<0><Console><Console>" changed cvar (cvar "sv_maxupdaterate") (value "64")
L 07/23/2025 - 00:18:29: [basecommands.smx] "Console<0><Console><Console>" changed cvar (cvar "sv_client_min_interp_ratio") (value "-1")
L 07/23/2025 - 00:18:29: [basecommands.smx] "Console<0><Console><Console>" changed cvar (cvar "sv_client_max_interp_ratio") (value "2")
L 07/23/2025 - 00:18:29: [basecommands.smx] "Console<0><Console><Console>" changed cvar (cvar "sv_cheats") (value "1")
L 07/23/2025 - 00:18:29: [basecommands.smx] "Console<0><Console><Console>" changed cvar (cvar "survivor_friendly_fire_factor_normal") (value "0.2")
L 07/23/2025 - 00:18:29: [basecommands.smx] "Console<0><Console><Console>" changed cvar (cvar "survivor_burn_factor_normal") (value "0.3")
L 07/23/2025 - 00:18:44: [basecommands.smx] "Console<0><Console><Console>" changed cvar (cvar "sv_hibernate_when_empty") (value "0")
L 07/23/2025 - 00:19:39: -------- Mapchange to c1m2_streets --------
L 07/23/2025 - 00:19:40: [basecommands.smx] "Console<0><Console><Console>" changed cvar (cvar "net_splitpacket_maxrate") (value "30000")
L 07/23/2025 - 00:19:40: [basecommands.smx] "Console<0><Console><Console>" changed cvar (cvar "nb_update_frequency") (value "0.015625")
L 07/23/2025 - 00:19:40: [basecommands.smx] "Console<0><Console><Console>" changed cvar (cvar "sv_minrate") (value "64000")
L 07/23/2025 - 00:19:40: [basecommands.smx] "Console<0><Console><Console>" changed cvar (cvar "sv_maxrate") (value "64000")
L 07/23/2025 - 00:19:40: [basecommands.smx] "Console<0><Console><Console>" changed cvar (cvar "sv_mincmdrate") (value "64")
L 07/23/2025 - 00:19:40: [basecommands.smx] "Console<0><Console><Console>" changed cvar (cvar "sv_maxcmdrate") (value "64")
L 07/23/2025 - 00:19:40: [basecommands.smx] "Console<0><Console><Console>" changed cvar (cvar "sv_minupdaterate") (value "64")
L 07/23/2025 - 00:19:40: [basecommands.smx] "Console<0><Console><Console>" changed cvar (cvar "sv_maxupdaterate") (value "64")
L 07/23/2025 - 00:19:40: [basecommands.smx] "Console<0><Console><Console>" changed cvar (cvar "sv_client_min_interp_ratio") (value "-1")
L 07/23/2025 - 00:19:40: [basecommands.smx] "Console<0><Console><Console>" changed cvar (cvar "sv_client_max_interp_ratio") (value "2")
L 07/23/2025 - 00:19:40: [basecommands.smx] "Console<0><Console><Console>" changed cvar (cvar "sv_cheats") (value "1")
L 07/23/2025 - 00:19:40: [basecommands.smx] "Console<0><Console><Console>" changed cvar (cvar "survivor_friendly_fire_factor_normal") (value "0.2")
L 07/23/2025 - 00:19:40: [basecommands.smx] "Console<0><Console><Console>" changed cvar (cvar "survivor_burn_factor_normal") (value "0.3")
L 07/23/2025 - 00:20:52: SourceMod log file session started (file "/home/steam/game_server/Left_4_Dead_2/left4dead2/addons/sourcemod/logs/L20250723.log") (Version "1.12.0.7207")
L 07/23/2025 - 00:20:52: [basecommands.smx] "Console<0><Console><Console>" changed cvar (cvar "net_splitpacket_maxrate") (value "30000")
L 07/23/2025 - 00:20:52: [basecommands.smx] "Console<0><Console><Console>" changed cvar (cvar "nb_update_frequency") (value "0.015625")
L 07/23/2025 - 00:20:52: [basecommands.smx] "Console<0><Console><Console>" changed cvar (cvar "sv_minrate") (value "64000")
L 07/23/2025 - 00:20:52: [basecommands.smx] "Console<0><Console><Console>" changed cvar (cvar "sv_maxrate") (value "64000")
L 07/23/2025 - 00:20:52: [basecommands.smx] "Console<0><Console><Console>" changed cvar (cvar "sv_mincmdrate") (value "64")
L 07/23/2025 - 00:20:52: [basecommands.smx] "Console<0><Console><Console>" changed cvar (cvar "sv_maxcmdrate") (value "64")
L 07/23/2025 - 00:20:52: [basecommands.smx] "Console<0><Console><Console>" changed cvar (cvar "sv_minupdaterate") (value "64")
L 07/23/2025 - 00:20:52: [basecommands.smx] "Console<0><Console><Console>" changed cvar (cvar "sv_maxupdaterate") (value "64")
L 07/23/2025 - 00:20:52: [basecommands.smx] "Console<0><Console><Console>" changed cvar (cvar "sv_client_min_interp_ratio") (value "-1")
L 07/23/2025 - 00:20:52: [basecommands.smx] "Console<0><Console><Console>" changed cvar (cvar "sv_client_max_interp_ratio") (value "2")
L 07/23/2025 - 00:20:52: [basecommands.smx] "Console<0><Console><Console>" changed cvar (cvar "sv_hibernate_when_empty") (value "1")
L 07/23/2025 - 00:20:52: [basecommands.smx] "Console<0><Console><Console>" changed cvar (cvar "survivor_friendly_fire_factor_normal") (value "0.2")
L 07/23/2025 - 00:20:52: [basecommands.smx] "Console<0><Console><Console>" changed cvar (cvar "survivor_burn_factor_normal") (value "0.3")
L 07/23/2025 - 00:20:57: -------- Mapchange to c1m2_streets --------
L 07/23/2025 - 00:20:59: [basecommands.smx] "Console<0><Console><Console>" changed cvar (cvar "net_splitpacket_maxrate") (value "30000")
L 07/23/2025 - 00:20:59: [basecommands.smx] "Console<0><Console><Console>" changed cvar (cvar "nb_update_frequency") (value "0.015625")
L 07/23/2025 - 00:20:59: [basecommands.smx] "Console<0><Console><Console>" changed cvar (cvar "sv_minrate") (value "64000")
L 07/23/2025 - 00:20:59: [basecommands.smx] "Console<0><Console><Console>" changed cvar (cvar "sv_maxrate") (value "64000")
L 07/23/2025 - 00:20:59: [basecommands.smx] "Console<0><Console><Console>" changed cvar (cvar "sv_mincmdrate") (value "64")
L 07/23/2025 - 00:20:59: [basecommands.smx] "Console<0><Console><Console>" changed cvar (cvar "sv_maxcmdrate") (value "64")
L 07/23/2025 - 00:20:59: [basecommands.smx] "Console<0><Console><Console>" changed cvar (cvar "sv_minupdaterate") (value "64")
L 07/23/2025 - 00:20:59: [basecommands.smx] "Console<0><Console><Console>" changed cvar (cvar "sv_maxupdaterate") (value "64")
L 07/23/2025 - 00:20:59: [basecommands.smx] "Console<0><Console><Console>" changed cvar (cvar "sv_client_min_interp_ratio") (value "-1")
L 07/23/2025 - 00:20:59: [basecommands.smx] "Console<0><Console><Console>" changed cvar (cvar "sv_client_max_interp_ratio") (value "2")
L 07/23/2025 - 00:20:59: [basecommands.smx] "Console<0><Console><Console>" changed cvar (cvar "sv_hibernate_when_empty") (value "1")
L 07/23/2025 - 00:20:59: [basecommands.smx] "Console<0><Console><Console>" changed cvar (cvar "survivor_friendly_fire_factor_normal") (value "0.2")
L 07/23/2025 - 00:20:59: [basecommands.smx] "Console<0><Console><Console>" changed cvar (cvar "survivor_burn_factor_normal") (value "0.3")
L 07/23/2025 - 00:21:16: -------- Mapchange to c1m2_streets --------
L 07/23/2025 - 00:21:17: [basecommands.smx] "Console<0><Console><Console>" changed cvar (cvar "net_splitpacket_maxrate") (value "30000")
L 07/23/2025 - 00:21:17: [basecommands.smx] "Console<0><Console><Console>" changed cvar (cvar "nb_update_frequency") (value "0.015625")
L 07/23/2025 - 00:21:17: [basecommands.smx] "Console<0><Console><Console>" changed cvar (cvar "sv_minrate") (value "64000")
L 07/23/2025 - 00:21:17: [basecommands.smx] "Console<0><Console><Console>" changed cvar (cvar "sv_maxrate") (value "64000")
L 07/23/2025 - 00:21:17: [basecommands.smx] "Console<0><Console><Console>" changed cvar (cvar "sv_mincmdrate") (value "64")
L 07/23/2025 - 00:21:17: [basecommands.smx] "Console<0><Console><Console>" changed cvar (cvar "sv_maxcmdrate") (value "64")
L 07/23/2025 - 00:21:17: [basecommands.smx] "Console<0><Console><Console>" changed cvar (cvar "sv_minupdaterate") (value "64")
L 07/23/2025 - 00:21:17: [basecommands.smx] "Console<0><Console><Console>" changed cvar (cvar "sv_maxupdaterate") (value "64")
L 07/23/2025 - 00:21:17: [basecommands.smx] "Console<0><Console><Console>" changed cvar (cvar "sv_client_min_interp_ratio") (value "-1")
L 07/23/2025 - 00:21:17: [basecommands.smx] "Console<0><Console><Console>" changed cvar (cvar "sv_client_max_interp_ratio") (value "2")
L 07/23/2025 - 00:21:17: [basecommands.smx] "Console<0><Console><Console>" changed cvar (cvar "sv_hibernate_when_empty") (value "1")
L 07/23/2025 - 00:21:17: [basecommands.smx] "Console<0><Console><Console>" changed cvar (cvar "survivor_friendly_fire_factor_normal") (value "0.2")
L 07/23/2025 - 00:21:17: [basecommands.smx] "Console<0><Console><Console>" changed cvar (cvar "survivor_burn_factor_normal") (value "0.3")
L 07/23/2025 - 00:21:22: -------- Mapchange to c1m1_hotel --------
L 07/23/2025 - 00:21:24: [basecommands.smx] "Console<0><Console><Console>" changed cvar (cvar "net_splitpacket_maxrate") (value "30000")
L 07/23/2025 - 00:21:24: [basecommands.smx] "Console<0><Console><Console>" changed cvar (cvar "nb_update_frequency") (value "0.015625")
L 07/23/2025 - 00:21:24: [basecommands.smx] "Console<0><Console><Console>" changed cvar (cvar "sv_minrate") (value "64000")
L 07/23/2025 - 00:21:24: [basecommands.smx] "Console<0><Console><Console>" changed cvar (cvar "sv_maxrate") (value "64000")
L 07/23/2025 - 00:21:24: [basecommands.smx] "Console<0><Console><Console>" changed cvar (cvar "sv_mincmdrate") (value "64")
L 07/23/2025 - 00:21:24: [basecommands.smx] "Console<0><Console><Console>" changed cvar (cvar "sv_maxcmdrate") (value "64")
L 07/23/2025 - 00:21:24: [basecommands.smx] "Console<0><Console><Console>" changed cvar (cvar "sv_minupdaterate") (value "64")
L 07/23/2025 - 00:21:24: [basecommands.smx] "Console<0><Console><Console>" changed cvar (cvar "sv_maxupdaterate") (value "64")
L 07/23/2025 - 00:21:24: [basecommands.smx] "Console<0><Console><Console>" changed cvar (cvar "sv_client_min_interp_ratio") (value "-1")
L 07/23/2025 - 00:21:24: [basecommands.smx] "Console<0><Console><Console>" changed cvar (cvar "sv_client_max_interp_ratio") (value "2")
L 07/23/2025 - 00:21:24: [basecommands.smx] "Console<0><Console><Console>" changed cvar (cvar "sv_hibernate_when_empty") (value "1")
L 07/23/2025 - 00:21:24: [basecommands.smx] "Console<0><Console><Console>" changed cvar (cvar "survivor_friendly_fire_factor_normal") (value "0.2")
L 07/23/2025 - 00:21:24: [basecommands.smx] "Console<0><Console><Console>" changed cvar (cvar "survivor_burn_factor_normal") (value "0.3")
L 07/23/2025 - 00:21:25: -------- Mapchange to c1m1_hotel --------
L 07/23/2025 - 00:21:26: [basecommands.smx] "Console<0><Console><Console>" changed cvar (cvar "net_splitpacket_maxrate") (value "30000")
L 07/23/2025 - 00:21:26: [basecommands.smx] "Console<0><Console><Console>" changed cvar (cvar "nb_update_frequency") (value "0.015625")
L 07/23/2025 - 00:21:26: [basecommands.smx] "Console<0><Console><Console>" changed cvar (cvar "sv_minrate") (value "64000")
L 07/23/2025 - 00:21:26: [basecommands.smx] "Console<0><Console><Console>" changed cvar (cvar "sv_maxrate") (value "64000")
L 07/23/2025 - 00:21:26: [basecommands.smx] "Console<0><Console><Console>" changed cvar (cvar "sv_mincmdrate") (value "64")
L 07/23/2025 - 00:21:26: [basecommands.smx] "Console<0><Console><Console>" changed cvar (cvar "sv_maxcmdrate") (value "64")
L 07/23/2025 - 00:21:26: [basecommands.smx] "Console<0><Console><Console>" changed cvar (cvar "sv_minupdaterate") (value "64")
L 07/23/2025 - 00:21:26: [basecommands.smx] "Console<0><Console><Console>" changed cvar (cvar "sv_maxupdaterate") (value "64")
L 07/23/2025 - 00:21:26: [basecommands.smx] "Console<0><Console><Console>" changed cvar (cvar "sv_client_min_interp_ratio") (value "-1")
L 07/23/2025 - 00:21:26: [basecommands.smx] "Console<0><Console><Console>" changed cvar (cvar "sv_client_max_interp_ratio") (value "2")
L 07/23/2025 - 00:21:26: [basecommands.smx] "Console<0><Console><Console>" changed cvar (cvar "sv_hibernate_when_empty") (value "1")
L 07/23/2025 - 00:21:26: [basecommands.smx] "Console<0><Console><Console>" changed cvar (cvar "survivor_friendly_fire_factor_normal") (value "0.2")
L 07/23/2025 - 00:21:26: [basecommands.smx] "Console<0><Console><Console>" changed cvar (cvar "survivor_burn_factor_normal") (value "0.3")
L 07/23/2025 - 10:36:52: SourceMod log file session started (file "/home/steam/game_server/Left_4_Dead_2/left4dead2/addons/sourcemod/logs/L20250723.log") (Version "1.12.0.7207")
L 07/23/2025 - 10:36:52: [basecommands.smx] "Console<0><Console><Console>" changed cvar (cvar "net_splitpacket_maxrate") (value "30000")
L 07/23/2025 - 10:36:52: [basecommands.smx] "Console<0><Console><Console>" changed cvar (cvar "nb_update_frequency") (value "0.015625")
L 07/23/2025 - 10:36:52: [basecommands.smx] "Console<0><Console><Console>" changed cvar (cvar "sv_minrate") (value "64000")
L 07/23/2025 - 10:36:52: [basecommands.smx] "Console<0><Console><Console>" changed cvar (cvar "sv_maxrate") (value "64000")
L 07/23/2025 - 10:36:52: [basecommands.smx] "Console<0><Console><Console>" changed cvar (cvar "sv_mincmdrate") (value "64")
L 07/23/2025 - 10:36:52: [basecommands.smx] "Console<0><Console><Console>" changed cvar (cvar "sv_maxcmdrate") (value "64")
L 07/23/2025 - 10:36:52: [basecommands.smx] "Console<0><Console><Console>" changed cvar (cvar "sv_minupdaterate") (value "64")
L 07/23/2025 - 10:36:52: [basecommands.smx] "Console<0><Console><Console>" changed cvar (cvar "sv_maxupdaterate") (value "64")
L 07/23/2025 - 10:36:52: [basecommands.smx] "Console<0><Console><Console>" changed cvar (cvar "sv_client_min_interp_ratio") (value "-1")
L 07/23/2025 - 10:36:52: [basecommands.smx] "Console<0><Console><Console>" changed cvar (cvar "sv_client_max_interp_ratio") (value "2")
L 07/23/2025 - 10:37:51: -------- Mapchange to c1m1_hotel --------
L 07/23/2025 - 10:37:52: [basecommands.smx] "Console<0><Console><Console>" changed cvar (cvar "net_splitpacket_maxrate") (value "30000")
L 07/23/2025 - 10:37:52: [basecommands.smx] "Console<0><Console><Console>" changed cvar (cvar "nb_update_frequency") (value "0.015625")
L 07/23/2025 - 10:37:52: [basecommands.smx] "Console<0><Console><Console>" changed cvar (cvar "sv_minrate") (value "64000")
L 07/23/2025 - 10:37:52: [basecommands.smx] "Console<0><Console><Console>" changed cvar (cvar "sv_maxrate") (value "64000")
L 07/23/2025 - 10:37:52: [basecommands.smx] "Console<0><Console><Console>" changed cvar (cvar "sv_mincmdrate") (value "64")
L 07/23/2025 - 10:37:52: [basecommands.smx] "Console<0><Console><Console>" changed cvar (cvar "sv_maxcmdrate") (value "64")
L 07/23/2025 - 10:37:52: [basecommands.smx] "Console<0><Console><Console>" changed cvar (cvar "sv_minupdaterate") (value "64")
L 07/23/2025 - 10:37:52: [basecommands.smx] "Console<0><Console><Console>" changed cvar (cvar "sv_maxupdaterate") (value "64")
L 07/23/2025 - 10:37:52: [basecommands.smx] "Console<0><Console><Console>" changed cvar (cvar "sv_client_min_interp_ratio") (value "-1")
L 07/23/2025 - 10:37:52: [basecommands.smx] "Console<0><Console><Console>" changed cvar (cvar "sv_client_max_interp_ratio") (value "2")
L 07/23/2025 - 10:37:54: Log file closed.
L 07/23/2025 - 10:39:12: SourceMod log file session started (file "/home/steam/game_server/Left_4_Dead_2/left4dead2/addons/sourcemod/logs/L20250723.log") (Version "1.12.0.7207")
L 07/23/2025 - 10:39:12: [basecommands.smx] "Console<0><Console><Console>" changed cvar (cvar "net_splitpacket_maxrate") (value "30000")
L 07/23/2025 - 10:39:12: [basecommands.smx] "Console<0><Console><Console>" changed cvar (cvar "nb_update_frequency") (value "0.015625")
L 07/23/2025 - 10:39:12: [basecommands.smx] "Console<0><Console><Console>" changed cvar (cvar "sv_minrate") (value "64000")
L 07/23/2025 - 10:39:12: [basecommands.smx] "Console<0><Console><Console>" changed cvar (cvar "sv_maxrate") (value "64000")
L 07/23/2025 - 10:39:12: [basecommands.smx] "Console<0><Console><Console>" changed cvar (cvar "sv_mincmdrate") (value "64")
L 07/23/2025 - 10:39:12: [basecommands.smx] "Console<0><Console><Console>" changed cvar (cvar "sv_maxcmdrate") (value "64")
L 07/23/2025 - 10:39:12: [basecommands.smx] "Console<0><Console><Console>" changed cvar (cvar "sv_minupdaterate") (value "64")
L 07/23/2025 - 10:39:12: [basecommands.smx] "Console<0><Console><Console>" changed cvar (cvar "sv_maxupdaterate") (value "64")
L 07/23/2025 - 10:39:12: [basecommands.smx] "Console<0><Console><Console>" changed cvar (cvar "sv_client_min_interp_ratio") (value "-1")
L 07/23/2025 - 10:39:12: [basecommands.smx] "Console<0><Console><Console>" changed cvar (cvar "sv_client_max_interp_ratio") (value "2")
L 07/23/2025 - 10:40:14: -------- Mapchange to c1m1_hotel --------
L 07/23/2025 - 10:40:16: [basecommands.smx] "Console<0><Console><Console>" changed cvar (cvar "net_splitpacket_maxrate") (value "30000")
L 07/23/2025 - 10:40:16: [basecommands.smx] "Console<0><Console><Console>" changed cvar (cvar "nb_update_frequency") (value "0.015625")
L 07/23/2025 - 10:40:16: [basecommands.smx] "Console<0><Console><Console>" changed cvar (cvar "sv_minrate") (value "64000")
L 07/23/2025 - 10:40:16: [basecommands.smx] "Console<0><Console><Console>" changed cvar (cvar "sv_maxrate") (value "64000")
L 07/23/2025 - 10:40:16: [basecommands.smx] "Console<0><Console><Console>" changed cvar (cvar "sv_mincmdrate") (value "64")
L 07/23/2025 - 10:40:16: [basecommands.smx] "Console<0><Console><Console>" changed cvar (cvar "sv_maxcmdrate") (value "64")
L 07/23/2025 - 10:40:16: [basecommands.smx] "Console<0><Console><Console>" changed cvar (cvar "sv_minupdaterate") (value "64")
L 07/23/2025 - 10:40:16: [basecommands.smx] "Console<0><Console><Console>" changed cvar (cvar "sv_maxupdaterate") (value "64")
L 07/23/2025 - 10:40:16: [basecommands.smx] "Console<0><Console><Console>" changed cvar (cvar "sv_client_min_interp_ratio") (value "-1")
L 07/23/2025 - 10:40:16: [basecommands.smx] "Console<0><Console><Console>" changed cvar (cvar "sv_client_max_interp_ratio") (value "2")
L 07/23/2025 - 10:43:56: SourceMod log file session started (file "/home/steam/game_server/Left_4_Dead_2/left4dead2/addons/sourcemod/logs/L20250723.log") (Version "1.12.0.7207")
L 07/23/2025 - 10:43:56: [basecommands.smx] "Console<0><Console><Console>" changed cvar (cvar "z_difficulty") (value "hard")
L 07/23/2025 - 10:43:56: [basecommands.smx] "Console<0><Console><Console>" changed cvar (cvar "net_splitpacket_maxrate") (value "30000")
L 07/23/2025 - 10:43:56: [basecommands.smx] "Console<0><Console><Console>" changed cvar (cvar "nb_update_frequency") (value "0.015625")
L 07/23/2025 - 10:43:56: [basecommands.smx] "Console<0><Console><Console>" changed cvar (cvar "sv_minrate") (value "64000")
L 07/23/2025 - 10:43:56: [basecommands.smx] "Console<0><Console><Console>" changed cvar (cvar "sv_maxrate") (value "64000")
L 07/23/2025 - 10:43:56: [basecommands.smx] "Console<0><Console><Console>" changed cvar (cvar "sv_mincmdrate") (value "64")
L 07/23/2025 - 10:43:56: [basecommands.smx] "Console<0><Console><Console>" changed cvar (cvar "sv_maxcmdrate") (value "64")
L 07/23/2025 - 10:43:56: [basecommands.smx] "Console<0><Console><Console>" changed cvar (cvar "sv_minupdaterate") (value "64")
L 07/23/2025 - 10:43:56: [basecommands.smx] "Console<0><Console><Console>" changed cvar (cvar "sv_maxupdaterate") (value "64")
L 07/23/2025 - 10:43:56: [basecommands.smx] "Console<0><Console><Console>" changed cvar (cvar "sv_client_min_interp_ratio") (value "-1")
L 07/23/2025 - 10:43:56: [basecommands.smx] "Console<0><Console><Console>" changed cvar (cvar "sv_client_max_interp_ratio") (value "2")
L 07/23/2025 - 10:46:40: -------- Mapchange to c1m1_hotel --------
L 07/23/2025 - 10:46:41: [basecommands.smx] "Console<0><Console><Console>" changed cvar (cvar "z_difficulty") (value "hard")
L 07/23/2025 - 10:46:41: [basecommands.smx] "Console<0><Console><Console>" changed cvar (cvar "net_splitpacket_maxrate") (value "30000")
L 07/23/2025 - 10:46:41: [basecommands.smx] "Console<0><Console><Console>" changed cvar (cvar "nb_update_frequency") (value "0.015625")
L 07/23/2025 - 10:46:41: [basecommands.smx] "Console<0><Console><Console>" changed cvar (cvar "sv_minrate") (value "64000")
L 07/23/2025 - 10:46:41: [basecommands.smx] "Console<0><Console><Console>" changed cvar (cvar "sv_maxrate") (value "64000")
L 07/23/2025 - 10:46:41: [basecommands.smx] "Console<0><Console><Console>" changed cvar (cvar "sv_mincmdrate") (value "64")
L 07/23/2025 - 10:46:41: [basecommands.smx] "Console<0><Console><Console>" changed cvar (cvar "sv_maxcmdrate") (value "64")
L 07/23/2025 - 10:46:41: [basecommands.smx] "Console<0><Console><Console>" changed cvar (cvar "sv_minupdaterate") (value "64")
L 07/23/2025 - 10:46:41: [basecommands.smx] "Console<0><Console><Console>" changed cvar (cvar "sv_maxupdaterate") (value "64")
L 07/23/2025 - 10:46:41: [basecommands.smx] "Console<0><Console><Console>" changed cvar (cvar "sv_client_min_interp_ratio") (value "-1")
L 07/23/2025 - 10:46:41: [basecommands.smx] "Console<0><Console><Console>" changed cvar (cvar "sv_client_max_interp_ratio") (value "2")
L 07/23/2025 - 10:46:51: -------- Mapchange to tumtara --------
L 07/23/2025 - 10:46:52: [basecommands.smx] "Console<0><Console><Console>" changed cvar (cvar "z_difficulty") (value "hard")
L 07/23/2025 - 10:46:52: [basecommands.smx] "Console<0><Console><Console>" changed cvar (cvar "net_splitpacket_maxrate") (value "30000")
L 07/23/2025 - 10:46:52: [basecommands.smx] "Console<0><Console><Console>" changed cvar (cvar "nb_update_frequency") (value "0.015625")
L 07/23/2025 - 10:46:52: [basecommands.smx] "Console<0><Console><Console>" changed cvar (cvar "sv_minrate") (value "64000")
L 07/23/2025 - 10:46:52: [basecommands.smx] "Console<0><Console><Console>" changed cvar (cvar "sv_maxrate") (value "64000")
L 07/23/2025 - 10:46:52: [basecommands.smx] "Console<0><Console><Console>" changed cvar (cvar "sv_mincmdrate") (value "64")
L 07/23/2025 - 10:46:52: [basecommands.smx] "Console<0><Console><Console>" changed cvar (cvar "sv_maxcmdrate") (value "64")
L 07/23/2025 - 10:46:52: [basecommands.smx] "Console<0><Console><Console>" changed cvar (cvar "sv_minupdaterate") (value "64")
L 07/23/2025 - 10:46:52: [basecommands.smx] "Console<0><Console><Console>" changed cvar (cvar "sv_maxupdaterate") (value "64")
L 07/23/2025 - 10:46:52: [basecommands.smx] "Console<0><Console><Console>" changed cvar (cvar "sv_client_min_interp_ratio") (value "-1")
L 07/23/2025 - 10:46:52: [basecommands.smx] "Console<0><Console><Console>" changed cvar (cvar "sv_client_max_interp_ratio") (value "2")
L 07/23/2025 - 10:47:59: SourceMod log file session started (file "/home/steam/game_server/Left_4_Dead_2/left4dead2/addons/sourcemod/logs/L20250723.log") (Version "1.12.0.7207")
L 07/23/2025 - 10:47:59: [basecommands.smx] "Console<0><Console><Console>" changed cvar (cvar "z_difficulty") (value "hard")
L 07/23/2025 - 10:47:59: [basecommands.smx] "Console<0><Console><Console>" changed cvar (cvar "net_splitpacket_maxrate") (value "30000")
L 07/23/2025 - 10:47:59: [basecommands.smx] "Console<0><Console><Console>" changed cvar (cvar "nb_update_frequency") (value "0.015625")
L 07/23/2025 - 10:47:59: [basecommands.smx] "Console<0><Console><Console>" changed cvar (cvar "sv_minrate") (value "64000")
L 07/23/2025 - 10:47:59: [basecommands.smx] "Console<0><Console><Console>" changed cvar (cvar "sv_maxrate") (value "64000")
L 07/23/2025 - 10:47:59: [basecommands.smx] "Console<0><Console><Console>" changed cvar (cvar "sv_mincmdrate") (value "64")
L 07/23/2025 - 10:47:59: [basecommands.smx] "Console<0><Console><Console>" changed cvar (cvar "sv_maxcmdrate") (value "64")
L 07/23/2025 - 10:47:59: [basecommands.smx] "Console<0><Console><Console>" changed cvar (cvar "sv_minupdaterate") (value "64")
L 07/23/2025 - 10:47:59: [basecommands.smx] "Console<0><Console><Console>" changed cvar (cvar "sv_maxupdaterate") (value "64")
L 07/23/2025 - 10:47:59: [basecommands.smx] "Console<0><Console><Console>" changed cvar (cvar "sv_client_min_interp_ratio") (value "-1")
L 07/23/2025 - 10:47:59: [basecommands.smx] "Console<0><Console><Console>" changed cvar (cvar "sv_client_max_interp_ratio") (value "2")
L 07/23/2025 - 10:48:48: SourceMod log file session started (file "/home/steam/game_server/Left_4_Dead_2/left4dead2/addons/sourcemod/logs/L20250723.log") (Version "1.12.0.7207")
L 07/23/2025 - 10:48:48: [basecommands.smx] "Console<0><Console><Console>" changed cvar (cvar "z_difficulty") (value "hard")
L 07/23/2025 - 10:48:48: [basecommands.smx] "Console<0><Console><Console>" changed cvar (cvar "net_splitpacket_maxrate") (value "30000")
L 07/23/2025 - 10:48:48: [basecommands.smx] "Console<0><Console><Console>" changed cvar (cvar "nb_update_frequency") (value "0.015625")
L 07/23/2025 - 10:48:48: [basecommands.smx] "Console<0><Console><Console>" changed cvar (cvar "sv_minrate") (value "64000")
L 07/23/2025 - 10:48:48: [basecommands.smx] "Console<0><Console><Console>" changed cvar (cvar "sv_maxrate") (value "64000")
L 07/23/2025 - 10:48:48: [basecommands.smx] "Console<0><Console><Console>" changed cvar (cvar "sv_mincmdrate") (value "64")
L 07/23/2025 - 10:48:48: [basecommands.smx] "Console<0><Console><Console>" changed cvar (cvar "sv_maxcmdrate") (value "64")
L 07/23/2025 - 10:48:48: [basecommands.smx] "Console<0><Console><Console>" changed cvar (cvar "sv_minupdaterate") (value "64")
L 07/23/2025 - 10:48:48: [basecommands.smx] "Console<0><Console><Console>" changed cvar (cvar "sv_maxupdaterate") (value "64")
L 07/23/2025 - 10:48:48: [basecommands.smx] "Console<0><Console><Console>" changed cvar (cvar "sv_client_min_interp_ratio") (value "-1")
L 07/23/2025 - 10:48:48: [basecommands.smx] "Console<0><Console><Console>" changed cvar (cvar "sv_client_max_interp_ratio") (value "2")
L 07/23/2025 - 11:07:52: SourceMod log file session started (file "/home/steam/game_server/Left_4_Dead_2/left4dead2/addons/sourcemod/logs/L20250723.log") (Version "1.12.0.7207")
L 07/23/2025 - 11:07:52: [basecommands.smx] "Console<0><Console><Console>" changed cvar (cvar "z_difficulty") (value "hard")
L 07/23/2025 - 11:07:52: [basecommands.smx] "Console<0><Console><Console>" changed cvar (cvar "net_splitpacket_maxrate") (value "30000")
L 07/23/2025 - 11:07:52: [basecommands.smx] "Console<0><Console><Console>" changed cvar (cvar "nb_update_frequency") (value "0.015625")
L 07/23/2025 - 11:07:52: [basecommands.smx] "Console<0><Console><Console>" changed cvar (cvar "sv_minrate") (value "64000")
L 07/23/2025 - 11:07:52: [basecommands.smx] "Console<0><Console><Console>" changed cvar (cvar "sv_maxrate") (value "64000")
L 07/23/2025 - 11:07:52: [basecommands.smx] "Console<0><Console><Console>" changed cvar (cvar "sv_mincmdrate") (value "64")
L 07/23/2025 - 11:07:52: [basecommands.smx] "Console<0><Console><Console>" changed cvar (cvar "sv_maxcmdrate") (value "64")
L 07/23/2025 - 11:07:52: [basecommands.smx] "Console<0><Console><Console>" changed cvar (cvar "sv_minupdaterate") (value "64")
L 07/23/2025 - 11:07:52: [basecommands.smx] "Console<0><Console><Console>" changed cvar (cvar "sv_maxupdaterate") (value "64")
L 07/23/2025 - 11:07:52: [basecommands.smx] "Console<0><Console><Console>" changed cvar (cvar "sv_client_min_interp_ratio") (value "-1")
L 07/23/2025 - 11:07:52: [basecommands.smx] "Console<0><Console><Console>" changed cvar (cvar "sv_client_max_interp_ratio") (value "2")
L 07/23/2025 - 11:07:52: [basecommands.smx] "Console<0><Console><Console>" changed cvar (cvar "survivor_friendly_fire_factor_hard") (value "0.25")
L 07/23/2025 - 11:07:52: [basecommands.smx] "Console<0><Console><Console>" changed cvar (cvar "survivor_burn_factor_hard") (value "0.5")
L 07/23/2025 - 11:09:02: SourceMod log file session started (file "/home/steam/game_server/Left_4_Dead_2/left4dead2/addons/sourcemod/logs/L20250723.log") (Version "1.12.0.7207")
L 07/23/2025 - 11:09:02: [basecommands.smx] "Console<0><Console><Console>" changed cvar (cvar "z_difficulty") (value "hard")
L 07/23/2025 - 11:09:02: [basecommands.smx] "Console<0><Console><Console>" changed cvar (cvar "net_splitpacket_maxrate") (value "30000")
L 07/23/2025 - 11:09:02: [basecommands.smx] "Console<0><Console><Console>" changed cvar (cvar "nb_update_frequency") (value "0.015625")
L 07/23/2025 - 11:09:02: [basecommands.smx] "Console<0><Console><Console>" changed cvar (cvar "sv_minrate") (value "64000")
L 07/23/2025 - 11:09:02: [basecommands.smx] "Console<0><Console><Console>" changed cvar (cvar "sv_maxrate") (value "64000")
L 07/23/2025 - 11:09:02: [basecommands.smx] "Console<0><Console><Console>" changed cvar (cvar "sv_mincmdrate") (value "64")
L 07/23/2025 - 11:09:02: [basecommands.smx] "Console<0><Console><Console>" changed cvar (cvar "sv_maxcmdrate") (value "64")
L 07/23/2025 - 11:09:02: [basecommands.smx] "Console<0><Console><Console>" changed cvar (cvar "sv_minupdaterate") (value "64")
L 07/23/2025 - 11:09:02: [basecommands.smx] "Console<0><Console><Console>" changed cvar (cvar "sv_maxupdaterate") (value "64")
L 07/23/2025 - 11:09:02: [basecommands.smx] "Console<0><Console><Console>" changed cvar (cvar "sv_client_min_interp_ratio") (value "-1")
L 07/23/2025 - 11:09:02: [basecommands.smx] "Console<0><Console><Console>" changed cvar (cvar "sv_client_max_interp_ratio") (value "2")
L 07/23/2025 - 11:09:02: [basecommands.smx] "Console<0><Console><Console>" changed cvar (cvar "survivor_friendly_fire_factor_hard") (value "0.25")
L 07/23/2025 - 11:09:02: [basecommands.smx] "Console<0><Console><Console>" changed cvar (cvar "survivor_burn_factor_hard") (value "0.5")
L 07/23/2025 - 11:09:58: SourceMod log file session started (file "/home/steam/game_server/Left_4_Dead_2/left4dead2/addons/sourcemod/logs/L20250723.log") (Version "1.12.0.7207")
L 07/23/2025 - 11:09:58: [basecommands.smx] "Console<0><Console><Console>" changed cvar (cvar "z_difficulty") (value "hard")
L 07/23/2025 - 11:09:58: [basecommands.smx] "Console<0><Console><Console>" changed cvar (cvar "net_splitpacket_maxrate") (value "30000")
L 07/23/2025 - 11:09:58: [basecommands.smx] "Console<0><Console><Console>" changed cvar (cvar "nb_update_frequency") (value "0.015625")
L 07/23/2025 - 11:09:58: [basecommands.smx] "Console<0><Console><Console>" changed cvar (cvar "sv_minrate") (value "64000")
L 07/23/2025 - 11:09:58: [basecommands.smx] "Console<0><Console><Console>" changed cvar (cvar "sv_maxrate") (value "64000")
L 07/23/2025 - 11:09:58: [basecommands.smx] "Console<0><Console><Console>" changed cvar (cvar "sv_mincmdrate") (value "64")
L 07/23/2025 - 11:09:58: [basecommands.smx] "Console<0><Console><Console>" changed cvar (cvar "sv_maxcmdrate") (value "64")
L 07/23/2025 - 11:09:58: [basecommands.smx] "Console<0><Console><Console>" changed cvar (cvar "sv_minupdaterate") (value "64")
L 07/23/2025 - 11:09:58: [basecommands.smx] "Console<0><Console><Console>" changed cvar (cvar "sv_maxupdaterate") (value "64")
L 07/23/2025 - 11:09:58: [basecommands.smx] "Console<0><Console><Console>" changed cvar (cvar "sv_client_min_interp_ratio") (value "-1")
L 07/23/2025 - 11:09:58: [basecommands.smx] "Console<0><Console><Console>" changed cvar (cvar "sv_client_max_interp_ratio") (value "2")
L 07/23/2025 - 11:09:58: [basecommands.smx] "Console<0><Console><Console>" changed cvar (cvar "survivor_friendly_fire_factor_hard") (value "0.25")
L 07/23/2025 - 11:09:58: [basecommands.smx] "Console<0><Console><Console>" changed cvar (cvar "survivor_burn_factor_hard") (value "0.5")
L 07/23/2025 - 11:11:15: -------- Mapchange to tumtara --------
L 07/23/2025 - 11:11:16: [basecommands.smx] "Console<0><Console><Console>" changed cvar (cvar "z_difficulty") (value "hard")
L 07/23/2025 - 11:11:16: [basecommands.smx] "Console<0><Console><Console>" changed cvar (cvar "net_splitpacket_maxrate") (value "30000")
L 07/23/2025 - 11:11:16: [basecommands.smx] "Console<0><Console><Console>" changed cvar (cvar "nb_update_frequency") (value "0.015625")
L 07/23/2025 - 11:11:16: [basecommands.smx] "Console<0><Console><Console>" changed cvar (cvar "sv_minrate") (value "64000")
L 07/23/2025 - 11:11:16: [basecommands.smx] "Console<0><Console><Console>" changed cvar (cvar "sv_maxrate") (value "64000")
L 07/23/2025 - 11:11:16: [basecommands.smx] "Console<0><Console><Console>" changed cvar (cvar "sv_mincmdrate") (value "64")
L 07/23/2025 - 11:11:16: [basecommands.smx] "Console<0><Console><Console>" changed cvar (cvar "sv_maxcmdrate") (value "64")
L 07/23/2025 - 11:11:16: [basecommands.smx] "Console<0><Console><Console>" changed cvar (cvar "sv_minupdaterate") (value "64")
L 07/23/2025 - 11:11:16: [basecommands.smx] "Console<0><Console><Console>" changed cvar (cvar "sv_maxupdaterate") (value "64")
L 07/23/2025 - 11:11:16: [basecommands.smx] "Console<0><Console><Console>" changed cvar (cvar "sv_client_min_interp_ratio") (value "-1")
L 07/23/2025 - 11:11:16: [basecommands.smx] "Console<0><Console><Console>" changed cvar (cvar "sv_client_max_interp_ratio") (value "2")
L 07/23/2025 - 11:11:16: [basecommands.smx] "Console<0><Console><Console>" changed cvar (cvar "survivor_friendly_fire_factor_hard") (value "0.25")
L 07/23/2025 - 11:11:16: [basecommands.smx] "Console<0><Console><Console>" changed cvar (cvar "survivor_burn_factor_hard") (value "0.5")
L 07/23/2025 - 11:17:10: SourceMod log file session started (file "/home/steam/game_server/Left_4_Dead_2/left4dead2/addons/sourcemod/logs/L20250723.log") (Version "1.12.0.7207")
L 07/23/2025 - 11:17:10: [basecommands.smx] "Console<0><Console><Console>" changed cvar (cvar "z_difficulty") (value "hard")
L 07/23/2025 - 11:17:10: [basecommands.smx] "Console<0><Console><Console>" changed cvar (cvar "survivor_friendly_fire_factor_hard") (value "0.2")
L 07/23/2025 - 11:17:10: [basecommands.smx] "Console<0><Console><Console>" changed cvar (cvar "survivor_burn_factor_hard") (value "0.5")
L 07/23/2025 - 11:17:10: [basecommands.smx] "Console<0><Console><Console>" changed cvar (cvar "net_splitpacket_maxrate") (value "30000")
L 07/23/2025 - 11:17:10: [basecommands.smx] "Console<0><Console><Console>" changed cvar (cvar "nb_update_frequency") (value "0.024")
L 07/23/2025 - 11:17:10: [basecommands.smx] "Console<0><Console><Console>" changed cvar (cvar "sv_minrate") (value "64000")
L 07/23/2025 - 11:17:10: [basecommands.smx] "Console<0><Console><Console>" changed cvar (cvar "sv_maxrate") (value "64000")
L 07/23/2025 - 11:17:10: [basecommands.smx] "Console<0><Console><Console>" changed cvar (cvar "sv_mincmdrate") (value "64")
L 07/23/2025 - 11:17:10: [basecommands.smx] "Console<0><Console><Console>" changed cvar (cvar "sv_maxcmdrate") (value "64")
L 07/23/2025 - 11:17:10: [basecommands.smx] "Console<0><Console><Console>" changed cvar (cvar "sv_minupdaterate") (value "64")
L 07/23/2025 - 11:17:10: [basecommands.smx] "Console<0><Console><Console>" changed cvar (cvar "sv_maxupdaterate") (value "64")
L 07/23/2025 - 11:17:10: [basecommands.smx] "Console<0><Console><Console>" changed cvar (cvar "sv_client_min_interp_ratio") (value "-1")
L 07/23/2025 - 11:17:10: [basecommands.smx] "Console<0><Console><Console>" changed cvar (cvar "sv_client_max_interp_ratio") (value "2")
L 07/23/2025 - 11:17:58: -------- Mapchange to c1m1_hotel --------
L 07/23/2025 - 11:17:59: [basecommands.smx] "Console<0><Console><Console>" changed cvar (cvar "z_difficulty") (value "hard")
L 07/23/2025 - 11:17:59: [basecommands.smx] "Console<0><Console><Console>" changed cvar (cvar "survivor_friendly_fire_factor_hard") (value "0.2")
L 07/23/2025 - 11:17:59: [basecommands.smx] "Console<0><Console><Console>" changed cvar (cvar "survivor_burn_factor_hard") (value "0.5")
L 07/23/2025 - 11:17:59: [basecommands.smx] "Console<0><Console><Console>" changed cvar (cvar "net_splitpacket_maxrate") (value "30000")
L 07/23/2025 - 11:17:59: [basecommands.smx] "Console<0><Console><Console>" changed cvar (cvar "nb_update_frequency") (value "0.024")
L 07/23/2025 - 11:17:59: [basecommands.smx] "Console<0><Console><Console>" changed cvar (cvar "sv_minrate") (value "64000")
L 07/23/2025 - 11:17:59: [basecommands.smx] "Console<0><Console><Console>" changed cvar (cvar "sv_maxrate") (value "64000")
L 07/23/2025 - 11:17:59: [basecommands.smx] "Console<0><Console><Console>" changed cvar (cvar "sv_mincmdrate") (value "64")
L 07/23/2025 - 11:17:59: [basecommands.smx] "Console<0><Console><Console>" changed cvar (cvar "sv_maxcmdrate") (value "64")
L 07/23/2025 - 11:17:59: [basecommands.smx] "Console<0><Console><Console>" changed cvar (cvar "sv_minupdaterate") (value "64")
L 07/23/2025 - 11:17:59: [basecommands.smx] "Console<0><Console><Console>" changed cvar (cvar "sv_maxupdaterate") (value "64")
L 07/23/2025 - 11:17:59: [basecommands.smx] "Console<0><Console><Console>" changed cvar (cvar "sv_client_min_interp_ratio") (value "-1")
L 07/23/2025 - 11:17:59: [basecommands.smx] "Console<0><Console><Console>" changed cvar (cvar "sv_client_max_interp_ratio") (value "2")
L 07/23/2025 - 11:19:47: -------- Mapchange to tumtara --------
L 07/23/2025 - 11:19:48: [basecommands.smx] "Console<0><Console><Console>" changed cvar (cvar "z_difficulty") (value "hard")
L 07/23/2025 - 11:19:48: [basecommands.smx] "Console<0><Console><Console>" changed cvar (cvar "survivor_friendly_fire_factor_hard") (value "0.2")
L 07/23/2025 - 11:19:48: [basecommands.smx] "Console<0><Console><Console>" changed cvar (cvar "survivor_burn_factor_hard") (value "0.5")
L 07/23/2025 - 11:19:48: [basecommands.smx] "Console<0><Console><Console>" changed cvar (cvar "net_splitpacket_maxrate") (value "30000")
L 07/23/2025 - 11:19:48: [basecommands.smx] "Console<0><Console><Console>" changed cvar (cvar "nb_update_frequency") (value "0.024")
L 07/23/2025 - 11:19:48: [basecommands.smx] "Console<0><Console><Console>" changed cvar (cvar "sv_minrate") (value "64000")
L 07/23/2025 - 11:19:48: [basecommands.smx] "Console<0><Console><Console>" changed cvar (cvar "sv_maxrate") (value "64000")
L 07/23/2025 - 11:19:48: [basecommands.smx] "Console<0><Console><Console>" changed cvar (cvar "sv_mincmdrate") (value "64")
L 07/23/2025 - 11:19:48: [basecommands.smx] "Console<0><Console><Console>" changed cvar (cvar "sv_maxcmdrate") (value "64")
L 07/23/2025 - 11:19:48: [basecommands.smx] "Console<0><Console><Console>" changed cvar (cvar "sv_minupdaterate") (value "64")
L 07/23/2025 - 11:19:48: [basecommands.smx] "Console<0><Console><Console>" changed cvar (cvar "sv_maxupdaterate") (value "64")
L 07/23/2025 - 11:19:48: [basecommands.smx] "Console<0><Console><Console>" changed cvar (cvar "sv_client_min_interp_ratio") (value "-1")
L 07/23/2025 - 11:19:48: [basecommands.smx] "Console<0><Console><Console>" changed cvar (cvar "sv_client_max_interp_ratio") (value "2")
L 07/23/2025 - 11:43:45: SourceMod log file session started (file "/home/steam/game_server/Left_4_Dead_2/left4dead2/addons/sourcemod/logs/L20250723.log") (Version "1.12.0.7207")
L 07/23/2025 - 11:43:45: [basecommands.smx] "Console<0><Console><Console>" changed cvar (cvar "z_difficulty") (value "hard")
L 07/23/2025 - 11:43:45: [basecommands.smx] "Console<0><Console><Console>" changed cvar (cvar "survivor_friendly_fire_factor_hard") (value "0.2")
L 07/23/2025 - 11:43:45: [basecommands.smx] "Console<0><Console><Console>" changed cvar (cvar "survivor_burn_factor_hard") (value "0.5")
L 07/23/2025 - 11:43:45: [basecommands.smx] "Console<0><Console><Console>" changed cvar (cvar "fps_max") (value "144")
L 07/23/2025 - 11:43:45: [basecommands.smx] "Console<0><Console><Console>" changed cvar (cvar "net_splitpacket_maxrate") (value "32000")
L 07/23/2025 - 11:43:45: [basecommands.smx] "Console<0><Console><Console>" changed cvar (cvar "nb_update_frequency") (value "0.024")
L 07/23/2025 - 11:43:45: [basecommands.smx] "Console<0><Console><Console>" changed cvar (cvar "sv_minrate") (value "64000")
L 07/23/2025 - 11:43:45: [basecommands.smx] "Console<0><Console><Console>" changed cvar (cvar "sv_maxrate") (value "64000")
L 07/23/2025 - 11:43:45: [basecommands.smx] "Console<0><Console><Console>" changed cvar (cvar "sv_mincmdrate") (value "64")
L 07/23/2025 - 11:43:45: [basecommands.smx] "Console<0><Console><Console>" changed cvar (cvar "sv_maxcmdrate") (value "64")
L 07/23/2025 - 11:43:45: [basecommands.smx] "Console<0><Console><Console>" changed cvar (cvar "sv_minupdaterate") (value "64")
L 07/23/2025 - 11:43:45: [basecommands.smx] "Console<0><Console><Console>" changed cvar (cvar "sv_maxupdaterate") (value "64")
L 07/23/2025 - 11:43:45: [basecommands.smx] "Console<0><Console><Console>" changed cvar (cvar "sv_client_min_interp_ratio") (value "-1")
L 07/23/2025 - 11:43:45: [basecommands.smx] "Console<0><Console><Console>" changed cvar (cvar "sv_client_max_interp_ratio") (value "2")
L 07/23/2025 - 11:44:19: -------- Mapchange to tumtara --------
L 07/23/2025 - 11:44:21: [basecommands.smx] "Console<0><Console><Console>" changed cvar (cvar "z_difficulty") (value "hard")
L 07/23/2025 - 11:44:21: [basecommands.smx] "Console<0><Console><Console>" changed cvar (cvar "survivor_friendly_fire_factor_hard") (value "0.2")
L 07/23/2025 - 11:44:21: [basecommands.smx] "Console<0><Console><Console>" changed cvar (cvar "survivor_burn_factor_hard") (value "0.5")
L 07/23/2025 - 11:44:21: [basecommands.smx] "Console<0><Console><Console>" changed cvar (cvar "fps_max") (value "144")
L 07/23/2025 - 11:44:21: [basecommands.smx] "Console<0><Console><Console>" changed cvar (cvar "net_splitpacket_maxrate") (value "32000")
L 07/23/2025 - 11:44:21: [basecommands.smx] "Console<0><Console><Console>" changed cvar (cvar "nb_update_frequency") (value "0.024")
L 07/23/2025 - 11:44:21: [basecommands.smx] "Console<0><Console><Console>" changed cvar (cvar "sv_minrate") (value "64000")
L 07/23/2025 - 11:44:21: [basecommands.smx] "Console<0><Console><Console>" changed cvar (cvar "sv_maxrate") (value "64000")
L 07/23/2025 - 11:44:21: [basecommands.smx] "Console<0><Console><Console>" changed cvar (cvar "sv_mincmdrate") (value "64")
L 07/23/2025 - 11:44:21: [basecommands.smx] "Console<0><Console><Console>" changed cvar (cvar "sv_maxcmdrate") (value "64")
L 07/23/2025 - 11:44:21: [basecommands.smx] "Console<0><Console><Console>" changed cvar (cvar "sv_minupdaterate") (value "64")
L 07/23/2025 - 11:44:21: [basecommands.smx] "Console<0><Console><Console>" changed cvar (cvar "sv_maxupdaterate") (value "64")
L 07/23/2025 - 11:44:21: [basecommands.smx] "Console<0><Console><Console>" changed cvar (cvar "sv_client_min_interp_ratio") (value "-1")
L 07/23/2025 - 11:44:21: [basecommands.smx] "Console<0><Console><Console>" changed cvar (cvar "sv_client_max_interp_ratio") (value "2")
L 07/23/2025 - 11:46:12: SourceMod log file session started (file "/home/steam/game_server/Left_4_Dead_2/left4dead2/addons/sourcemod/logs/L20250723.log") (Version "1.12.0.7207")
L 07/23/2025 - 11:46:12: [basecommands.smx] "Console<0><Console><Console>" changed cvar (cvar "z_difficulty") (value "hard")
L 07/23/2025 - 11:46:12: [basecommands.smx] "Console<0><Console><Console>" changed cvar (cvar "survivor_friendly_fire_factor_hard") (value "0.2")
L 07/23/2025 - 11:46:12: [basecommands.smx] "Console<0><Console><Console>" changed cvar (cvar "survivor_burn_factor_hard") (value "0.5")
L 07/23/2025 - 11:46:12: [basecommands.smx] "Console<0><Console><Console>" changed cvar (cvar "fps_max") (value "144")
L 07/23/2025 - 11:46:12: [basecommands.smx] "Console<0><Console><Console>" changed cvar (cvar "net_splitpacket_maxrate") (value "32000")
L 07/23/2025 - 11:46:12: [basecommands.smx] "Console<0><Console><Console>" changed cvar (cvar "nb_update_frequency") (value "0.024")
L 07/23/2025 - 11:46:12: [basecommands.smx] "Console<0><Console><Console>" changed cvar (cvar "sv_minrate") (value "64000")
L 07/23/2025 - 11:46:12: [basecommands.smx] "Console<0><Console><Console>" changed cvar (cvar "sv_maxrate") (value "64000")
L 07/23/2025 - 11:46:12: [basecommands.smx] "Console<0><Console><Console>" changed cvar (cvar "sv_mincmdrate") (value "64")
L 07/23/2025 - 11:46:12: [basecommands.smx] "Console<0><Console><Console>" changed cvar (cvar "sv_maxcmdrate") (value "64")
L 07/23/2025 - 11:46:12: [basecommands.smx] "Console<0><Console><Console>" changed cvar (cvar "sv_minupdaterate") (value "64")
L 07/23/2025 - 11:46:12: [basecommands.smx] "Console<0><Console><Console>" changed cvar (cvar "sv_maxupdaterate") (value "64")
L 07/23/2025 - 11:46:12: [basecommands.smx] "Console<0><Console><Console>" changed cvar (cvar "sv_client_min_interp_ratio") (value "-1")
L 07/23/2025 - 11:46:12: [basecommands.smx] "Console<0><Console><Console>" changed cvar (cvar "sv_client_max_interp_ratio") (value "2")
L 07/23/2025 - 11:49:52: -------- Mapchange to c1m1_hotel --------
L 07/23/2025 - 11:49:53: [basecommands.smx] "Console<0><Console><Console>" changed cvar (cvar "z_difficulty") (value "hard")
L 07/23/2025 - 11:49:53: [basecommands.smx] "Console<0><Console><Console>" changed cvar (cvar "survivor_friendly_fire_factor_hard") (value "0.2")
L 07/23/2025 - 11:49:53: [basecommands.smx] "Console<0><Console><Console>" changed cvar (cvar "survivor_burn_factor_hard") (value "0.5")
L 07/23/2025 - 11:49:53: [basecommands.smx] "Console<0><Console><Console>" changed cvar (cvar "fps_max") (value "144")
L 07/23/2025 - 11:49:53: [basecommands.smx] "Console<0><Console><Console>" changed cvar (cvar "net_splitpacket_maxrate") (value "32000")
L 07/23/2025 - 11:49:53: [basecommands.smx] "Console<0><Console><Console>" changed cvar (cvar "nb_update_frequency") (value "0.024")
L 07/23/2025 - 11:49:53: [basecommands.smx] "Console<0><Console><Console>" changed cvar (cvar "sv_minrate") (value "64000")
L 07/23/2025 - 11:49:53: [basecommands.smx] "Console<0><Console><Console>" changed cvar (cvar "sv_maxrate") (value "64000")
L 07/23/2025 - 11:49:53: [basecommands.smx] "Console<0><Console><Console>" changed cvar (cvar "sv_mincmdrate") (value "64")
L 07/23/2025 - 11:49:53: [basecommands.smx] "Console<0><Console><Console>" changed cvar (cvar "sv_maxcmdrate") (value "64")
L 07/23/2025 - 11:49:53: [basecommands.smx] "Console<0><Console><Console>" changed cvar (cvar "sv_minupdaterate") (value "64")
L 07/23/2025 - 11:49:53: [basecommands.smx] "Console<0><Console><Console>" changed cvar (cvar "sv_maxupdaterate") (value "64")
L 07/23/2025 - 11:49:53: [basecommands.smx] "Console<0><Console><Console>" changed cvar (cvar "sv_client_min_interp_ratio") (value "-1")
L 07/23/2025 - 11:49:53: [basecommands.smx] "Console<0><Console><Console>" changed cvar (cvar "sv_client_max_interp_ratio") (value "2")
L 07/23/2025 - 11:53:49: SourceMod log file session started (file "/home/steam/game_server/Left_4_Dead_2/left4dead2/addons/sourcemod/logs/L20250723.log") (Version "1.12.0.7207")
L 07/23/2025 - 11:53:49: [basecommands.smx] "Console<0><Console><Console>" changed cvar (cvar "z_difficulty") (value "hard")
L 07/23/2025 - 11:53:49: [basecommands.smx] "Console<0><Console><Console>" changed cvar (cvar "survivor_friendly_fire_factor_hard") (value "0.2")
L 07/23/2025 - 11:53:49: [basecommands.smx] "Console<0><Console><Console>" changed cvar (cvar "survivor_burn_factor_hard") (value "0.5")
L 07/23/2025 - 11:53:49: [basecommands.smx] "Console<0><Console><Console>" changed cvar (cvar "fps_max") (value "144")
L 07/23/2025 - 11:53:49: [basecommands.smx] "Console<0><Console><Console>" changed cvar (cvar "net_splitpacket_maxrate") (value "32000")
L 07/23/2025 - 11:53:49: [basecommands.smx] "Console<0><Console><Console>" changed cvar (cvar "nb_update_frequency") (value "0.024")
L 07/23/2025 - 11:53:49: [basecommands.smx] "Console<0><Console><Console>" changed cvar (cvar "sv_minrate") (value "64000")
L 07/23/2025 - 11:53:49: [basecommands.smx] "Console<0><Console><Console>" changed cvar (cvar "sv_maxrate") (value "64000")
L 07/23/2025 - 11:53:49: [basecommands.smx] "Console<0><Console><Console>" changed cvar (cvar "sv_mincmdrate") (value "64")
L 07/23/2025 - 11:53:49: [basecommands.smx] "Console<0><Console><Console>" changed cvar (cvar "sv_maxcmdrate") (value "64")
L 07/23/2025 - 11:53:49: [basecommands.smx] "Console<0><Console><Console>" changed cvar (cvar "sv_minupdaterate") (value "64")
L 07/23/2025 - 11:53:49: [basecommands.smx] "Console<0><Console><Console>" changed cvar (cvar "sv_maxupdaterate") (value "64")
L 07/23/2025 - 11:53:49: [basecommands.smx] "Console<0><Console><Console>" changed cvar (cvar "sv_client_min_interp_ratio") (value "-1")
L 07/23/2025 - 11:53:49: [basecommands.smx] "Console<0><Console><Console>" changed cvar (cvar "sv_client_max_interp_ratio") (value "2")
L 07/23/2025 - 11:53:54: -------- Mapchange to tumtara --------
L 07/23/2025 - 11:53:56: [basecommands.smx] "Console<0><Console><Console>" changed cvar (cvar "z_difficulty") (value "hard")
L 07/23/2025 - 11:53:56: [basecommands.smx] "Console<0><Console><Console>" changed cvar (cvar "survivor_friendly_fire_factor_hard") (value "0.2")
L 07/23/2025 - 11:53:56: [basecommands.smx] "Console<0><Console><Console>" changed cvar (cvar "survivor_burn_factor_hard") (value "0.5")
L 07/23/2025 - 11:53:56: [basecommands.smx] "Console<0><Console><Console>" changed cvar (cvar "fps_max") (value "144")
L 07/23/2025 - 11:53:56: [basecommands.smx] "Console<0><Console><Console>" changed cvar (cvar "net_splitpacket_maxrate") (value "32000")
L 07/23/2025 - 11:53:56: [basecommands.smx] "Console<0><Console><Console>" changed cvar (cvar "nb_update_frequency") (value "0.024")
L 07/23/2025 - 11:53:56: [basecommands.smx] "Console<0><Console><Console>" changed cvar (cvar "sv_minrate") (value "64000")
L 07/23/2025 - 11:53:56: [basecommands.smx] "Console<0><Console><Console>" changed cvar (cvar "sv_maxrate") (value "64000")
L 07/23/2025 - 11:53:56: [basecommands.smx] "Console<0><Console><Console>" changed cvar (cvar "sv_mincmdrate") (value "64")
L 07/23/2025 - 11:53:56: [basecommands.smx] "Console<0><Console><Console>" changed cvar (cvar "sv_maxcmdrate") (value "64")
L 07/23/2025 - 11:53:56: [basecommands.smx] "Console<0><Console><Console>" changed cvar (cvar "sv_minupdaterate") (value "64")
L 07/23/2025 - 11:53:56: [basecommands.smx] "Console<0><Console><Console>" changed cvar (cvar "sv_maxupdaterate") (value "64")
L 07/23/2025 - 11:53:56: [basecommands.smx] "Console<0><Console><Console>" changed cvar (cvar "sv_client_min_interp_ratio") (value "-1")
L 07/23/2025 - 11:53:56: [basecommands.smx] "Console<0><Console><Console>" changed cvar (cvar "sv_client_max_interp_ratio") (value "2")
L 07/23/2025 - 11:58:21: SourceMod log file session started (file "/home/steam/game_server/Left_4_Dead_2/left4dead2/addons/sourcemod/logs/L20250723.log") (Version "1.12.0.7207")
L 07/23/2025 - 11:58:21: [basecommands.smx] "Console<0><Console><Console>" changed cvar (cvar "z_difficulty") (value "hard")
L 07/23/2025 - 11:58:21: [basecommands.smx] "Console<0><Console><Console>" changed cvar (cvar "survivor_friendly_fire_factor_hard") (value "0.2")
L 07/23/2025 - 11:58:21: [basecommands.smx] "Console<0><Console><Console>" changed cvar (cvar "survivor_burn_factor_hard") (value "0.5")
L 07/23/2025 - 11:58:21: [basecommands.smx] "Console<0><Console><Console>" changed cvar (cvar "fps_max") (value "144")
L 07/23/2025 - 11:58:21: [basecommands.smx] "Console<0><Console><Console>" changed cvar (cvar "net_splitpacket_maxrate") (value "32000")
L 07/23/2025 - 11:58:21: [basecommands.smx] "Console<0><Console><Console>" changed cvar (cvar "nb_update_frequency") (value "0.024")
L 07/23/2025 - 11:58:21: [basecommands.smx] "Console<0><Console><Console>" changed cvar (cvar "sv_minrate") (value "64000")
L 07/23/2025 - 11:58:21: [basecommands.smx] "Console<0><Console><Console>" changed cvar (cvar "sv_maxrate") (value "64000")
L 07/23/2025 - 11:58:21: [basecommands.smx] "Console<0><Console><Console>" changed cvar (cvar "sv_mincmdrate") (value "64")
L 07/23/2025 - 11:58:21: [basecommands.smx] "Console<0><Console><Console>" changed cvar (cvar "sv_maxcmdrate") (value "64")
L 07/23/2025 - 11:58:21: [basecommands.smx] "Console<0><Console><Console>" changed cvar (cvar "sv_minupdaterate") (value "64")
L 07/23/2025 - 11:58:21: [basecommands.smx] "Console<0><Console><Console>" changed cvar (cvar "sv_maxupdaterate") (value "64")
L 07/23/2025 - 11:58:21: [basecommands.smx] "Console<0><Console><Console>" changed cvar (cvar "sv_client_min_interp_ratio") (value "-1")
L 07/23/2025 - 11:58:21: [basecommands.smx] "Console<0><Console><Console>" changed cvar (cvar "sv_client_max_interp_ratio") (value "2")
L 07/23/2025 - 11:58:37: -------- Mapchange to tumtara --------
L 07/23/2025 - 11:58:38: [basecommands.smx] "Console<0><Console><Console>" changed cvar (cvar "z_difficulty") (value "hard")
L 07/23/2025 - 11:58:38: [basecommands.smx] "Console<0><Console><Console>" changed cvar (cvar "survivor_friendly_fire_factor_hard") (value "0.2")
L 07/23/2025 - 11:58:38: [basecommands.smx] "Console<0><Console><Console>" changed cvar (cvar "survivor_burn_factor_hard") (value "0.5")
L 07/23/2025 - 11:58:38: [basecommands.smx] "Console<0><Console><Console>" changed cvar (cvar "fps_max") (value "144")
L 07/23/2025 - 11:58:38: [basecommands.smx] "Console<0><Console><Console>" changed cvar (cvar "net_splitpacket_maxrate") (value "32000")
L 07/23/2025 - 11:58:38: [basecommands.smx] "Console<0><Console><Console>" changed cvar (cvar "nb_update_frequency") (value "0.024")
L 07/23/2025 - 11:58:38: [basecommands.smx] "Console<0><Console><Console>" changed cvar (cvar "sv_minrate") (value "64000")
L 07/23/2025 - 11:58:38: [basecommands.smx] "Console<0><Console><Console>" changed cvar (cvar "sv_maxrate") (value "64000")
L 07/23/2025 - 11:58:38: [basecommands.smx] "Console<0><Console><Console>" changed cvar (cvar "sv_mincmdrate") (value "64")
L 07/23/2025 - 11:58:38: [basecommands.smx] "Console<0><Console><Console>" changed cvar (cvar "sv_maxcmdrate") (value "64")
L 07/23/2025 - 11:58:38: [basecommands.smx] "Console<0><Console><Console>" changed cvar (cvar "sv_minupdaterate") (value "64")
L 07/23/2025 - 11:58:38: [basecommands.smx] "Console<0><Console><Console>" changed cvar (cvar "sv_maxupdaterate") (value "64")
L 07/23/2025 - 11:58:38: [basecommands.smx] "Console<0><Console><Console>" changed cvar (cvar "sv_client_min_interp_ratio") (value "-1")
L 07/23/2025 - 11:58:38: [basecommands.smx] "Console<0><Console><Console>" changed cvar (cvar "sv_client_max_interp_ratio") (value "2")
L 07/23/2025 - 12:07:16: SourceMod log file session started (file "/home/steam/game_server/Left_4_Dead_2/left4dead2/addons/sourcemod/logs/L20250723.log") (Version "1.12.0.7207")
L 07/23/2025 - 12:07:16: [basecommands.smx] "Console<0><Console><Console>" changed cvar (cvar "z_difficulty") (value "hard")
L 07/23/2025 - 12:07:16: [basecommands.smx] "Console<0><Console><Console>" changed cvar (cvar "survivor_friendly_fire_factor_hard") (value "0.2")
L 07/23/2025 - 12:07:16: [basecommands.smx] "Console<0><Console><Console>" changed cvar (cvar "survivor_burn_factor_hard") (value "0.5")
L 07/23/2025 - 12:07:16: [basecommands.smx] "Console<0><Console><Console>" changed cvar (cvar "fps_max") (value "144")
L 07/23/2025 - 12:07:16: [basecommands.smx] "Console<0><Console><Console>" changed cvar (cvar "net_splitpacket_maxrate") (value "32000")
L 07/23/2025 - 12:07:16: [basecommands.smx] "Console<0><Console><Console>" changed cvar (cvar "nb_update_frequency") (value "0.024")
L 07/23/2025 - 12:07:16: [basecommands.smx] "Console<0><Console><Console>" changed cvar (cvar "sv_minrate") (value "64000")
L 07/23/2025 - 12:07:16: [basecommands.smx] "Console<0><Console><Console>" changed cvar (cvar "sv_maxrate") (value "64000")
L 07/23/2025 - 12:07:16: [basecommands.smx] "Console<0><Console><Console>" changed cvar (cvar "sv_mincmdrate") (value "64")
L 07/23/2025 - 12:07:16: [basecommands.smx] "Console<0><Console><Console>" changed cvar (cvar "sv_maxcmdrate") (value "64")
L 07/23/2025 - 12:07:16: [basecommands.smx] "Console<0><Console><Console>" changed cvar (cvar "sv_minupdaterate") (value "64")
L 07/23/2025 - 12:07:16: [basecommands.smx] "Console<0><Console><Console>" changed cvar (cvar "sv_maxupdaterate") (value "64")
L 07/23/2025 - 12:07:16: [basecommands.smx] "Console<0><Console><Console>" changed cvar (cvar "sv_client_min_interp_ratio") (value "-1")
L 07/23/2025 - 12:07:16: [basecommands.smx] "Console<0><Console><Console>" changed cvar (cvar "sv_client_max_interp_ratio") (value "2")
L 07/23/2025 - 12:08:37: -------- Mapchange to c1m1_hotel --------
L 07/23/2025 - 12:08:38: [basecommands.smx] "Console<0><Console><Console>" changed cvar (cvar "z_difficulty") (value "hard")
L 07/23/2025 - 12:08:38: [basecommands.smx] "Console<0><Console><Console>" changed cvar (cvar "survivor_friendly_fire_factor_hard") (value "0.2")
L 07/23/2025 - 12:08:38: [basecommands.smx] "Console<0><Console><Console>" changed cvar (cvar "survivor_burn_factor_hard") (value "0.5")
L 07/23/2025 - 12:08:38: [basecommands.smx] "Console<0><Console><Console>" changed cvar (cvar "fps_max") (value "144")
L 07/23/2025 - 12:08:38: [basecommands.smx] "Console<0><Console><Console>" changed cvar (cvar "net_splitpacket_maxrate") (value "32000")
L 07/23/2025 - 12:08:38: [basecommands.smx] "Console<0><Console><Console>" changed cvar (cvar "nb_update_frequency") (value "0.024")
L 07/23/2025 - 12:08:38: [basecommands.smx] "Console<0><Console><Console>" changed cvar (cvar "sv_minrate") (value "64000")
L 07/23/2025 - 12:08:38: [basecommands.smx] "Console<0><Console><Console>" changed cvar (cvar "sv_maxrate") (value "64000")
L 07/23/2025 - 12:08:38: [basecommands.smx] "Console<0><Console><Console>" changed cvar (cvar "sv_mincmdrate") (value "64")
L 07/23/2025 - 12:08:38: [basecommands.smx] "Console<0><Console><Console>" changed cvar (cvar "sv_maxcmdrate") (value "64")
L 07/23/2025 - 12:08:38: [basecommands.smx] "Console<0><Console><Console>" changed cvar (cvar "sv_minupdaterate") (value "64")
L 07/23/2025 - 12:08:38: [basecommands.smx] "Console<0><Console><Console>" changed cvar (cvar "sv_maxupdaterate") (value "64")
L 07/23/2025 - 12:08:38: [basecommands.smx] "Console<0><Console><Console>" changed cvar (cvar "sv_client_min_interp_ratio") (value "-1")
L 07/23/2025 - 12:08:38: [basecommands.smx] "Console<0><Console><Console>" changed cvar (cvar "sv_client_max_interp_ratio") (value "2")
L 07/23/2025 - 12:12:11: SourceMod log file session started (file "/home/steam/game_server/Left_4_Dead_2/left4dead2/addons/sourcemod/logs/L20250723.log") (Version "1.12.0.7207")
L 07/23/2025 - 12:12:11: [basecommands.smx] "Console<0><Console><Console>" changed cvar (cvar "z_difficulty") (value "hard")
L 07/23/2025 - 12:12:11: [basecommands.smx] "Console<0><Console><Console>" changed cvar (cvar "survivor_friendly_fire_factor_hard") (value "0.2")
L 07/23/2025 - 12:12:11: [basecommands.smx] "Console<0><Console><Console>" changed cvar (cvar "survivor_burn_factor_hard") (value "0.5")
L 07/23/2025 - 12:12:11: [basecommands.smx] "Console<0><Console><Console>" changed cvar (cvar "fps_max") (value "144")
L 07/23/2025 - 12:12:11: [basecommands.smx] "Console<0><Console><Console>" changed cvar (cvar "net_splitpacket_maxrate") (value "32000")
L 07/23/2025 - 12:12:11: [basecommands.smx] "Console<0><Console><Console>" changed cvar (cvar "nb_update_frequency") (value "0.024")
L 07/23/2025 - 12:12:11: [basecommands.smx] "Console<0><Console><Console>" changed cvar (cvar "sv_minrate") (value "64000")
L 07/23/2025 - 12:12:11: [basecommands.smx] "Console<0><Console><Console>" changed cvar (cvar "sv_maxrate") (value "64000")
L 07/23/2025 - 12:12:11: [basecommands.smx] "Console<0><Console><Console>" changed cvar (cvar "sv_mincmdrate") (value "64")
L 07/23/2025 - 12:12:11: [basecommands.smx] "Console<0><Console><Console>" changed cvar (cvar "sv_maxcmdrate") (value "64")
L 07/23/2025 - 12:12:11: [basecommands.smx] "Console<0><Console><Console>" changed cvar (cvar "sv_minupdaterate") (value "64")
L 07/23/2025 - 12:12:11: [basecommands.smx] "Console<0><Console><Console>" changed cvar (cvar "sv_maxupdaterate") (value "64")
L 07/23/2025 - 12:12:11: [basecommands.smx] "Console<0><Console><Console>" changed cvar (cvar "sv_client_min_interp_ratio") (value "-1")
L 07/23/2025 - 12:12:11: [basecommands.smx] "Console<0><Console><Console>" changed cvar (cvar "sv_client_max_interp_ratio") (value "2")
L 07/23/2025 - 12:15:58: -------- Mapchange to c1m1_hotel --------
L 07/23/2025 - 12:15:59: [basecommands.smx] "Console<0><Console><Console>" changed cvar (cvar "z_difficulty") (value "hard")
L 07/23/2025 - 12:15:59: [basecommands.smx] "Console<0><Console><Console>" changed cvar (cvar "survivor_friendly_fire_factor_hard") (value "0.2")
L 07/23/2025 - 12:15:59: [basecommands.smx] "Console<0><Console><Console>" changed cvar (cvar "survivor_burn_factor_hard") (value "0.5")
L 07/23/2025 - 12:15:59: [basecommands.smx] "Console<0><Console><Console>" changed cvar (cvar "fps_max") (value "144")
L 07/23/2025 - 12:15:59: [basecommands.smx] "Console<0><Console><Console>" changed cvar (cvar "net_splitpacket_maxrate") (value "32000")
L 07/23/2025 - 12:15:59: [basecommands.smx] "Console<0><Console><Console>" changed cvar (cvar "nb_update_frequency") (value "0.024")
L 07/23/2025 - 12:15:59: [basecommands.smx] "Console<0><Console><Console>" changed cvar (cvar "sv_minrate") (value "64000")
L 07/23/2025 - 12:15:59: [basecommands.smx] "Console<0><Console><Console>" changed cvar (cvar "sv_maxrate") (value "64000")
L 07/23/2025 - 12:15:59: [basecommands.smx] "Console<0><Console><Console>" changed cvar (cvar "sv_mincmdrate") (value "64")
L 07/23/2025 - 12:15:59: [basecommands.smx] "Console<0><Console><Console>" changed cvar (cvar "sv_maxcmdrate") (value "64")
L 07/23/2025 - 12:15:59: [basecommands.smx] "Console<0><Console><Console>" changed cvar (cvar "sv_minupdaterate") (value "64")
L 07/23/2025 - 12:15:59: [basecommands.smx] "Console<0><Console><Console>" changed cvar (cvar "sv_maxupdaterate") (value "64")
L 07/23/2025 - 12:15:59: [basecommands.smx] "Console<0><Console><Console>" changed cvar (cvar "sv_client_min_interp_ratio") (value "-1")
L 07/23/2025 - 12:15:59: [basecommands.smx] "Console<0><Console><Console>" changed cvar (cvar "sv_client_max_interp_ratio") (value "2")
L 07/23/2025 - 12:19:26: SourceMod log file session started (file "/home/steam/game_server/Left_4_Dead_2/left4dead2/addons/sourcemod/logs/L20250723.log") (Version "1.12.0.7207")
L 07/23/2025 - 12:19:26: [basecommands.smx] "Console<0><Console><Console>" changed cvar (cvar "z_difficulty") (value "hard")
L 07/23/2025 - 12:19:26: [basecommands.smx] "Console<0><Console><Console>" changed cvar (cvar "survivor_friendly_fire_factor_hard") (value "0.2")
L 07/23/2025 - 12:19:26: [basecommands.smx] "Console<0><Console><Console>" changed cvar (cvar "survivor_burn_factor_hard") (value "0.5")
L 07/23/2025 - 12:19:26: [basecommands.smx] "Console<0><Console><Console>" changed cvar (cvar "fps_max") (value "144")
L 07/23/2025 - 12:19:26: [basecommands.smx] "Console<0><Console><Console>" changed cvar (cvar "net_splitpacket_maxrate") (value "32000")
L 07/23/2025 - 12:19:26: [basecommands.smx] "Console<0><Console><Console>" changed cvar (cvar "nb_update_frequency") (value "0.024")
L 07/23/2025 - 12:19:26: [basecommands.smx] "Console<0><Console><Console>" changed cvar (cvar "sv_minrate") (value "64000")
L 07/23/2025 - 12:19:26: [basecommands.smx] "Console<0><Console><Console>" changed cvar (cvar "sv_maxrate") (value "64000")
L 07/23/2025 - 12:19:26: [basecommands.smx] "Console<0><Console><Console>" changed cvar (cvar "sv_mincmdrate") (value "64")
L 07/23/2025 - 12:19:26: [basecommands.smx] "Console<0><Console><Console>" changed cvar (cvar "sv_maxcmdrate") (value "64")
L 07/23/2025 - 12:19:26: [basecommands.smx] "Console<0><Console><Console>" changed cvar (cvar "sv_minupdaterate") (value "64")
L 07/23/2025 - 12:19:26: [basecommands.smx] "Console<0><Console><Console>" changed cvar (cvar "sv_maxupdaterate") (value "64")
L 07/23/2025 - 12:19:26: [basecommands.smx] "Console<0><Console><Console>" changed cvar (cvar "sv_client_min_interp_ratio") (value "-1")
L 07/23/2025 - 12:19:26: [basecommands.smx] "Console<0><Console><Console>" changed cvar (cvar "sv_client_max_interp_ratio") (value "2")
L 07/23/2025 - 12:19:30: -------- Mapchange to tgxl --------
L 07/23/2025 - 12:19:31: [basecommands.smx] "Console<0><Console><Console>" changed cvar (cvar "z_difficulty") (value "hard")
L 07/23/2025 - 12:19:31: [basecommands.smx] "Console<0><Console><Console>" changed cvar (cvar "survivor_friendly_fire_factor_hard") (value "0.2")
L 07/23/2025 - 12:19:31: [basecommands.smx] "Console<0><Console><Console>" changed cvar (cvar "survivor_burn_factor_hard") (value "0.5")
L 07/23/2025 - 12:19:31: [basecommands.smx] "Console<0><Console><Console>" changed cvar (cvar "fps_max") (value "144")
L 07/23/2025 - 12:19:31: [basecommands.smx] "Console<0><Console><Console>" changed cvar (cvar "net_splitpacket_maxrate") (value "32000")
L 07/23/2025 - 12:19:31: [basecommands.smx] "Console<0><Console><Console>" changed cvar (cvar "nb_update_frequency") (value "0.024")
L 07/23/2025 - 12:19:31: [basecommands.smx] "Console<0><Console><Console>" changed cvar (cvar "sv_minrate") (value "64000")
L 07/23/2025 - 12:19:31: [basecommands.smx] "Console<0><Console><Console>" changed cvar (cvar "sv_maxrate") (value "64000")
L 07/23/2025 - 12:19:31: [basecommands.smx] "Console<0><Console><Console>" changed cvar (cvar "sv_mincmdrate") (value "64")
L 07/23/2025 - 12:19:31: [basecommands.smx] "Console<0><Console><Console>" changed cvar (cvar "sv_maxcmdrate") (value "64")
L 07/23/2025 - 12:19:31: [basecommands.smx] "Console<0><Console><Console>" changed cvar (cvar "sv_minupdaterate") (value "64")
L 07/23/2025 - 12:19:31: [basecommands.smx] "Console<0><Console><Console>" changed cvar (cvar "sv_maxupdaterate") (value "64")
L 07/23/2025 - 12:19:31: [basecommands.smx] "Console<0><Console><Console>" changed cvar (cvar "sv_client_min_interp_ratio") (value "-1")
L 07/23/2025 - 12:19:31: [basecommands.smx] "Console<0><Console><Console>" changed cvar (cvar "sv_client_max_interp_ratio") (value "2")
L 07/23/2025 - 16:43:43: SourceMod log file session started (file "/home/steam/game_server/Left_4_Dead_2/left4dead2/addons/sourcemod/logs/L20250723.log") (Version "1.12.0.7207")
L 07/23/2025 - 16:43:43: [basecommands.smx] "Console<0><Console><Console>" changed cvar (cvar "z_difficulty") (value "hard")
L 07/23/2025 - 16:43:43: [basecommands.smx] "Console<0><Console><Console>" changed cvar (cvar "survivor_friendly_fire_factor_hard") (value "0.2")
L 07/23/2025 - 16:43:43: [basecommands.smx] "Console<0><Console><Console>" changed cvar (cvar "survivor_burn_factor_hard") (value "0.5")
L 07/23/2025 - 16:43:43: [basecommands.smx] "Console<0><Console><Console>" changed cvar (cvar "fps_max") (value "144")
L 07/23/2025 - 16:43:43: [basecommands.smx] "Console<0><Console><Console>" changed cvar (cvar "net_splitpacket_maxrate") (value "32000")
L 07/23/2025 - 16:43:43: [basecommands.smx] "Console<0><Console><Console>" changed cvar (cvar "nb_update_frequency") (value "0.024")
L 07/23/2025 - 16:43:43: [basecommands.smx] "Console<0><Console><Console>" changed cvar (cvar "sv_minrate") (value "64000")
L 07/23/2025 - 16:43:43: [basecommands.smx] "Console<0><Console><Console>" changed cvar (cvar "sv_maxrate") (value "64000")
L 07/23/2025 - 16:43:43: [basecommands.smx] "Console<0><Console><Console>" changed cvar (cvar "sv_mincmdrate") (value "64")
L 07/23/2025 - 16:43:43: [basecommands.smx] "Console<0><Console><Console>" changed cvar (cvar "sv_maxcmdrate") (value "64")
L 07/23/2025 - 16:43:43: [basecommands.smx] "Console<0><Console><Console>" changed cvar (cvar "sv_minupdaterate") (value "64")
L 07/23/2025 - 16:43:43: [basecommands.smx] "Console<0><Console><Console>" changed cvar (cvar "sv_maxupdaterate") (value "64")
L 07/23/2025 - 16:43:43: [basecommands.smx] "Console<0><Console><Console>" changed cvar (cvar "sv_client_min_interp_ratio") (value "-1")
L 07/23/2025 - 16:43:43: [basecommands.smx] "Console<0><Console><Console>" changed cvar (cvar "sv_client_max_interp_ratio") (value "2")
L 07/23/2025 - 16:48:42: -------- Mapchange to tgxl --------
L 07/23/2025 - 16:48:43: [basecommands.smx] "Console<0><Console><Console>" changed cvar (cvar "z_difficulty") (value "hard")
L 07/23/2025 - 16:48:43: [basecommands.smx] "Console<0><Console><Console>" changed cvar (cvar "survivor_friendly_fire_factor_hard") (value "0.2")
L 07/23/2025 - 16:48:43: [basecommands.smx] "Console<0><Console><Console>" changed cvar (cvar "survivor_burn_factor_hard") (value "0.5")
L 07/23/2025 - 16:48:43: [basecommands.smx] "Console<0><Console><Console>" changed cvar (cvar "fps_max") (value "144")
L 07/23/2025 - 16:48:43: [basecommands.smx] "Console<0><Console><Console>" changed cvar (cvar "net_splitpacket_maxrate") (value "32000")
L 07/23/2025 - 16:48:43: [basecommands.smx] "Console<0><Console><Console>" changed cvar (cvar "nb_update_frequency") (value "0.024")
L 07/23/2025 - 16:48:43: [basecommands.smx] "Console<0><Console><Console>" changed cvar (cvar "sv_minrate") (value "64000")
L 07/23/2025 - 16:48:43: [basecommands.smx] "Console<0><Console><Console>" changed cvar (cvar "sv_maxrate") (value "64000")
L 07/23/2025 - 16:48:43: [basecommands.smx] "Console<0><Console><Console>" changed cvar (cvar "sv_mincmdrate") (value "64")
L 07/23/2025 - 16:48:43: [basecommands.smx] "Console<0><Console><Console>" changed cvar (cvar "sv_maxcmdrate") (value "64")
L 07/23/2025 - 16:48:43: [basecommands.smx] "Console<0><Console><Console>" changed cvar (cvar "sv_minupdaterate") (value "64")
L 07/23/2025 - 16:48:43: [basecommands.smx] "Console<0><Console><Console>" changed cvar (cvar "sv_maxupdaterate") (value "64")
L 07/23/2025 - 16:48:43: [basecommands.smx] "Console<0><Console><Console>" changed cvar (cvar "sv_client_min_interp_ratio") (value "-1")
L 07/23/2025 - 16:48:43: [basecommands.smx] "Console<0><Console><Console>" changed cvar (cvar "sv_client_max_interp_ratio") (value "2")
L 07/23/2025 - 16:52:33: SourceMod log file session started (file "/home/steam/game_server/Left_4_Dead_2/left4dead2/addons/sourcemod/logs/L20250723.log") (Version "1.12.0.7207")
L 07/23/2025 - 16:52:33: [basecommands.smx] "Console<0><Console><Console>" changed cvar (cvar "z_difficulty") (value "hard")
L 07/23/2025 - 16:52:33: [basecommands.smx] "Console<0><Console><Console>" changed cvar (cvar "survivor_friendly_fire_factor_hard") (value "0.2")
L 07/23/2025 - 16:52:33: [basecommands.smx] "Console<0><Console><Console>" changed cvar (cvar "survivor_burn_factor_hard") (value "0.5")
L 07/23/2025 - 16:52:33: [basecommands.smx] "Console<0><Console><Console>" changed cvar (cvar "fps_max") (value "144")
L 07/23/2025 - 16:52:33: [basecommands.smx] "Console<0><Console><Console>" changed cvar (cvar "net_splitpacket_maxrate") (value "32000")
L 07/23/2025 - 16:52:33: [basecommands.smx] "Console<0><Console><Console>" changed cvar (cvar "nb_update_frequency") (value "0.024")
L 07/23/2025 - 16:52:33: [basecommands.smx] "Console<0><Console><Console>" changed cvar (cvar "sv_minrate") (value "64000")
L 07/23/2025 - 16:52:33: [basecommands.smx] "Console<0><Console><Console>" changed cvar (cvar "sv_maxrate") (value "64000")
L 07/23/2025 - 16:52:33: [basecommands.smx] "Console<0><Console><Console>" changed cvar (cvar "sv_mincmdrate") (value "64")
L 07/23/2025 - 16:52:33: [basecommands.smx] "Console<0><Console><Console>" changed cvar (cvar "sv_maxcmdrate") (value "64")
L 07/23/2025 - 16:52:33: [basecommands.smx] "Console<0><Console><Console>" changed cvar (cvar "sv_minupdaterate") (value "64")
L 07/23/2025 - 16:52:33: [basecommands.smx] "Console<0><Console><Console>" changed cvar (cvar "sv_maxupdaterate") (value "64")
L 07/23/2025 - 16:52:33: [basecommands.smx] "Console<0><Console><Console>" changed cvar (cvar "sv_client_min_interp_ratio") (value "-1")
L 07/23/2025 - 16:52:33: [basecommands.smx] "Console<0><Console><Console>" changed cvar (cvar "sv_client_max_interp_ratio") (value "2")
L 07/23/2025 - 16:53:15: SourceMod log file session started (file "/home/steam/game_server/Left_4_Dead_2/left4dead2/addons/sourcemod/logs/L20250723.log") (Version "1.12.0.7207")
L 07/23/2025 - 16:53:15: [basecommands.smx] "Console<0><Console><Console>" changed cvar (cvar "z_difficulty") (value "hard")
L 07/23/2025 - 16:53:15: [basecommands.smx] "Console<0><Console><Console>" changed cvar (cvar "survivor_friendly_fire_factor_hard") (value "0.2")
L 07/23/2025 - 16:53:15: [basecommands.smx] "Console<0><Console><Console>" changed cvar (cvar "survivor_burn_factor_hard") (value "0.5")
L 07/23/2025 - 16:53:15: [basecommands.smx] "Console<0><Console><Console>" changed cvar (cvar "fps_max") (value "144")
L 07/23/2025 - 16:53:15: [basecommands.smx] "Console<0><Console><Console>" changed cvar (cvar "net_splitpacket_maxrate") (value "32000")
L 07/23/2025 - 16:53:15: [basecommands.smx] "Console<0><Console><Console>" changed cvar (cvar "nb_update_frequency") (value "0.024")
L 07/23/2025 - 16:53:15: [basecommands.smx] "Console<0><Console><Console>" changed cvar (cvar "sv_minrate") (value "64000")
L 07/23/2025 - 16:53:15: [basecommands.smx] "Console<0><Console><Console>" changed cvar (cvar "sv_maxrate") (value "64000")
L 07/23/2025 - 16:53:15: [basecommands.smx] "Console<0><Console><Console>" changed cvar (cvar "sv_mincmdrate") (value "64")
L 07/23/2025 - 16:53:15: [basecommands.smx] "Console<0><Console><Console>" changed cvar (cvar "sv_maxcmdrate") (value "64")
L 07/23/2025 - 16:53:15: [basecommands.smx] "Console<0><Console><Console>" changed cvar (cvar "sv_minupdaterate") (value "64")
L 07/23/2025 - 16:53:15: [basecommands.smx] "Console<0><Console><Console>" changed cvar (cvar "sv_maxupdaterate") (value "64")
L 07/23/2025 - 16:53:15: [basecommands.smx] "Console<0><Console><Console>" changed cvar (cvar "sv_client_min_interp_ratio") (value "-1")
L 07/23/2025 - 16:53:15: [basecommands.smx] "Console<0><Console><Console>" changed cvar (cvar "sv_client_max_interp_ratio") (value "2")
L 07/23/2025 - 16:53:23: -------- Mapchange to tgxl --------
L 07/23/2025 - 16:53:24: [basecommands.smx] "Console<0><Console><Console>" changed cvar (cvar "z_difficulty") (value "hard")
L 07/23/2025 - 16:53:24: [basecommands.smx] "Console<0><Console><Console>" changed cvar (cvar "survivor_friendly_fire_factor_hard") (value "0.2")
L 07/23/2025 - 16:53:24: [basecommands.smx] "Console<0><Console><Console>" changed cvar (cvar "survivor_burn_factor_hard") (value "0.5")
L 07/23/2025 - 16:53:24: [basecommands.smx] "Console<0><Console><Console>" changed cvar (cvar "fps_max") (value "144")
L 07/23/2025 - 16:53:24: [basecommands.smx] "Console<0><Console><Console>" changed cvar (cvar "net_splitpacket_maxrate") (value "32000")
L 07/23/2025 - 16:53:24: [basecommands.smx] "Console<0><Console><Console>" changed cvar (cvar "nb_update_frequency") (value "0.024")
L 07/23/2025 - 16:53:24: [basecommands.smx] "Console<0><Console><Console>" changed cvar (cvar "sv_minrate") (value "64000")
L 07/23/2025 - 16:53:24: [basecommands.smx] "Console<0><Console><Console>" changed cvar (cvar "sv_maxrate") (value "64000")
L 07/23/2025 - 16:53:24: [basecommands.smx] "Console<0><Console><Console>" changed cvar (cvar "sv_mincmdrate") (value "64")
L 07/23/2025 - 16:53:24: [basecommands.smx] "Console<0><Console><Console>" changed cvar (cvar "sv_maxcmdrate") (value "64")
L 07/23/2025 - 16:53:24: [basecommands.smx] "Console<0><Console><Console>" changed cvar (cvar "sv_minupdaterate") (value "64")
L 07/23/2025 - 16:53:24: [basecommands.smx] "Console<0><Console><Console>" changed cvar (cvar "sv_maxupdaterate") (value "64")
L 07/23/2025 - 16:53:24: [basecommands.smx] "Console<0><Console><Console>" changed cvar (cvar "sv_client_min_interp_ratio") (value "-1")
L 07/23/2025 - 16:53:24: [basecommands.smx] "Console<0><Console><Console>" changed cvar (cvar "sv_client_max_interp_ratio") (value "2")
L 07/23/2025 - 17:02:29: Log file closed.
L 07/23/2025 - 20:05:35: SourceMod log file session started (file "/home/steam/game_server/Left_4_Dead_2/left4dead2/addons/sourcemod/logs/L20250723.log") (Version "1.12.0.7207")
L 07/23/2025 - 20:05:35: [basecommands.smx] "Console<0><Console><Console>" changed cvar (cvar "z_difficulty") (value "hard")
L 07/23/2025 - 20:05:35: [basecommands.smx] "Console<0><Console><Console>" changed cvar (cvar "survivor_friendly_fire_factor_hard") (value "0.2")
L 07/23/2025 - 20:05:35: [basecommands.smx] "Console<0><Console><Console>" changed cvar (cvar "survivor_burn_factor_hard") (value "0.5")
L 07/23/2025 - 20:05:35: [basecommands.smx] "Console<0><Console><Console>" changed cvar (cvar "fps_max") (value "144")
L 07/23/2025 - 20:05:35: [basecommands.smx] "Console<0><Console><Console>" changed cvar (cvar "net_splitpacket_maxrate") (value "32000")
L 07/23/2025 - 20:05:35: [basecommands.smx] "Console<0><Console><Console>" changed cvar (cvar "nb_update_frequency") (value "0.024")
L 07/23/2025 - 20:05:35: [basecommands.smx] "Console<0><Console><Console>" changed cvar (cvar "sv_minrate") (value "64000")
L 07/23/2025 - 20:05:35: [basecommands.smx] "Console<0><Console><Console>" changed cvar (cvar "sv_maxrate") (value "64000")
L 07/23/2025 - 20:05:35: [basecommands.smx] "Console<0><Console><Console>" changed cvar (cvar "sv_mincmdrate") (value "64")
L 07/23/2025 - 20:05:35: [basecommands.smx] "Console<0><Console><Console>" changed cvar (cvar "sv_maxcmdrate") (value "64")
L 07/23/2025 - 20:05:35: [basecommands.smx] "Console<0><Console><Console>" changed cvar (cvar "sv_minupdaterate") (value "64")
L 07/23/2025 - 20:05:35: [basecommands.smx] "Console<0><Console><Console>" changed cvar (cvar "sv_maxupdaterate") (value "64")
L 07/23/2025 - 20:05:35: [basecommands.smx] "Console<0><Console><Console>" changed cvar (cvar "sv_client_min_interp_ratio") (value "-1")
L 07/23/2025 - 20:05:35: [basecommands.smx] "Console<0><Console><Console>" changed cvar (cvar "sv_client_max_interp_ratio") (value "2")
L 07/23/2025 - 20:10:05: SourceMod log file session started (file "/home/steam/game_server/Left_4_Dead_2/left4dead2/addons/sourcemod/logs/L20250723.log") (Version "1.12.0.7207")
L 07/23/2025 - 20:10:05: [basecommands.smx] "Console<0><Console><Console>" changed cvar (cvar "z_difficulty") (value "hard")
L 07/23/2025 - 20:10:06: [basecommands.smx] "Console<0><Console><Console>" changed cvar (cvar "survivor_friendly_fire_factor_hard") (value "0.2")
L 07/23/2025 - 20:10:06: [basecommands.smx] "Console<0><Console><Console>" changed cvar (cvar "survivor_burn_factor_hard") (value "0.5")
L 07/23/2025 - 20:10:06: [basecommands.smx] "Console<0><Console><Console>" changed cvar (cvar "fps_max") (value "144")
L 07/23/2025 - 20:10:06: [basecommands.smx] "Console<0><Console><Console>" changed cvar (cvar "net_splitpacket_maxrate") (value "32000")
L 07/23/2025 - 20:10:06: [basecommands.smx] "Console<0><Console><Console>" changed cvar (cvar "nb_update_frequency") (value "0.024")
L 07/23/2025 - 20:10:06: [basecommands.smx] "Console<0><Console><Console>" changed cvar (cvar "sv_minrate") (value "64000")
L 07/23/2025 - 20:10:06: [basecommands.smx] "Console<0><Console><Console>" changed cvar (cvar "sv_maxrate") (value "64000")
L 07/23/2025 - 20:10:06: [basecommands.smx] "Console<0><Console><Console>" changed cvar (cvar "sv_mincmdrate") (value "64")
L 07/23/2025 - 20:10:06: [basecommands.smx] "Console<0><Console><Console>" changed cvar (cvar "sv_maxcmdrate") (value "64")
L 07/23/2025 - 20:10:06: [basecommands.smx] "Console<0><Console><Console>" changed cvar (cvar "sv_minupdaterate") (value "64")
L 07/23/2025 - 20:10:06: [basecommands.smx] "Console<0><Console><Console>" changed cvar (cvar "sv_maxupdaterate") (value "64")
L 07/23/2025 - 20:10:06: [basecommands.smx] "Console<0><Console><Console>" changed cvar (cvar "sv_client_min_interp_ratio") (value "-1")
L 07/23/2025 - 20:10:06: [basecommands.smx] "Console<0><Console><Console>" changed cvar (cvar "sv_client_max_interp_ratio") (value "2")
L 07/23/2025 - 20:28:32: -------- Mapchange to c1m1_hotel --------
L 07/23/2025 - 20:28:33: [basecommands.smx] "Console<0><Console><Console>" changed cvar (cvar "z_difficulty") (value "hard")
L 07/23/2025 - 20:28:33: [basecommands.smx] "Console<0><Console><Console>" changed cvar (cvar "survivor_friendly_fire_factor_hard") (value "0.2")
L 07/23/2025 - 20:28:33: [basecommands.smx] "Console<0><Console><Console>" changed cvar (cvar "survivor_burn_factor_hard") (value "0.5")
L 07/23/2025 - 20:28:33: [basecommands.smx] "Console<0><Console><Console>" changed cvar (cvar "fps_max") (value "144")
L 07/23/2025 - 20:28:33: [basecommands.smx] "Console<0><Console><Console>" changed cvar (cvar "net_splitpacket_maxrate") (value "32000")
L 07/23/2025 - 20:28:33: [basecommands.smx] "Console<0><Console><Console>" changed cvar (cvar "nb_update_frequency") (value "0.024")
L 07/23/2025 - 20:28:33: [basecommands.smx] "Console<0><Console><Console>" changed cvar (cvar "sv_minrate") (value "64000")
L 07/23/2025 - 20:28:33: [basecommands.smx] "Console<0><Console><Console>" changed cvar (cvar "sv_maxrate") (value "64000")
L 07/23/2025 - 20:28:33: [basecommands.smx] "Console<0><Console><Console>" changed cvar (cvar "sv_mincmdrate") (value "64")
L 07/23/2025 - 20:28:33: [basecommands.smx] "Console<0><Console><Console>" changed cvar (cvar "sv_maxcmdrate") (value "64")
L 07/23/2025 - 20:28:33: [basecommands.smx] "Console<0><Console><Console>" changed cvar (cvar "sv_minupdaterate") (value "64")
L 07/23/2025 - 20:28:33: [basecommands.smx] "Console<0><Console><Console>" changed cvar (cvar "sv_maxupdaterate") (value "64")
L 07/23/2025 - 20:28:33: [basecommands.smx] "Console<0><Console><Console>" changed cvar (cvar "sv_client_min_interp_ratio") (value "-1")
L 07/23/2025 - 20:28:33: [basecommands.smx] "Console<0><Console><Console>" changed cvar (cvar "sv_client_max_interp_ratio") (value "2")
L 07/23/2025 - 20:39:26: -------- Mapchange to l4d2_bts01_forest --------
L 07/23/2025 - 20:39:31: [basecommands.smx] "Console<0><Console><Console>" changed cvar (cvar "z_difficulty") (value "hard")
L 07/23/2025 - 20:39:31: [basecommands.smx] "Console<0><Console><Console>" changed cvar (cvar "survivor_friendly_fire_factor_hard") (value "0.2")
L 07/23/2025 - 20:39:31: [basecommands.smx] "Console<0><Console><Console>" changed cvar (cvar "survivor_burn_factor_hard") (value "0.5")
L 07/23/2025 - 20:39:31: [basecommands.smx] "Console<0><Console><Console>" changed cvar (cvar "fps_max") (value "144")
L 07/23/2025 - 20:39:31: [basecommands.smx] "Console<0><Console><Console>" changed cvar (cvar "net_splitpacket_maxrate") (value "32000")
L 07/23/2025 - 20:39:31: [basecommands.smx] "Console<0><Console><Console>" changed cvar (cvar "nb_update_frequency") (value "0.024")
L 07/23/2025 - 20:39:31: [basecommands.smx] "Console<0><Console><Console>" changed cvar (cvar "sv_minrate") (value "64000")
L 07/23/2025 - 20:39:31: [basecommands.smx] "Console<0><Console><Console>" changed cvar (cvar "sv_maxrate") (value "64000")
L 07/23/2025 - 20:39:31: [basecommands.smx] "Console<0><Console><Console>" changed cvar (cvar "sv_mincmdrate") (value "64")
L 07/23/2025 - 20:39:31: [basecommands.smx] "Console<0><Console><Console>" changed cvar (cvar "sv_maxcmdrate") (value "64")
L 07/23/2025 - 20:39:31: [basecommands.smx] "Console<0><Console><Console>" changed cvar (cvar "sv_minupdaterate") (value "64")
L 07/23/2025 - 20:39:31: [basecommands.smx] "Console<0><Console><Console>" changed cvar (cvar "sv_maxupdaterate") (value "64")
L 07/23/2025 - 20:39:31: [basecommands.smx] "Console<0><Console><Console>" changed cvar (cvar "sv_client_min_interp_ratio") (value "-1")
L 07/23/2025 - 20:39:31: [basecommands.smx] "Console<0><Console><Console>" changed cvar (cvar "sv_client_max_interp_ratio") (value "2")
L 07/23/2025 - 21:12:04: -------- Mapchange to l4d2_bts02_station --------
L 07/23/2025 - 21:12:08: [basecommands.smx] "Console<0><Console><Console>" changed cvar (cvar "z_difficulty") (value "hard")
L 07/23/2025 - 21:12:08: [basecommands.smx] "Console<0><Console><Console>" changed cvar (cvar "survivor_friendly_fire_factor_hard") (value "0.2")
L 07/23/2025 - 21:12:08: [basecommands.smx] "Console<0><Console><Console>" changed cvar (cvar "survivor_burn_factor_hard") (value "0.5")
L 07/23/2025 - 21:12:08: [basecommands.smx] "Console<0><Console><Console>" changed cvar (cvar "fps_max") (value "144")
L 07/23/2025 - 21:12:08: [basecommands.smx] "Console<0><Console><Console>" changed cvar (cvar "net_splitpacket_maxrate") (value "32000")
L 07/23/2025 - 21:12:08: [basecommands.smx] "Console<0><Console><Console>" changed cvar (cvar "nb_update_frequency") (value "0.024")
L 07/23/2025 - 21:12:08: [basecommands.smx] "Console<0><Console><Console>" changed cvar (cvar "sv_minrate") (value "64000")
L 07/23/2025 - 21:12:08: [basecommands.smx] "Console<0><Console><Console>" changed cvar (cvar "sv_maxrate") (value "64000")
L 07/23/2025 - 21:12:08: [basecommands.smx] "Console<0><Console><Console>" changed cvar (cvar "sv_mincmdrate") (value "64")
L 07/23/2025 - 21:12:08: [basecommands.smx] "Console<0><Console><Console>" changed cvar (cvar "sv_maxcmdrate") (value "64")
L 07/23/2025 - 21:12:08: [basecommands.smx] "Console<0><Console><Console>" changed cvar (cvar "sv_minupdaterate") (value "64")
L 07/23/2025 - 21:12:08: [basecommands.smx] "Console<0><Console><Console>" changed cvar (cvar "sv_maxupdaterate") (value "64")
L 07/23/2025 - 21:12:08: [basecommands.smx] "Console<0><Console><Console>" changed cvar (cvar "sv_client_min_interp_ratio") (value "-1")
L 07/23/2025 - 21:12:08: [basecommands.smx] "Console<0><Console><Console>" changed cvar (cvar "sv_client_max_interp_ratio") (value "2")
L 07/23/2025 - 21:32:46: -------- Mapchange to l4d2_bts03_town --------
L 07/23/2025 - 21:32:50: [basecommands.smx] "Console<0><Console><Console>" changed cvar (cvar "z_difficulty") (value "hard")
L 07/23/2025 - 21:32:50: [basecommands.smx] "Console<0><Console><Console>" changed cvar (cvar "survivor_friendly_fire_factor_hard") (value "0.2")
L 07/23/2025 - 21:32:50: [basecommands.smx] "Console<0><Console><Console>" changed cvar (cvar "survivor_burn_factor_hard") (value "0.5")
L 07/23/2025 - 21:32:50: [basecommands.smx] "Console<0><Console><Console>" changed cvar (cvar "fps_max") (value "144")
L 07/23/2025 - 21:32:50: [basecommands.smx] "Console<0><Console><Console>" changed cvar (cvar "net_splitpacket_maxrate") (value "32000")
L 07/23/2025 - 21:32:50: [basecommands.smx] "Console<0><Console><Console>" changed cvar (cvar "nb_update_frequency") (value "0.024")
L 07/23/2025 - 21:32:50: [basecommands.smx] "Console<0><Console><Console>" changed cvar (cvar "sv_minrate") (value "64000")
L 07/23/2025 - 21:32:50: [basecommands.smx] "Console<0><Console><Console>" changed cvar (cvar "sv_maxrate") (value "64000")
L 07/23/2025 - 21:32:50: [basecommands.smx] "Console<0><Console><Console>" changed cvar (cvar "sv_mincmdrate") (value "64")
L 07/23/2025 - 21:32:50: [basecommands.smx] "Console<0><Console><Console>" changed cvar (cvar "sv_maxcmdrate") (value "64")
L 07/23/2025 - 21:32:50: [basecommands.smx] "Console<0><Console><Console>" changed cvar (cvar "sv_minupdaterate") (value "64")
L 07/23/2025 - 21:32:50: [basecommands.smx] "Console<0><Console><Console>" changed cvar (cvar "sv_maxupdaterate") (value "64")
L 07/23/2025 - 21:32:50: [basecommands.smx] "Console<0><Console><Console>" changed cvar (cvar "sv_client_min_interp_ratio") (value "-1")
L 07/23/2025 - 21:32:50: [basecommands.smx] "Console<0><Console><Console>" changed cvar (cvar "sv_client_max_interp_ratio") (value "2")
L 07/23/2025 - 22:15:16: -------- Mapchange to l4d2_bts04_cinema --------
L 07/23/2025 - 22:15:19: [basecommands.smx] "Console<0><Console><Console>" changed cvar (cvar "z_difficulty") (value "hard")
L 07/23/2025 - 22:15:19: [basecommands.smx] "Console<0><Console><Console>" changed cvar (cvar "survivor_friendly_fire_factor_hard") (value "0.2")
L 07/23/2025 - 22:15:19: [basecommands.smx] "Console<0><Console><Console>" changed cvar (cvar "survivor_burn_factor_hard") (value "0.5")
L 07/23/2025 - 22:15:19: [basecommands.smx] "Console<0><Console><Console>" changed cvar (cvar "fps_max") (value "144")
L 07/23/2025 - 22:15:19: [basecommands.smx] "Console<0><Console><Console>" changed cvar (cvar "net_splitpacket_maxrate") (value "32000")
L 07/23/2025 - 22:15:19: [basecommands.smx] "Console<0><Console><Console>" changed cvar (cvar "nb_update_frequency") (value "0.024")
L 07/23/2025 - 22:15:19: [basecommands.smx] "Console<0><Console><Console>" changed cvar (cvar "sv_minrate") (value "64000")
L 07/23/2025 - 22:15:19: [basecommands.smx] "Console<0><Console><Console>" changed cvar (cvar "sv_maxrate") (value "64000")
L 07/23/2025 - 22:15:19: [basecommands.smx] "Console<0><Console><Console>" changed cvar (cvar "sv_mincmdrate") (value "64")
L 07/23/2025 - 22:15:19: [basecommands.smx] "Console<0><Console><Console>" changed cvar (cvar "sv_maxcmdrate") (value "64")
L 07/23/2025 - 22:15:19: [basecommands.smx] "Console<0><Console><Console>" changed cvar (cvar "sv_minupdaterate") (value "64")
L 07/23/2025 - 22:15:19: [basecommands.smx] "Console<0><Console><Console>" changed cvar (cvar "sv_maxupdaterate") (value "64")
L 07/23/2025 - 22:15:19: [basecommands.smx] "Console<0><Console><Console>" changed cvar (cvar "sv_client_min_interp_ratio") (value "-1")
L 07/23/2025 - 22:15:19: [basecommands.smx] "Console<0><Console><Console>" changed cvar (cvar "sv_client_max_interp_ratio") (value "2")
L 07/23/2025 - 22:35:45: -------- Mapchange to l4d2_bts05_church --------
L 07/23/2025 - 22:35:48: [basecommands.smx] "Console<0><Console><Console>" changed cvar (cvar "z_difficulty") (value "hard")
L 07/23/2025 - 22:35:48: [basecommands.smx] "Console<0><Console><Console>" changed cvar (cvar "survivor_friendly_fire_factor_hard") (value "0.2")
L 07/23/2025 - 22:35:48: [basecommands.smx] "Console<0><Console><Console>" changed cvar (cvar "survivor_burn_factor_hard") (value "0.5")
L 07/23/2025 - 22:35:48: [basecommands.smx] "Console<0><Console><Console>" changed cvar (cvar "fps_max") (value "144")
L 07/23/2025 - 22:35:48: [basecommands.smx] "Console<0><Console><Console>" changed cvar (cvar "net_splitpacket_maxrate") (value "32000")
L 07/23/2025 - 22:35:48: [basecommands.smx] "Console<0><Console><Console>" changed cvar (cvar "nb_update_frequency") (value "0.024")
L 07/23/2025 - 22:35:48: [basecommands.smx] "Console<0><Console><Console>" changed cvar (cvar "sv_minrate") (value "64000")
L 07/23/2025 - 22:35:48: [basecommands.smx] "Console<0><Console><Console>" changed cvar (cvar "sv_maxrate") (value "64000")
L 07/23/2025 - 22:35:48: [basecommands.smx] "Console<0><Console><Console>" changed cvar (cvar "sv_mincmdrate") (value "64")
L 07/23/2025 - 22:35:48: [basecommands.smx] "Console<0><Console><Console>" changed cvar (cvar "sv_maxcmdrate") (value "64")
L 07/23/2025 - 22:35:48: [basecommands.smx] "Console<0><Console><Console>" changed cvar (cvar "sv_minupdaterate") (value "64")
L 07/23/2025 - 22:35:48: [basecommands.smx] "Console<0><Console><Console>" changed cvar (cvar "sv_maxupdaterate") (value "64")
L 07/23/2025 - 22:35:48: [basecommands.smx] "Console<0><Console><Console>" changed cvar (cvar "sv_client_min_interp_ratio") (value "-1")
L 07/23/2025 - 22:35:48: [basecommands.smx] "Console<0><Console><Console>" changed cvar (cvar "sv_client_max_interp_ratio") (value "2")
L 07/23/2025 - 22:52:26: -------- Mapchange to l4d2_bts06_school --------
L 07/23/2025 - 22:52:31: [basecommands.smx] "Console<0><Console><Console>" changed cvar (cvar "z_difficulty") (value "hard")
L 07/23/2025 - 22:52:31: [basecommands.smx] "Console<0><Console><Console>" changed cvar (cvar "survivor_friendly_fire_factor_hard") (value "0.2")
L 07/23/2025 - 22:52:31: [basecommands.smx] "Console<0><Console><Console>" changed cvar (cvar "survivor_burn_factor_hard") (value "0.5")
L 07/23/2025 - 22:52:31: [basecommands.smx] "Console<0><Console><Console>" changed cvar (cvar "fps_max") (value "144")
L 07/23/2025 - 22:52:31: [basecommands.smx] "Console<0><Console><Console>" changed cvar (cvar "net_splitpacket_maxrate") (value "32000")
L 07/23/2025 - 22:52:31: [basecommands.smx] "Console<0><Console><Console>" changed cvar (cvar "nb_update_frequency") (value "0.024")
L 07/23/2025 - 22:52:31: [basecommands.smx] "Console<0><Console><Console>" changed cvar (cvar "sv_minrate") (value "64000")
L 07/23/2025 - 22:52:31: [basecommands.smx] "Console<0><Console><Console>" changed cvar (cvar "sv_maxrate") (value "64000")
L 07/23/2025 - 22:52:31: [basecommands.smx] "Console<0><Console><Console>" changed cvar (cvar "sv_mincmdrate") (value "64")
L 07/23/2025 - 22:52:31: [basecommands.smx] "Console<0><Console><Console>" changed cvar (cvar "sv_maxcmdrate") (value "64")
L 07/23/2025 - 22:52:31: [basecommands.smx] "Console<0><Console><Console>" changed cvar (cvar "sv_minupdaterate") (value "64")
L 07/23/2025 - 22:52:31: [basecommands.smx] "Console<0><Console><Console>" changed cvar (cvar "sv_maxupdaterate") (value "64")
L 07/23/2025 - 22:52:31: [basecommands.smx] "Console<0><Console><Console>" changed cvar (cvar "sv_client_min_interp_ratio") (value "-1")
L 07/23/2025 - 22:52:31: [basecommands.smx] "Console<0><Console><Console>" changed cvar (cvar "sv_client_max_interp_ratio") (value "2")
L 07/23/2025 - 23:55:23: -------- Mapchange to l4d2_bts01_forest --------
L 07/23/2025 - 23:55:28: [basecommands.smx] "Console<0><Console><Console>" changed cvar (cvar "z_difficulty") (value "hard")
L 07/23/2025 - 23:55:28: [basecommands.smx] "Console<0><Console><Console>" changed cvar (cvar "survivor_friendly_fire_factor_hard") (value "0.2")
L 07/23/2025 - 23:55:28: [basecommands.smx] "Console<0><Console><Console>" changed cvar (cvar "survivor_burn_factor_hard") (value "0.5")
L 07/23/2025 - 23:55:28: [basecommands.smx] "Console<0><Console><Console>" changed cvar (cvar "fps_max") (value "144")
L 07/23/2025 - 23:55:28: [basecommands.smx] "Console<0><Console><Console>" changed cvar (cvar "net_splitpacket_maxrate") (value "32000")
L 07/23/2025 - 23:55:28: [basecommands.smx] "Console<0><Console><Console>" changed cvar (cvar "nb_update_frequency") (value "0.024")
L 07/23/2025 - 23:55:28: [basecommands.smx] "Console<0><Console><Console>" changed cvar (cvar "sv_minrate") (value "64000")
L 07/23/2025 - 23:55:28: [basecommands.smx] "Console<0><Console><Console>" changed cvar (cvar "sv_maxrate") (value "64000")
L 07/23/2025 - 23:55:28: [basecommands.smx] "Console<0><Console><Console>" changed cvar (cvar "sv_mincmdrate") (value "64")
L 07/23/2025 - 23:55:28: [basecommands.smx] "Console<0><Console><Console>" changed cvar (cvar "sv_maxcmdrate") (value "64")
L 07/23/2025 - 23:55:28: [basecommands.smx] "Console<0><Console><Console>" changed cvar (cvar "sv_minupdaterate") (value "64")
L 07/23/2025 - 23:55:28: [basecommands.smx] "Console<0><Console><Console>" changed cvar (cvar "sv_maxupdaterate") (value "64")
L 07/23/2025 - 23:55:28: [basecommands.smx] "Console<0><Console><Console>" changed cvar (cvar "sv_client_min_interp_ratio") (value "-1")
L 07/23/2025 - 23:55:28: [basecommands.smx] "Console<0><Console><Console>" changed cvar (cvar "sv_client_max_interp_ratio") (value "2")
L 07/24/2025 - 00:10:53: Log file closed.
