L 07/25/2025 - 00:55:35: SourceMod log file session started (file "/home/steam/game_server/Left_4_Dead_2/left4dead2/addons/sourcemod/logs/L20250725.log") (Version "1.12.0.7207")
L 07/25/2025 - 00:55:35: Log file closed.
L 07/25/2025 - 12:59:39: SourceMod log file session started (file "/home/steam/game_server/Left_4_Dead_2/left4dead2/addons/sourcemod/logs/L20250725.log") (Version "1.12.0.7207")
L 07/25/2025 - 12:59:39: [basecommands.smx] "Console<0><Console><Console>" changed cvar (cvar "z_difficulty") (value "hard")
L 07/25/2025 - 12:59:39: [basecommands.smx] "Console<0><Console><Console>" changed cvar (cvar "survivor_friendly_fire_factor_hard") (value "0.2")
L 07/25/2025 - 12:59:39: [basecommands.smx] "Console<0><Console><Console>" changed cvar (cvar "survivor_burn_factor_hard") (value "0.5")
L 07/25/2025 - 12:59:39: [basecommands.smx] "Console<0><Console><Console>" changed cvar (cvar "fps_max") (value "144")
L 07/25/2025 - 12:59:39: [basecommands.smx] "Console<0><Console><Console>" changed cvar (cvar "net_splitpacket_maxrate") (value "32000")
L 07/25/2025 - 12:59:39: [basecommands.smx] "Console<0><Console><Console>" changed cvar (cvar "nb_update_frequency") (value "0.024")
L 07/25/2025 - 12:59:39: [basecommands.smx] "Console<0><Console><Console>" changed cvar (cvar "sv_minrate") (value "64000")
L 07/25/2025 - 12:59:39: [basecommands.smx] "Console<0><Console><Console>" changed cvar (cvar "sv_maxrate") (value "64000")
L 07/25/2025 - 12:59:39: [basecommands.smx] "Console<0><Console><Console>" changed cvar (cvar "sv_mincmdrate") (value "64")
L 07/25/2025 - 12:59:39: [basecommands.smx] "Console<0><Console><Console>" changed cvar (cvar "sv_maxcmdrate") (value "64")
L 07/25/2025 - 12:59:39: [basecommands.smx] "Console<0><Console><Console>" changed cvar (cvar "sv_minupdaterate") (value "64")
L 07/25/2025 - 12:59:39: [basecommands.smx] "Console<0><Console><Console>" changed cvar (cvar "sv_maxupdaterate") (value "64")
L 07/25/2025 - 12:59:39: [basecommands.smx] "Console<0><Console><Console>" changed cvar (cvar "sv_client_min_interp_ratio") (value "-1")
L 07/25/2025 - 12:59:39: [basecommands.smx] "Console<0><Console><Console>" changed cvar (cvar "sv_client_max_interp_ratio") (value "2")
L 07/25/2025 - 13:00:00: -------- Mapchange to tumtara --------
L 07/25/2025 - 13:00:02: [basecommands.smx] "Console<0><Console><Console>" changed cvar (cvar "z_difficulty") (value "hard")
L 07/25/2025 - 13:00:02: [basecommands.smx] "Console<0><Console><Console>" changed cvar (cvar "survivor_friendly_fire_factor_hard") (value "0.2")
L 07/25/2025 - 13:00:02: [basecommands.smx] "Console<0><Console><Console>" changed cvar (cvar "survivor_burn_factor_hard") (value "0.5")
L 07/25/2025 - 13:00:02: [basecommands.smx] "Console<0><Console><Console>" changed cvar (cvar "fps_max") (value "144")
L 07/25/2025 - 13:00:02: [basecommands.smx] "Console<0><Console><Console>" changed cvar (cvar "net_splitpacket_maxrate") (value "32000")
L 07/25/2025 - 13:00:02: [basecommands.smx] "Console<0><Console><Console>" changed cvar (cvar "nb_update_frequency") (value "0.024")
L 07/25/2025 - 13:00:02: [basecommands.smx] "Console<0><Console><Console>" changed cvar (cvar "sv_minrate") (value "64000")
L 07/25/2025 - 13:00:02: [basecommands.smx] "Console<0><Console><Console>" changed cvar (cvar "sv_maxrate") (value "64000")
L 07/25/2025 - 13:00:02: [basecommands.smx] "Console<0><Console><Console>" changed cvar (cvar "sv_mincmdrate") (value "64")
L 07/25/2025 - 13:00:02: [basecommands.smx] "Console<0><Console><Console>" changed cvar (cvar "sv_maxcmdrate") (value "64")
L 07/25/2025 - 13:00:02: [basecommands.smx] "Console<0><Console><Console>" changed cvar (cvar "sv_minupdaterate") (value "64")
L 07/25/2025 - 13:00:02: [basecommands.smx] "Console<0><Console><Console>" changed cvar (cvar "sv_maxupdaterate") (value "64")
L 07/25/2025 - 13:00:02: [basecommands.smx] "Console<0><Console><Console>" changed cvar (cvar "sv_client_min_interp_ratio") (value "-1")
L 07/25/2025 - 13:00:02: [basecommands.smx] "Console<0><Console><Console>" changed cvar (cvar "sv_client_max_interp_ratio") (value "2")
L 07/25/2025 - 13:00:57: -------- Mapchange to c1m2_streets --------
L 07/25/2025 - 13:00:58: [basecommands.smx] "Console<0><Console><Console>" changed cvar (cvar "z_difficulty") (value "hard")
L 07/25/2025 - 13:00:58: [basecommands.smx] "Console<0><Console><Console>" changed cvar (cvar "survivor_friendly_fire_factor_hard") (value "0.2")
L 07/25/2025 - 13:00:58: [basecommands.smx] "Console<0><Console><Console>" changed cvar (cvar "survivor_burn_factor_hard") (value "0.5")
L 07/25/2025 - 13:00:58: [basecommands.smx] "Console<0><Console><Console>" changed cvar (cvar "fps_max") (value "144")
L 07/25/2025 - 13:00:58: [basecommands.smx] "Console<0><Console><Console>" changed cvar (cvar "net_splitpacket_maxrate") (value "32000")
L 07/25/2025 - 13:00:58: [basecommands.smx] "Console<0><Console><Console>" changed cvar (cvar "nb_update_frequency") (value "0.024")
L 07/25/2025 - 13:00:58: [basecommands.smx] "Console<0><Console><Console>" changed cvar (cvar "sv_minrate") (value "64000")
L 07/25/2025 - 13:00:58: [basecommands.smx] "Console<0><Console><Console>" changed cvar (cvar "sv_maxrate") (value "64000")
L 07/25/2025 - 13:00:58: [basecommands.smx] "Console<0><Console><Console>" changed cvar (cvar "sv_mincmdrate") (value "64")
L 07/25/2025 - 13:00:58: [basecommands.smx] "Console<0><Console><Console>" changed cvar (cvar "sv_maxcmdrate") (value "64")
L 07/25/2025 - 13:00:58: [basecommands.smx] "Console<0><Console><Console>" changed cvar (cvar "sv_minupdaterate") (value "64")
L 07/25/2025 - 13:00:58: [basecommands.smx] "Console<0><Console><Console>" changed cvar (cvar "sv_maxupdaterate") (value "64")
L 07/25/2025 - 13:00:58: [basecommands.smx] "Console<0><Console><Console>" changed cvar (cvar "sv_client_min_interp_ratio") (value "-1")
L 07/25/2025 - 13:00:58: [basecommands.smx] "Console<0><Console><Console>" changed cvar (cvar "sv_client_max_interp_ratio") (value "2")
L 07/25/2025 - 13:02:34: -------- Mapchange to c1m1_hotel --------
L 07/25/2025 - 13:02:35: [basecommands.smx] "Console<0><Console><Console>" changed cvar (cvar "z_difficulty") (value "hard")
L 07/25/2025 - 13:02:35: [basecommands.smx] "Console<0><Console><Console>" changed cvar (cvar "survivor_friendly_fire_factor_hard") (value "0.2")
L 07/25/2025 - 13:02:35: [basecommands.smx] "Console<0><Console><Console>" changed cvar (cvar "survivor_burn_factor_hard") (value "0.5")
L 07/25/2025 - 13:02:35: [basecommands.smx] "Console<0><Console><Console>" changed cvar (cvar "fps_max") (value "144")
L 07/25/2025 - 13:02:35: [basecommands.smx] "Console<0><Console><Console>" changed cvar (cvar "net_splitpacket_maxrate") (value "32000")
L 07/25/2025 - 13:02:35: [basecommands.smx] "Console<0><Console><Console>" changed cvar (cvar "nb_update_frequency") (value "0.024")
L 07/25/2025 - 13:02:35: [basecommands.smx] "Console<0><Console><Console>" changed cvar (cvar "sv_minrate") (value "64000")
L 07/25/2025 - 13:02:35: [basecommands.smx] "Console<0><Console><Console>" changed cvar (cvar "sv_maxrate") (value "64000")
L 07/25/2025 - 13:02:35: [basecommands.smx] "Console<0><Console><Console>" changed cvar (cvar "sv_mincmdrate") (value "64")
L 07/25/2025 - 13:02:35: [basecommands.smx] "Console<0><Console><Console>" changed cvar (cvar "sv_maxcmdrate") (value "64")
L 07/25/2025 - 13:02:35: [basecommands.smx] "Console<0><Console><Console>" changed cvar (cvar "sv_minupdaterate") (value "64")
L 07/25/2025 - 13:02:35: [basecommands.smx] "Console<0><Console><Console>" changed cvar (cvar "sv_maxupdaterate") (value "64")
L 07/25/2025 - 13:02:35: [basecommands.smx] "Console<0><Console><Console>" changed cvar (cvar "sv_client_min_interp_ratio") (value "-1")
L 07/25/2025 - 13:02:35: [basecommands.smx] "Console<0><Console><Console>" changed cvar (cvar "sv_client_max_interp_ratio") (value "2")
L 07/25/2025 - 13:02:38: Log file closed.
L 07/25/2025 - 13:05:02: SourceMod log file session started (file "/home/steam/game_server/Left_4_Dead_2/left4dead2/addons/sourcemod/logs/L20250725.log") (Version "1.12.0.7207")
L 07/25/2025 - 13:05:02: [basecommands.smx] "Console<0><Console><Console>" changed cvar (cvar "z_difficulty") (value "hard")
L 07/25/2025 - 13:05:02: [basecommands.smx] "Console<0><Console><Console>" changed cvar (cvar "survivor_friendly_fire_factor_hard") (value "0.2")
L 07/25/2025 - 13:05:02: [basecommands.smx] "Console<0><Console><Console>" changed cvar (cvar "survivor_burn_factor_hard") (value "0.5")
L 07/25/2025 - 13:05:02: [basecommands.smx] "Console<0><Console><Console>" changed cvar (cvar "fps_max") (value "144")
L 07/25/2025 - 13:05:02: [basecommands.smx] "Console<0><Console><Console>" changed cvar (cvar "net_splitpacket_maxrate") (value "32000")
L 07/25/2025 - 13:05:02: [basecommands.smx] "Console<0><Console><Console>" changed cvar (cvar "nb_update_frequency") (value "0.024")
L 07/25/2025 - 13:05:02: [basecommands.smx] "Console<0><Console><Console>" changed cvar (cvar "sv_minrate") (value "64000")
L 07/25/2025 - 13:05:02: [basecommands.smx] "Console<0><Console><Console>" changed cvar (cvar "sv_maxrate") (value "64000")
L 07/25/2025 - 13:05:02: [basecommands.smx] "Console<0><Console><Console>" changed cvar (cvar "sv_mincmdrate") (value "64")
L 07/25/2025 - 13:05:02: [basecommands.smx] "Console<0><Console><Console>" changed cvar (cvar "sv_maxcmdrate") (value "64")
L 07/25/2025 - 13:05:02: [basecommands.smx] "Console<0><Console><Console>" changed cvar (cvar "sv_minupdaterate") (value "64")
L 07/25/2025 - 13:05:02: [basecommands.smx] "Console<0><Console><Console>" changed cvar (cvar "sv_maxupdaterate") (value "64")
L 07/25/2025 - 13:05:02: [basecommands.smx] "Console<0><Console><Console>" changed cvar (cvar "sv_client_min_interp_ratio") (value "-1")
L 07/25/2025 - 13:05:02: [basecommands.smx] "Console<0><Console><Console>" changed cvar (cvar "sv_client_max_interp_ratio") (value "2")
L 07/25/2025 - 13:10:34: -------- Mapchange to c1m1_hotel --------
L 07/25/2025 - 13:10:35: [basecommands.smx] "Console<0><Console><Console>" changed cvar (cvar "z_difficulty") (value "hard")
L 07/25/2025 - 13:10:35: [basecommands.smx] "Console<0><Console><Console>" changed cvar (cvar "survivor_friendly_fire_factor_hard") (value "0.2")
L 07/25/2025 - 13:10:35: [basecommands.smx] "Console<0><Console><Console>" changed cvar (cvar "survivor_burn_factor_hard") (value "0.5")
L 07/25/2025 - 13:10:35: [basecommands.smx] "Console<0><Console><Console>" changed cvar (cvar "fps_max") (value "144")
L 07/25/2025 - 13:10:35: [basecommands.smx] "Console<0><Console><Console>" changed cvar (cvar "net_splitpacket_maxrate") (value "32000")
L 07/25/2025 - 13:10:35: [basecommands.smx] "Console<0><Console><Console>" changed cvar (cvar "nb_update_frequency") (value "0.024")
L 07/25/2025 - 13:10:35: [basecommands.smx] "Console<0><Console><Console>" changed cvar (cvar "sv_minrate") (value "64000")
L 07/25/2025 - 13:10:35: [basecommands.smx] "Console<0><Console><Console>" changed cvar (cvar "sv_maxrate") (value "64000")
L 07/25/2025 - 13:10:35: [basecommands.smx] "Console<0><Console><Console>" changed cvar (cvar "sv_mincmdrate") (value "64")
L 07/25/2025 - 13:10:35: [basecommands.smx] "Console<0><Console><Console>" changed cvar (cvar "sv_maxcmdrate") (value "64")
L 07/25/2025 - 13:10:35: [basecommands.smx] "Console<0><Console><Console>" changed cvar (cvar "sv_minupdaterate") (value "64")
L 07/25/2025 - 13:10:35: [basecommands.smx] "Console<0><Console><Console>" changed cvar (cvar "sv_maxupdaterate") (value "64")
L 07/25/2025 - 13:10:35: [basecommands.smx] "Console<0><Console><Console>" changed cvar (cvar "sv_client_min_interp_ratio") (value "-1")
L 07/25/2025 - 13:10:35: [basecommands.smx] "Console<0><Console><Console>" changed cvar (cvar "sv_client_max_interp_ratio") (value "2")
L 07/25/2025 - 13:11:08: -------- Mapchange to c1m2_streets --------
L 07/25/2025 - 13:11:09: [basecommands.smx] "Console<0><Console><Console>" changed cvar (cvar "z_difficulty") (value "hard")
L 07/25/2025 - 13:11:09: [basecommands.smx] "Console<0><Console><Console>" changed cvar (cvar "survivor_friendly_fire_factor_hard") (value "0.2")
L 07/25/2025 - 13:11:09: [basecommands.smx] "Console<0><Console><Console>" changed cvar (cvar "survivor_burn_factor_hard") (value "0.5")
L 07/25/2025 - 13:11:09: [basecommands.smx] "Console<0><Console><Console>" changed cvar (cvar "fps_max") (value "144")
L 07/25/2025 - 13:11:09: [basecommands.smx] "Console<0><Console><Console>" changed cvar (cvar "net_splitpacket_maxrate") (value "32000")
L 07/25/2025 - 13:11:09: [basecommands.smx] "Console<0><Console><Console>" changed cvar (cvar "nb_update_frequency") (value "0.024")
L 07/25/2025 - 13:11:09: [basecommands.smx] "Console<0><Console><Console>" changed cvar (cvar "sv_minrate") (value "64000")
L 07/25/2025 - 13:11:09: [basecommands.smx] "Console<0><Console><Console>" changed cvar (cvar "sv_maxrate") (value "64000")
L 07/25/2025 - 13:11:09: [basecommands.smx] "Console<0><Console><Console>" changed cvar (cvar "sv_mincmdrate") (value "64")
L 07/25/2025 - 13:11:09: [basecommands.smx] "Console<0><Console><Console>" changed cvar (cvar "sv_maxcmdrate") (value "64")
L 07/25/2025 - 13:11:09: [basecommands.smx] "Console<0><Console><Console>" changed cvar (cvar "sv_minupdaterate") (value "64")
L 07/25/2025 - 13:11:09: [basecommands.smx] "Console<0><Console><Console>" changed cvar (cvar "sv_maxupdaterate") (value "64")
L 07/25/2025 - 13:11:09: [basecommands.smx] "Console<0><Console><Console>" changed cvar (cvar "sv_client_min_interp_ratio") (value "-1")
L 07/25/2025 - 13:11:09: [basecommands.smx] "Console<0><Console><Console>" changed cvar (cvar "sv_client_max_interp_ratio") (value "2")
L 07/25/2025 - 13:11:10: -------- Mapchange to c1m1_hotel --------
L 07/25/2025 - 13:11:11: [basecommands.smx] "Console<0><Console><Console>" changed cvar (cvar "z_difficulty") (value "hard")
L 07/25/2025 - 13:11:11: [basecommands.smx] "Console<0><Console><Console>" changed cvar (cvar "survivor_friendly_fire_factor_hard") (value "0.2")
L 07/25/2025 - 13:11:11: [basecommands.smx] "Console<0><Console><Console>" changed cvar (cvar "survivor_burn_factor_hard") (value "0.5")
L 07/25/2025 - 13:11:11: [basecommands.smx] "Console<0><Console><Console>" changed cvar (cvar "fps_max") (value "144")
L 07/25/2025 - 13:11:11: [basecommands.smx] "Console<0><Console><Console>" changed cvar (cvar "net_splitpacket_maxrate") (value "32000")
L 07/25/2025 - 13:11:11: [basecommands.smx] "Console<0><Console><Console>" changed cvar (cvar "nb_update_frequency") (value "0.024")
L 07/25/2025 - 13:11:11: [basecommands.smx] "Console<0><Console><Console>" changed cvar (cvar "sv_minrate") (value "64000")
L 07/25/2025 - 13:11:11: [basecommands.smx] "Console<0><Console><Console>" changed cvar (cvar "sv_maxrate") (value "64000")
L 07/25/2025 - 13:11:11: [basecommands.smx] "Console<0><Console><Console>" changed cvar (cvar "sv_mincmdrate") (value "64")
L 07/25/2025 - 13:11:11: [basecommands.smx] "Console<0><Console><Console>" changed cvar (cvar "sv_maxcmdrate") (value "64")
L 07/25/2025 - 13:11:11: [basecommands.smx] "Console<0><Console><Console>" changed cvar (cvar "sv_minupdaterate") (value "64")
L 07/25/2025 - 13:11:11: [basecommands.smx] "Console<0><Console><Console>" changed cvar (cvar "sv_maxupdaterate") (value "64")
L 07/25/2025 - 13:11:11: [basecommands.smx] "Console<0><Console><Console>" changed cvar (cvar "sv_client_min_interp_ratio") (value "-1")
L 07/25/2025 - 13:11:11: [basecommands.smx] "Console<0><Console><Console>" changed cvar (cvar "sv_client_max_interp_ratio") (value "2")
L 07/25/2025 - 13:11:48: -------- Mapchange to c1m2_streets --------
L 07/25/2025 - 13:11:49: [basecommands.smx] "Console<0><Console><Console>" changed cvar (cvar "z_difficulty") (value "hard")
L 07/25/2025 - 13:11:49: [basecommands.smx] "Console<0><Console><Console>" changed cvar (cvar "survivor_friendly_fire_factor_hard") (value "0.2")
L 07/25/2025 - 13:11:49: [basecommands.smx] "Console<0><Console><Console>" changed cvar (cvar "survivor_burn_factor_hard") (value "0.5")
L 07/25/2025 - 13:11:49: [basecommands.smx] "Console<0><Console><Console>" changed cvar (cvar "fps_max") (value "144")
L 07/25/2025 - 13:11:49: [basecommands.smx] "Console<0><Console><Console>" changed cvar (cvar "net_splitpacket_maxrate") (value "32000")
L 07/25/2025 - 13:11:49: [basecommands.smx] "Console<0><Console><Console>" changed cvar (cvar "nb_update_frequency") (value "0.024")
L 07/25/2025 - 13:11:49: [basecommands.smx] "Console<0><Console><Console>" changed cvar (cvar "sv_minrate") (value "64000")
L 07/25/2025 - 13:11:49: [basecommands.smx] "Console<0><Console><Console>" changed cvar (cvar "sv_maxrate") (value "64000")
L 07/25/2025 - 13:11:49: [basecommands.smx] "Console<0><Console><Console>" changed cvar (cvar "sv_mincmdrate") (value "64")
L 07/25/2025 - 13:11:49: [basecommands.smx] "Console<0><Console><Console>" changed cvar (cvar "sv_maxcmdrate") (value "64")
L 07/25/2025 - 13:11:49: [basecommands.smx] "Console<0><Console><Console>" changed cvar (cvar "sv_minupdaterate") (value "64")
L 07/25/2025 - 13:11:49: [basecommands.smx] "Console<0><Console><Console>" changed cvar (cvar "sv_maxupdaterate") (value "64")
L 07/25/2025 - 13:11:49: [basecommands.smx] "Console<0><Console><Console>" changed cvar (cvar "sv_client_min_interp_ratio") (value "-1")
L 07/25/2025 - 13:11:49: [basecommands.smx] "Console<0><Console><Console>" changed cvar (cvar "sv_client_max_interp_ratio") (value "2")
L 07/25/2025 - 13:12:15: -------- Mapchange to c1m1_hotel --------
L 07/25/2025 - 13:12:17: [basecommands.smx] "Console<0><Console><Console>" changed cvar (cvar "z_difficulty") (value "hard")
L 07/25/2025 - 13:12:17: [basecommands.smx] "Console<0><Console><Console>" changed cvar (cvar "survivor_friendly_fire_factor_hard") (value "0.2")
L 07/25/2025 - 13:12:17: [basecommands.smx] "Console<0><Console><Console>" changed cvar (cvar "survivor_burn_factor_hard") (value "0.5")
L 07/25/2025 - 13:12:17: [basecommands.smx] "Console<0><Console><Console>" changed cvar (cvar "fps_max") (value "144")
L 07/25/2025 - 13:12:17: [basecommands.smx] "Console<0><Console><Console>" changed cvar (cvar "net_splitpacket_maxrate") (value "32000")
L 07/25/2025 - 13:12:17: [basecommands.smx] "Console<0><Console><Console>" changed cvar (cvar "nb_update_frequency") (value "0.024")
L 07/25/2025 - 13:12:17: [basecommands.smx] "Console<0><Console><Console>" changed cvar (cvar "sv_minrate") (value "64000")
L 07/25/2025 - 13:12:17: [basecommands.smx] "Console<0><Console><Console>" changed cvar (cvar "sv_maxrate") (value "64000")
L 07/25/2025 - 13:12:17: [basecommands.smx] "Console<0><Console><Console>" changed cvar (cvar "sv_mincmdrate") (value "64")
L 07/25/2025 - 13:12:17: [basecommands.smx] "Console<0><Console><Console>" changed cvar (cvar "sv_maxcmdrate") (value "64")
L 07/25/2025 - 13:12:17: [basecommands.smx] "Console<0><Console><Console>" changed cvar (cvar "sv_minupdaterate") (value "64")
L 07/25/2025 - 13:12:17: [basecommands.smx] "Console<0><Console><Console>" changed cvar (cvar "sv_maxupdaterate") (value "64")
L 07/25/2025 - 13:12:17: [basecommands.smx] "Console<0><Console><Console>" changed cvar (cvar "sv_client_min_interp_ratio") (value "-1")
L 07/25/2025 - 13:12:17: [basecommands.smx] "Console<0><Console><Console>" changed cvar (cvar "sv_client_max_interp_ratio") (value "2")
L 07/25/2025 - 13:13:55: Log file closed.
L 07/25/2025 - 13:15:27: SourceMod log file session started (file "/home/steam/game_server/Left_4_Dead_2/left4dead2/addons/sourcemod/logs/L20250725.log") (Version "1.12.0.7207")
L 07/25/2025 - 13:15:27: [basecommands.smx] "Console<0><Console><Console>" changed cvar (cvar "z_difficulty") (value "hard")
L 07/25/2025 - 13:15:27: [basecommands.smx] "Console<0><Console><Console>" changed cvar (cvar "survivor_friendly_fire_factor_hard") (value "0.2")
L 07/25/2025 - 13:15:27: [basecommands.smx] "Console<0><Console><Console>" changed cvar (cvar "survivor_burn_factor_hard") (value "0.5")
L 07/25/2025 - 13:15:27: [basecommands.smx] "Console<0><Console><Console>" changed cvar (cvar "fps_max") (value "144")
L 07/25/2025 - 13:15:27: [basecommands.smx] "Console<0><Console><Console>" changed cvar (cvar "net_splitpacket_maxrate") (value "32000")
L 07/25/2025 - 13:15:27: [basecommands.smx] "Console<0><Console><Console>" changed cvar (cvar "nb_update_frequency") (value "0.024")
L 07/25/2025 - 13:15:27: [basecommands.smx] "Console<0><Console><Console>" changed cvar (cvar "sv_minrate") (value "64000")
L 07/25/2025 - 13:15:27: [basecommands.smx] "Console<0><Console><Console>" changed cvar (cvar "sv_maxrate") (value "64000")
L 07/25/2025 - 13:15:27: [basecommands.smx] "Console<0><Console><Console>" changed cvar (cvar "sv_mincmdrate") (value "64")
L 07/25/2025 - 13:15:27: [basecommands.smx] "Console<0><Console><Console>" changed cvar (cvar "sv_maxcmdrate") (value "64")
L 07/25/2025 - 13:15:27: [basecommands.smx] "Console<0><Console><Console>" changed cvar (cvar "sv_minupdaterate") (value "64")
L 07/25/2025 - 13:15:27: [basecommands.smx] "Console<0><Console><Console>" changed cvar (cvar "sv_maxupdaterate") (value "64")
L 07/25/2025 - 13:15:27: [basecommands.smx] "Console<0><Console><Console>" changed cvar (cvar "sv_client_min_interp_ratio") (value "-1")
L 07/25/2025 - 13:15:27: [basecommands.smx] "Console<0><Console><Console>" changed cvar (cvar "sv_client_max_interp_ratio") (value "2")
L 07/25/2025 - 13:20:22: -------- Mapchange to c1m1_hotel --------
L 07/25/2025 - 13:20:23: [basecommands.smx] "Console<0><Console><Console>" changed cvar (cvar "z_difficulty") (value "hard")
L 07/25/2025 - 13:20:23: [basecommands.smx] "Console<0><Console><Console>" changed cvar (cvar "survivor_friendly_fire_factor_hard") (value "0.2")
L 07/25/2025 - 13:20:23: [basecommands.smx] "Console<0><Console><Console>" changed cvar (cvar "survivor_burn_factor_hard") (value "0.5")
L 07/25/2025 - 13:20:23: [basecommands.smx] "Console<0><Console><Console>" changed cvar (cvar "fps_max") (value "144")
L 07/25/2025 - 13:20:23: [basecommands.smx] "Console<0><Console><Console>" changed cvar (cvar "net_splitpacket_maxrate") (value "32000")
L 07/25/2025 - 13:20:23: [basecommands.smx] "Console<0><Console><Console>" changed cvar (cvar "nb_update_frequency") (value "0.024")
L 07/25/2025 - 13:20:23: [basecommands.smx] "Console<0><Console><Console>" changed cvar (cvar "sv_minrate") (value "64000")
L 07/25/2025 - 13:20:23: [basecommands.smx] "Console<0><Console><Console>" changed cvar (cvar "sv_maxrate") (value "64000")
L 07/25/2025 - 13:20:23: [basecommands.smx] "Console<0><Console><Console>" changed cvar (cvar "sv_mincmdrate") (value "64")
L 07/25/2025 - 13:20:23: [basecommands.smx] "Console<0><Console><Console>" changed cvar (cvar "sv_maxcmdrate") (value "64")
L 07/25/2025 - 13:20:23: [basecommands.smx] "Console<0><Console><Console>" changed cvar (cvar "sv_minupdaterate") (value "64")
L 07/25/2025 - 13:20:23: [basecommands.smx] "Console<0><Console><Console>" changed cvar (cvar "sv_maxupdaterate") (value "64")
L 07/25/2025 - 13:20:23: [basecommands.smx] "Console<0><Console><Console>" changed cvar (cvar "sv_client_min_interp_ratio") (value "-1")
L 07/25/2025 - 13:20:23: [basecommands.smx] "Console<0><Console><Console>" changed cvar (cvar "sv_client_max_interp_ratio") (value "2")
L 07/25/2025 - 13:20:27: Log file closed.
L 07/25/2025 - 13:21:57: SourceMod log file session started (file "/home/steam/game_server/Left_4_Dead_2/left4dead2/addons/sourcemod/logs/L20250725.log") (Version "1.12.0.7207")
L 07/25/2025 - 13:21:57: [basecommands.smx] "Console<0><Console><Console>" changed cvar (cvar "z_difficulty") (value "hard")
L 07/25/2025 - 13:21:57: [basecommands.smx] "Console<0><Console><Console>" changed cvar (cvar "survivor_friendly_fire_factor_hard") (value "0.2")
L 07/25/2025 - 13:21:57: [basecommands.smx] "Console<0><Console><Console>" changed cvar (cvar "survivor_burn_factor_hard") (value "0.5")
L 07/25/2025 - 13:21:57: [basecommands.smx] "Console<0><Console><Console>" changed cvar (cvar "fps_max") (value "144")
L 07/25/2025 - 13:21:57: [basecommands.smx] "Console<0><Console><Console>" changed cvar (cvar "net_splitpacket_maxrate") (value "32000")
L 07/25/2025 - 13:21:57: [basecommands.smx] "Console<0><Console><Console>" changed cvar (cvar "nb_update_frequency") (value "0.024")
L 07/25/2025 - 13:21:57: [basecommands.smx] "Console<0><Console><Console>" changed cvar (cvar "sv_minrate") (value "64000")
L 07/25/2025 - 13:21:57: [basecommands.smx] "Console<0><Console><Console>" changed cvar (cvar "sv_maxrate") (value "64000")
L 07/25/2025 - 13:21:57: [basecommands.smx] "Console<0><Console><Console>" changed cvar (cvar "sv_mincmdrate") (value "64")
L 07/25/2025 - 13:21:57: [basecommands.smx] "Console<0><Console><Console>" changed cvar (cvar "sv_maxcmdrate") (value "64")
L 07/25/2025 - 13:21:57: [basecommands.smx] "Console<0><Console><Console>" changed cvar (cvar "sv_minupdaterate") (value "64")
L 07/25/2025 - 13:21:57: [basecommands.smx] "Console<0><Console><Console>" changed cvar (cvar "sv_maxupdaterate") (value "64")
L 07/25/2025 - 13:21:57: [basecommands.smx] "Console<0><Console><Console>" changed cvar (cvar "sv_client_min_interp_ratio") (value "-1")
L 07/25/2025 - 13:21:57: [basecommands.smx] "Console<0><Console><Console>" changed cvar (cvar "sv_client_max_interp_ratio") (value "2")
L 07/25/2025 - 13:38:50: -------- Mapchange to tumtara --------
L 07/25/2025 - 13:38:51: [basecommands.smx] "Console<0><Console><Console>" changed cvar (cvar "z_difficulty") (value "hard")
L 07/25/2025 - 13:38:51: [basecommands.smx] "Console<0><Console><Console>" changed cvar (cvar "survivor_friendly_fire_factor_hard") (value "0.2")
L 07/25/2025 - 13:38:51: [basecommands.smx] "Console<0><Console><Console>" changed cvar (cvar "survivor_burn_factor_hard") (value "0.5")
L 07/25/2025 - 13:38:51: [basecommands.smx] "Console<0><Console><Console>" changed cvar (cvar "fps_max") (value "144")
L 07/25/2025 - 13:38:51: [basecommands.smx] "Console<0><Console><Console>" changed cvar (cvar "net_splitpacket_maxrate") (value "32000")
L 07/25/2025 - 13:38:51: [basecommands.smx] "Console<0><Console><Console>" changed cvar (cvar "nb_update_frequency") (value "0.024")
L 07/25/2025 - 13:38:51: [basecommands.smx] "Console<0><Console><Console>" changed cvar (cvar "sv_minrate") (value "64000")
L 07/25/2025 - 13:38:51: [basecommands.smx] "Console<0><Console><Console>" changed cvar (cvar "sv_maxrate") (value "64000")
L 07/25/2025 - 13:38:51: [basecommands.smx] "Console<0><Console><Console>" changed cvar (cvar "sv_mincmdrate") (value "64")
L 07/25/2025 - 13:38:51: [basecommands.smx] "Console<0><Console><Console>" changed cvar (cvar "sv_maxcmdrate") (value "64")
L 07/25/2025 - 13:38:51: [basecommands.smx] "Console<0><Console><Console>" changed cvar (cvar "sv_minupdaterate") (value "64")
L 07/25/2025 - 13:38:51: [basecommands.smx] "Console<0><Console><Console>" changed cvar (cvar "sv_maxupdaterate") (value "64")
L 07/25/2025 - 13:38:51: [basecommands.smx] "Console<0><Console><Console>" changed cvar (cvar "sv_client_min_interp_ratio") (value "-1")
L 07/25/2025 - 13:38:51: [basecommands.smx] "Console<0><Console><Console>" changed cvar (cvar "sv_client_max_interp_ratio") (value "2")
L 07/25/2025 - 13:48:56: SourceMod log file session started (file "/home/steam/game_server/Left_4_Dead_2/left4dead2/addons/sourcemod/logs/L20250725.log") (Version "1.12.0.7207")
L 07/25/2025 - 13:48:56: [basecommands.smx] "Console<0><Console><Console>" changed cvar (cvar "z_difficulty") (value "hard")
L 07/25/2025 - 13:48:56: [basecommands.smx] "Console<0><Console><Console>" changed cvar (cvar "survivor_friendly_fire_factor_hard") (value "0.2")
L 07/25/2025 - 13:48:56: [basecommands.smx] "Console<0><Console><Console>" changed cvar (cvar "survivor_burn_factor_hard") (value "0.5")
L 07/25/2025 - 13:48:56: [basecommands.smx] "Console<0><Console><Console>" changed cvar (cvar "fps_max") (value "144")
L 07/25/2025 - 13:48:56: [basecommands.smx] "Console<0><Console><Console>" changed cvar (cvar "net_splitpacket_maxrate") (value "32000")
L 07/25/2025 - 13:48:56: [basecommands.smx] "Console<0><Console><Console>" changed cvar (cvar "nb_update_frequency") (value "0.024")
L 07/25/2025 - 13:48:56: [basecommands.smx] "Console<0><Console><Console>" changed cvar (cvar "sv_minrate") (value "64000")
L 07/25/2025 - 13:48:56: [basecommands.smx] "Console<0><Console><Console>" changed cvar (cvar "sv_maxrate") (value "64000")
L 07/25/2025 - 13:48:56: [basecommands.smx] "Console<0><Console><Console>" changed cvar (cvar "sv_mincmdrate") (value "64")
L 07/25/2025 - 13:48:56: [basecommands.smx] "Console<0><Console><Console>" changed cvar (cvar "sv_maxcmdrate") (value "64")
L 07/25/2025 - 13:48:56: [basecommands.smx] "Console<0><Console><Console>" changed cvar (cvar "sv_minupdaterate") (value "64")
L 07/25/2025 - 13:48:56: [basecommands.smx] "Console<0><Console><Console>" changed cvar (cvar "sv_maxupdaterate") (value "64")
L 07/25/2025 - 13:48:56: [basecommands.smx] "Console<0><Console><Console>" changed cvar (cvar "sv_client_min_interp_ratio") (value "-1")
L 07/25/2025 - 13:48:56: [basecommands.smx] "Console<0><Console><Console>" changed cvar (cvar "sv_client_max_interp_ratio") (value "2")
L 07/25/2025 - 13:49:06: -------- Mapchange to tumtara --------
L 07/25/2025 - 13:49:08: [basecommands.smx] "Console<0><Console><Console>" changed cvar (cvar "z_difficulty") (value "hard")
L 07/25/2025 - 13:49:08: [basecommands.smx] "Console<0><Console><Console>" changed cvar (cvar "survivor_friendly_fire_factor_hard") (value "0.2")
L 07/25/2025 - 13:49:08: [basecommands.smx] "Console<0><Console><Console>" changed cvar (cvar "survivor_burn_factor_hard") (value "0.5")
L 07/25/2025 - 13:49:08: [basecommands.smx] "Console<0><Console><Console>" changed cvar (cvar "fps_max") (value "144")
L 07/25/2025 - 13:49:08: [basecommands.smx] "Console<0><Console><Console>" changed cvar (cvar "net_splitpacket_maxrate") (value "32000")
L 07/25/2025 - 13:49:08: [basecommands.smx] "Console<0><Console><Console>" changed cvar (cvar "nb_update_frequency") (value "0.024")
L 07/25/2025 - 13:49:08: [basecommands.smx] "Console<0><Console><Console>" changed cvar (cvar "sv_minrate") (value "64000")
L 07/25/2025 - 13:49:08: [basecommands.smx] "Console<0><Console><Console>" changed cvar (cvar "sv_maxrate") (value "64000")
L 07/25/2025 - 13:49:08: [basecommands.smx] "Console<0><Console><Console>" changed cvar (cvar "sv_mincmdrate") (value "64")
L 07/25/2025 - 13:49:08: [basecommands.smx] "Console<0><Console><Console>" changed cvar (cvar "sv_maxcmdrate") (value "64")
L 07/25/2025 - 13:49:08: [basecommands.smx] "Console<0><Console><Console>" changed cvar (cvar "sv_minupdaterate") (value "64")
L 07/25/2025 - 13:49:08: [basecommands.smx] "Console<0><Console><Console>" changed cvar (cvar "sv_maxupdaterate") (value "64")
L 07/25/2025 - 13:49:08: [basecommands.smx] "Console<0><Console><Console>" changed cvar (cvar "sv_client_min_interp_ratio") (value "-1")
L 07/25/2025 - 13:49:08: [basecommands.smx] "Console<0><Console><Console>" changed cvar (cvar "sv_client_max_interp_ratio") (value "2")
L 07/25/2025 - 13:50:44: SourceMod log file session started (file "/home/steam/game_server/Left_4_Dead_2/left4dead2/addons/sourcemod/logs/L20250725.log") (Version "1.12.0.7207")
L 07/25/2025 - 13:50:44: [basecommands.smx] "Console<0><Console><Console>" changed cvar (cvar "z_difficulty") (value "hard")
L 07/25/2025 - 13:50:44: [basecommands.smx] "Console<0><Console><Console>" changed cvar (cvar "survivor_friendly_fire_factor_hard") (value "0.2")
L 07/25/2025 - 13:50:44: [basecommands.smx] "Console<0><Console><Console>" changed cvar (cvar "survivor_burn_factor_hard") (value "0.5")
L 07/25/2025 - 13:50:44: [basecommands.smx] "Console<0><Console><Console>" changed cvar (cvar "fps_max") (value "144")
L 07/25/2025 - 13:50:44: [basecommands.smx] "Console<0><Console><Console>" changed cvar (cvar "net_splitpacket_maxrate") (value "32000")
L 07/25/2025 - 13:50:44: [basecommands.smx] "Console<0><Console><Console>" changed cvar (cvar "nb_update_frequency") (value "0.024")
L 07/25/2025 - 13:50:44: [basecommands.smx] "Console<0><Console><Console>" changed cvar (cvar "sv_minrate") (value "64000")
L 07/25/2025 - 13:50:44: [basecommands.smx] "Console<0><Console><Console>" changed cvar (cvar "sv_maxrate") (value "64000")
L 07/25/2025 - 13:50:44: [basecommands.smx] "Console<0><Console><Console>" changed cvar (cvar "sv_mincmdrate") (value "64")
L 07/25/2025 - 13:50:44: [basecommands.smx] "Console<0><Console><Console>" changed cvar (cvar "sv_maxcmdrate") (value "64")
L 07/25/2025 - 13:50:44: [basecommands.smx] "Console<0><Console><Console>" changed cvar (cvar "sv_minupdaterate") (value "64")
L 07/25/2025 - 13:50:44: [basecommands.smx] "Console<0><Console><Console>" changed cvar (cvar "sv_maxupdaterate") (value "64")
L 07/25/2025 - 13:50:44: [basecommands.smx] "Console<0><Console><Console>" changed cvar (cvar "sv_client_min_interp_ratio") (value "-1")
L 07/25/2025 - 13:50:44: [basecommands.smx] "Console<0><Console><Console>" changed cvar (cvar "sv_client_max_interp_ratio") (value "2")
L 07/25/2025 - 13:51:13: -------- Mapchange to tumtara --------
L 07/25/2025 - 13:51:15: [basecommands.smx] "Console<0><Console><Console>" changed cvar (cvar "z_difficulty") (value "hard")
L 07/25/2025 - 13:51:15: [basecommands.smx] "Console<0><Console><Console>" changed cvar (cvar "survivor_friendly_fire_factor_hard") (value "0.2")
L 07/25/2025 - 13:51:15: [basecommands.smx] "Console<0><Console><Console>" changed cvar (cvar "survivor_burn_factor_hard") (value "0.5")
L 07/25/2025 - 13:51:15: [basecommands.smx] "Console<0><Console><Console>" changed cvar (cvar "fps_max") (value "144")
L 07/25/2025 - 13:51:15: [basecommands.smx] "Console<0><Console><Console>" changed cvar (cvar "net_splitpacket_maxrate") (value "32000")
L 07/25/2025 - 13:51:15: [basecommands.smx] "Console<0><Console><Console>" changed cvar (cvar "nb_update_frequency") (value "0.024")
L 07/25/2025 - 13:51:15: [basecommands.smx] "Console<0><Console><Console>" changed cvar (cvar "sv_minrate") (value "64000")
L 07/25/2025 - 13:51:15: [basecommands.smx] "Console<0><Console><Console>" changed cvar (cvar "sv_maxrate") (value "64000")
L 07/25/2025 - 13:51:15: [basecommands.smx] "Console<0><Console><Console>" changed cvar (cvar "sv_mincmdrate") (value "64")
L 07/25/2025 - 13:51:15: [basecommands.smx] "Console<0><Console><Console>" changed cvar (cvar "sv_maxcmdrate") (value "64")
L 07/25/2025 - 13:51:15: [basecommands.smx] "Console<0><Console><Console>" changed cvar (cvar "sv_minupdaterate") (value "64")
L 07/25/2025 - 13:51:15: [basecommands.smx] "Console<0><Console><Console>" changed cvar (cvar "sv_maxupdaterate") (value "64")
L 07/25/2025 - 13:51:15: [basecommands.smx] "Console<0><Console><Console>" changed cvar (cvar "sv_client_min_interp_ratio") (value "-1")
L 07/25/2025 - 13:51:15: [basecommands.smx] "Console<0><Console><Console>" changed cvar (cvar "sv_client_max_interp_ratio") (value "2")
L 07/25/2025 - 13:56:23: SourceMod log file session started (file "/home/steam/game_server/Left_4_Dead_2/left4dead2/addons/sourcemod/logs/L20250725.log") (Version "1.12.0.7207")
L 07/25/2025 - 13:56:23: [basecommands.smx] "Console<0><Console><Console>" changed cvar (cvar "z_difficulty") (value "hard")
L 07/25/2025 - 13:56:23: [basecommands.smx] "Console<0><Console><Console>" changed cvar (cvar "survivor_friendly_fire_factor_hard") (value "0.2")
L 07/25/2025 - 13:56:23: [basecommands.smx] "Console<0><Console><Console>" changed cvar (cvar "survivor_burn_factor_hard") (value "0.5")
L 07/25/2025 - 13:56:23: [basecommands.smx] "Console<0><Console><Console>" changed cvar (cvar "fps_max") (value "144")
L 07/25/2025 - 13:56:23: [basecommands.smx] "Console<0><Console><Console>" changed cvar (cvar "net_splitpacket_maxrate") (value "32000")
L 07/25/2025 - 13:56:23: [basecommands.smx] "Console<0><Console><Console>" changed cvar (cvar "nb_update_frequency") (value "0.024")
L 07/25/2025 - 13:56:23: [basecommands.smx] "Console<0><Console><Console>" changed cvar (cvar "sv_minrate") (value "64000")
L 07/25/2025 - 13:56:23: [basecommands.smx] "Console<0><Console><Console>" changed cvar (cvar "sv_maxrate") (value "64000")
L 07/25/2025 - 13:56:23: [basecommands.smx] "Console<0><Console><Console>" changed cvar (cvar "sv_mincmdrate") (value "64")
L 07/25/2025 - 13:56:23: [basecommands.smx] "Console<0><Console><Console>" changed cvar (cvar "sv_maxcmdrate") (value "64")
L 07/25/2025 - 13:56:23: [basecommands.smx] "Console<0><Console><Console>" changed cvar (cvar "sv_minupdaterate") (value "64")
L 07/25/2025 - 13:56:23: [basecommands.smx] "Console<0><Console><Console>" changed cvar (cvar "sv_maxupdaterate") (value "64")
L 07/25/2025 - 13:56:23: [basecommands.smx] "Console<0><Console><Console>" changed cvar (cvar "sv_client_min_interp_ratio") (value "-1")
L 07/25/2025 - 13:56:23: [basecommands.smx] "Console<0><Console><Console>" changed cvar (cvar "sv_client_max_interp_ratio") (value "2")
L 07/25/2025 - 13:59:59: -------- Mapchange to c1m2_streets --------
L 07/25/2025 - 14:00:00: [basecommands.smx] "Console<0><Console><Console>" changed cvar (cvar "z_difficulty") (value "hard")
L 07/25/2025 - 14:00:00: [basecommands.smx] "Console<0><Console><Console>" changed cvar (cvar "survivor_friendly_fire_factor_hard") (value "0.2")
L 07/25/2025 - 14:00:00: [basecommands.smx] "Console<0><Console><Console>" changed cvar (cvar "survivor_burn_factor_hard") (value "0.5")
L 07/25/2025 - 14:00:00: [basecommands.smx] "Console<0><Console><Console>" changed cvar (cvar "fps_max") (value "144")
L 07/25/2025 - 14:00:00: [basecommands.smx] "Console<0><Console><Console>" changed cvar (cvar "net_splitpacket_maxrate") (value "32000")
L 07/25/2025 - 14:00:00: [basecommands.smx] "Console<0><Console><Console>" changed cvar (cvar "nb_update_frequency") (value "0.024")
L 07/25/2025 - 14:00:00: [basecommands.smx] "Console<0><Console><Console>" changed cvar (cvar "sv_minrate") (value "64000")
L 07/25/2025 - 14:00:00: [basecommands.smx] "Console<0><Console><Console>" changed cvar (cvar "sv_maxrate") (value "64000")
L 07/25/2025 - 14:00:00: [basecommands.smx] "Console<0><Console><Console>" changed cvar (cvar "sv_mincmdrate") (value "64")
L 07/25/2025 - 14:00:00: [basecommands.smx] "Console<0><Console><Console>" changed cvar (cvar "sv_maxcmdrate") (value "64")
L 07/25/2025 - 14:00:00: [basecommands.smx] "Console<0><Console><Console>" changed cvar (cvar "sv_minupdaterate") (value "64")
L 07/25/2025 - 14:00:00: [basecommands.smx] "Console<0><Console><Console>" changed cvar (cvar "sv_maxupdaterate") (value "64")
L 07/25/2025 - 14:00:00: [basecommands.smx] "Console<0><Console><Console>" changed cvar (cvar "sv_client_min_interp_ratio") (value "-1")
L 07/25/2025 - 14:00:00: [basecommands.smx] "Console<0><Console><Console>" changed cvar (cvar "sv_client_max_interp_ratio") (value "2")
L 07/25/2025 - 14:00:35: -------- Mapchange to c1m1_hotel --------
L 07/25/2025 - 14:00:36: [basecommands.smx] "Console<0><Console><Console>" changed cvar (cvar "z_difficulty") (value "hard")
L 07/25/2025 - 14:00:36: [basecommands.smx] "Console<0><Console><Console>" changed cvar (cvar "survivor_friendly_fire_factor_hard") (value "0.2")
L 07/25/2025 - 14:00:36: [basecommands.smx] "Console<0><Console><Console>" changed cvar (cvar "survivor_burn_factor_hard") (value "0.5")
L 07/25/2025 - 14:00:36: [basecommands.smx] "Console<0><Console><Console>" changed cvar (cvar "fps_max") (value "144")
L 07/25/2025 - 14:00:36: [basecommands.smx] "Console<0><Console><Console>" changed cvar (cvar "net_splitpacket_maxrate") (value "32000")
L 07/25/2025 - 14:00:36: [basecommands.smx] "Console<0><Console><Console>" changed cvar (cvar "nb_update_frequency") (value "0.024")
L 07/25/2025 - 14:00:36: [basecommands.smx] "Console<0><Console><Console>" changed cvar (cvar "sv_minrate") (value "64000")
L 07/25/2025 - 14:00:36: [basecommands.smx] "Console<0><Console><Console>" changed cvar (cvar "sv_maxrate") (value "64000")
L 07/25/2025 - 14:00:36: [basecommands.smx] "Console<0><Console><Console>" changed cvar (cvar "sv_mincmdrate") (value "64")
L 07/25/2025 - 14:00:36: [basecommands.smx] "Console<0><Console><Console>" changed cvar (cvar "sv_maxcmdrate") (value "64")
L 07/25/2025 - 14:00:36: [basecommands.smx] "Console<0><Console><Console>" changed cvar (cvar "sv_minupdaterate") (value "64")
L 07/25/2025 - 14:00:36: [basecommands.smx] "Console<0><Console><Console>" changed cvar (cvar "sv_maxupdaterate") (value "64")
L 07/25/2025 - 14:00:36: [basecommands.smx] "Console<0><Console><Console>" changed cvar (cvar "sv_client_min_interp_ratio") (value "-1")
L 07/25/2025 - 14:00:36: [basecommands.smx] "Console<0><Console><Console>" changed cvar (cvar "sv_client_max_interp_ratio") (value "2")
L 07/25/2025 - 14:00:41: Log file closed.
L 07/25/2025 - 14:00:47: SourceMod log file session started (file "/home/steam/game_server/Left_4_Dead_2/left4dead2/addons/sourcemod/logs/L20250725.log") (Version "1.12.0.7207")
L 07/25/2025 - 14:00:47: [basecommands.smx] "Console<0><Console><Console>" changed cvar (cvar "z_difficulty") (value "hard")
L 07/25/2025 - 14:00:47: [basecommands.smx] "Console<0><Console><Console>" changed cvar (cvar "survivor_friendly_fire_factor_hard") (value "0.2")
L 07/25/2025 - 14:00:47: [basecommands.smx] "Console<0><Console><Console>" changed cvar (cvar "survivor_burn_factor_hard") (value "0.5")
L 07/25/2025 - 14:00:47: [basecommands.smx] "Console<0><Console><Console>" changed cvar (cvar "fps_max") (value "144")
L 07/25/2025 - 14:00:47: [basecommands.smx] "Console<0><Console><Console>" changed cvar (cvar "net_splitpacket_maxrate") (value "32000")
L 07/25/2025 - 14:00:47: [basecommands.smx] "Console<0><Console><Console>" changed cvar (cvar "nb_update_frequency") (value "0.024")
L 07/25/2025 - 14:00:47: [basecommands.smx] "Console<0><Console><Console>" changed cvar (cvar "sv_minrate") (value "64000")
L 07/25/2025 - 14:00:47: [basecommands.smx] "Console<0><Console><Console>" changed cvar (cvar "sv_maxrate") (value "64000")
L 07/25/2025 - 14:00:47: [basecommands.smx] "Console<0><Console><Console>" changed cvar (cvar "sv_mincmdrate") (value "64")
L 07/25/2025 - 14:00:47: [basecommands.smx] "Console<0><Console><Console>" changed cvar (cvar "sv_maxcmdrate") (value "64")
L 07/25/2025 - 14:00:47: [basecommands.smx] "Console<0><Console><Console>" changed cvar (cvar "sv_minupdaterate") (value "64")
L 07/25/2025 - 14:00:47: [basecommands.smx] "Console<0><Console><Console>" changed cvar (cvar "sv_maxupdaterate") (value "64")
L 07/25/2025 - 14:00:47: [basecommands.smx] "Console<0><Console><Console>" changed cvar (cvar "sv_client_min_interp_ratio") (value "-1")
L 07/25/2025 - 14:00:47: [basecommands.smx] "Console<0><Console><Console>" changed cvar (cvar "sv_client_max_interp_ratio") (value "2")
L 07/25/2025 - 14:13:42: SourceMod log file session started (file "/home/steam/game_server/Left_4_Dead_2/left4dead2/addons/sourcemod/logs/L20250725.log") (Version "1.12.0.7207")
L 07/25/2025 - 14:13:42: [basecommands.smx] "Console<0><Console><Console>" changed cvar (cvar "z_difficulty") (value "hard")
L 07/25/2025 - 14:13:42: [basecommands.smx] "Console<0><Console><Console>" changed cvar (cvar "survivor_friendly_fire_factor_hard") (value "0.2")
L 07/25/2025 - 14:13:42: [basecommands.smx] "Console<0><Console><Console>" changed cvar (cvar "survivor_burn_factor_hard") (value "0.5")
L 07/25/2025 - 14:13:42: [basecommands.smx] "Console<0><Console><Console>" changed cvar (cvar "fps_max") (value "144")
L 07/25/2025 - 14:13:42: [basecommands.smx] "Console<0><Console><Console>" changed cvar (cvar "net_splitpacket_maxrate") (value "32000")
L 07/25/2025 - 14:13:42: [basecommands.smx] "Console<0><Console><Console>" changed cvar (cvar "nb_update_frequency") (value "0.024")
L 07/25/2025 - 14:13:42: [basecommands.smx] "Console<0><Console><Console>" changed cvar (cvar "sv_minrate") (value "64000")
L 07/25/2025 - 14:13:42: [basecommands.smx] "Console<0><Console><Console>" changed cvar (cvar "sv_maxrate") (value "64000")
L 07/25/2025 - 14:13:42: [basecommands.smx] "Console<0><Console><Console>" changed cvar (cvar "sv_mincmdrate") (value "64")
L 07/25/2025 - 14:13:42: [basecommands.smx] "Console<0><Console><Console>" changed cvar (cvar "sv_maxcmdrate") (value "64")
L 07/25/2025 - 14:13:42: [basecommands.smx] "Console<0><Console><Console>" changed cvar (cvar "sv_minupdaterate") (value "64")
L 07/25/2025 - 14:13:42: [basecommands.smx] "Console<0><Console><Console>" changed cvar (cvar "sv_maxupdaterate") (value "64")
L 07/25/2025 - 14:13:42: [basecommands.smx] "Console<0><Console><Console>" changed cvar (cvar "sv_client_min_interp_ratio") (value "-1")
L 07/25/2025 - 14:13:42: [basecommands.smx] "Console<0><Console><Console>" changed cvar (cvar "sv_client_max_interp_ratio") (value "2")
L 07/25/2025 - 14:17:12: -------- Mapchange to c1m2_streets --------
L 07/25/2025 - 14:17:13: [basecommands.smx] "Console<0><Console><Console>" changed cvar (cvar "z_difficulty") (value "hard")
L 07/25/2025 - 14:17:13: [basecommands.smx] "Console<0><Console><Console>" changed cvar (cvar "survivor_friendly_fire_factor_hard") (value "0.2")
L 07/25/2025 - 14:17:13: [basecommands.smx] "Console<0><Console><Console>" changed cvar (cvar "survivor_burn_factor_hard") (value "0.5")
L 07/25/2025 - 14:17:13: [basecommands.smx] "Console<0><Console><Console>" changed cvar (cvar "fps_max") (value "144")
L 07/25/2025 - 14:17:13: [basecommands.smx] "Console<0><Console><Console>" changed cvar (cvar "net_splitpacket_maxrate") (value "32000")
L 07/25/2025 - 14:17:13: [basecommands.smx] "Console<0><Console><Console>" changed cvar (cvar "nb_update_frequency") (value "0.024")
L 07/25/2025 - 14:17:13: [basecommands.smx] "Console<0><Console><Console>" changed cvar (cvar "sv_minrate") (value "64000")
L 07/25/2025 - 14:17:13: [basecommands.smx] "Console<0><Console><Console>" changed cvar (cvar "sv_maxrate") (value "64000")
L 07/25/2025 - 14:17:13: [basecommands.smx] "Console<0><Console><Console>" changed cvar (cvar "sv_mincmdrate") (value "64")
L 07/25/2025 - 14:17:13: [basecommands.smx] "Console<0><Console><Console>" changed cvar (cvar "sv_maxcmdrate") (value "64")
L 07/25/2025 - 14:17:13: [basecommands.smx] "Console<0><Console><Console>" changed cvar (cvar "sv_minupdaterate") (value "64")
L 07/25/2025 - 14:17:13: [basecommands.smx] "Console<0><Console><Console>" changed cvar (cvar "sv_maxupdaterate") (value "64")
L 07/25/2025 - 14:17:13: [basecommands.smx] "Console<0><Console><Console>" changed cvar (cvar "sv_client_min_interp_ratio") (value "-1")
L 07/25/2025 - 14:17:13: [basecommands.smx] "Console<0><Console><Console>" changed cvar (cvar "sv_client_max_interp_ratio") (value "2")
L 07/25/2025 - 14:17:14: -------- Mapchange to c1m1_hotel --------
L 07/25/2025 - 14:17:15: [basecommands.smx] "Console<0><Console><Console>" changed cvar (cvar "z_difficulty") (value "hard")
L 07/25/2025 - 14:17:16: [basecommands.smx] "Console<0><Console><Console>" changed cvar (cvar "survivor_friendly_fire_factor_hard") (value "0.2")
L 07/25/2025 - 14:17:16: [basecommands.smx] "Console<0><Console><Console>" changed cvar (cvar "survivor_burn_factor_hard") (value "0.5")
L 07/25/2025 - 14:17:16: [basecommands.smx] "Console<0><Console><Console>" changed cvar (cvar "fps_max") (value "144")
L 07/25/2025 - 14:17:16: [basecommands.smx] "Console<0><Console><Console>" changed cvar (cvar "net_splitpacket_maxrate") (value "32000")
L 07/25/2025 - 14:17:16: [basecommands.smx] "Console<0><Console><Console>" changed cvar (cvar "nb_update_frequency") (value "0.024")
L 07/25/2025 - 14:17:16: [basecommands.smx] "Console<0><Console><Console>" changed cvar (cvar "sv_minrate") (value "64000")
L 07/25/2025 - 14:17:16: [basecommands.smx] "Console<0><Console><Console>" changed cvar (cvar "sv_maxrate") (value "64000")
L 07/25/2025 - 14:17:16: [basecommands.smx] "Console<0><Console><Console>" changed cvar (cvar "sv_mincmdrate") (value "64")
L 07/25/2025 - 14:17:16: [basecommands.smx] "Console<0><Console><Console>" changed cvar (cvar "sv_maxcmdrate") (value "64")
L 07/25/2025 - 14:17:16: [basecommands.smx] "Console<0><Console><Console>" changed cvar (cvar "sv_minupdaterate") (value "64")
L 07/25/2025 - 14:17:16: [basecommands.smx] "Console<0><Console><Console>" changed cvar (cvar "sv_maxupdaterate") (value "64")
L 07/25/2025 - 14:17:16: [basecommands.smx] "Console<0><Console><Console>" changed cvar (cvar "sv_client_min_interp_ratio") (value "-1")
L 07/25/2025 - 14:17:16: [basecommands.smx] "Console<0><Console><Console>" changed cvar (cvar "sv_client_max_interp_ratio") (value "2")
L 07/25/2025 - 14:17:48: -------- Mapchange to c1m2_streets --------
L 07/25/2025 - 14:17:49: [basecommands.smx] "Console<0><Console><Console>" changed cvar (cvar "z_difficulty") (value "hard")
L 07/25/2025 - 14:17:49: [basecommands.smx] "Console<0><Console><Console>" changed cvar (cvar "survivor_friendly_fire_factor_hard") (value "0.2")
L 07/25/2025 - 14:17:49: [basecommands.smx] "Console<0><Console><Console>" changed cvar (cvar "survivor_burn_factor_hard") (value "0.5")
L 07/25/2025 - 14:17:49: [basecommands.smx] "Console<0><Console><Console>" changed cvar (cvar "fps_max") (value "144")
L 07/25/2025 - 14:17:49: [basecommands.smx] "Console<0><Console><Console>" changed cvar (cvar "net_splitpacket_maxrate") (value "32000")
L 07/25/2025 - 14:17:49: [basecommands.smx] "Console<0><Console><Console>" changed cvar (cvar "nb_update_frequency") (value "0.024")
L 07/25/2025 - 14:17:49: [basecommands.smx] "Console<0><Console><Console>" changed cvar (cvar "sv_minrate") (value "64000")
L 07/25/2025 - 14:17:49: [basecommands.smx] "Console<0><Console><Console>" changed cvar (cvar "sv_maxrate") (value "64000")
L 07/25/2025 - 14:17:49: [basecommands.smx] "Console<0><Console><Console>" changed cvar (cvar "sv_mincmdrate") (value "64")
L 07/25/2025 - 14:17:49: [basecommands.smx] "Console<0><Console><Console>" changed cvar (cvar "sv_maxcmdrate") (value "64")
L 07/25/2025 - 14:17:49: [basecommands.smx] "Console<0><Console><Console>" changed cvar (cvar "sv_minupdaterate") (value "64")
L 07/25/2025 - 14:17:49: [basecommands.smx] "Console<0><Console><Console>" changed cvar (cvar "sv_maxupdaterate") (value "64")
L 07/25/2025 - 14:17:49: [basecommands.smx] "Console<0><Console><Console>" changed cvar (cvar "sv_client_min_interp_ratio") (value "-1")
L 07/25/2025 - 14:17:49: [basecommands.smx] "Console<0><Console><Console>" changed cvar (cvar "sv_client_max_interp_ratio") (value "2")
L 07/25/2025 - 14:20:30: -------- Mapchange to c1m1_hotel --------
L 07/25/2025 - 14:20:31: [basecommands.smx] "Console<0><Console><Console>" changed cvar (cvar "z_difficulty") (value "hard")
L 07/25/2025 - 14:20:31: [basecommands.smx] "Console<0><Console><Console>" changed cvar (cvar "survivor_friendly_fire_factor_hard") (value "0.2")
L 07/25/2025 - 14:20:31: [basecommands.smx] "Console<0><Console><Console>" changed cvar (cvar "survivor_burn_factor_hard") (value "0.5")
L 07/25/2025 - 14:20:31: [basecommands.smx] "Console<0><Console><Console>" changed cvar (cvar "fps_max") (value "144")
L 07/25/2025 - 14:20:31: [basecommands.smx] "Console<0><Console><Console>" changed cvar (cvar "net_splitpacket_maxrate") (value "32000")
L 07/25/2025 - 14:20:31: [basecommands.smx] "Console<0><Console><Console>" changed cvar (cvar "nb_update_frequency") (value "0.024")
L 07/25/2025 - 14:20:31: [basecommands.smx] "Console<0><Console><Console>" changed cvar (cvar "sv_minrate") (value "64000")
L 07/25/2025 - 14:20:31: [basecommands.smx] "Console<0><Console><Console>" changed cvar (cvar "sv_maxrate") (value "64000")
L 07/25/2025 - 14:20:31: [basecommands.smx] "Console<0><Console><Console>" changed cvar (cvar "sv_mincmdrate") (value "64")
L 07/25/2025 - 14:20:31: [basecommands.smx] "Console<0><Console><Console>" changed cvar (cvar "sv_maxcmdrate") (value "64")
L 07/25/2025 - 14:20:31: [basecommands.smx] "Console<0><Console><Console>" changed cvar (cvar "sv_minupdaterate") (value "64")
L 07/25/2025 - 14:20:31: [basecommands.smx] "Console<0><Console><Console>" changed cvar (cvar "sv_maxupdaterate") (value "64")
L 07/25/2025 - 14:20:31: [basecommands.smx] "Console<0><Console><Console>" changed cvar (cvar "sv_client_min_interp_ratio") (value "-1")
L 07/25/2025 - 14:20:31: [basecommands.smx] "Console<0><Console><Console>" changed cvar (cvar "sv_client_max_interp_ratio") (value "2")
L 07/25/2025 - 14:20:35: Log file closed.
L 07/25/2025 - 14:30:24: SourceMod log file session started (file "/home/steam/game_server/Left_4_Dead_2/left4dead2/addons/sourcemod/logs/L20250725.log") (Version "1.12.0.7207")
L 07/25/2025 - 14:30:24: [basecommands.smx] "Console<0><Console><Console>" changed cvar (cvar "z_difficulty") (value "hard")
L 07/25/2025 - 14:30:24: [basecommands.smx] "Console<0><Console><Console>" changed cvar (cvar "survivor_friendly_fire_factor_hard") (value "0.2")
L 07/25/2025 - 14:30:24: [basecommands.smx] "Console<0><Console><Console>" changed cvar (cvar "survivor_burn_factor_hard") (value "0.5")
L 07/25/2025 - 14:30:24: [basecommands.smx] "Console<0><Console><Console>" changed cvar (cvar "fps_max") (value "144")
L 07/25/2025 - 14:30:24: [basecommands.smx] "Console<0><Console><Console>" changed cvar (cvar "net_splitpacket_maxrate") (value "32000")
L 07/25/2025 - 14:30:24: [basecommands.smx] "Console<0><Console><Console>" changed cvar (cvar "nb_update_frequency") (value "0.024")
L 07/25/2025 - 14:30:24: [basecommands.smx] "Console<0><Console><Console>" changed cvar (cvar "sv_minrate") (value "64000")
L 07/25/2025 - 14:30:24: [basecommands.smx] "Console<0><Console><Console>" changed cvar (cvar "sv_maxrate") (value "64000")
L 07/25/2025 - 14:30:24: [basecommands.smx] "Console<0><Console><Console>" changed cvar (cvar "sv_mincmdrate") (value "64")
L 07/25/2025 - 14:30:24: [basecommands.smx] "Console<0><Console><Console>" changed cvar (cvar "sv_maxcmdrate") (value "64")
L 07/25/2025 - 14:30:24: [basecommands.smx] "Console<0><Console><Console>" changed cvar (cvar "sv_minupdaterate") (value "64")
L 07/25/2025 - 14:30:24: [basecommands.smx] "Console<0><Console><Console>" changed cvar (cvar "sv_maxupdaterate") (value "64")
L 07/25/2025 - 14:30:24: [basecommands.smx] "Console<0><Console><Console>" changed cvar (cvar "sv_client_min_interp_ratio") (value "-1")
L 07/25/2025 - 14:30:24: [basecommands.smx] "Console<0><Console><Console>" changed cvar (cvar "sv_client_max_interp_ratio") (value "2")
L 07/25/2025 - 14:32:33: -------- Mapchange to c1m2_streets --------
L 07/25/2025 - 14:32:34: [basecommands.smx] "Console<0><Console><Console>" changed cvar (cvar "z_difficulty") (value "hard")
L 07/25/2025 - 14:32:34: [basecommands.smx] "Console<0><Console><Console>" changed cvar (cvar "survivor_friendly_fire_factor_hard") (value "0.2")
L 07/25/2025 - 14:32:34: [basecommands.smx] "Console<0><Console><Console>" changed cvar (cvar "survivor_burn_factor_hard") (value "0.5")
L 07/25/2025 - 14:32:34: [basecommands.smx] "Console<0><Console><Console>" changed cvar (cvar "fps_max") (value "144")
L 07/25/2025 - 14:32:34: [basecommands.smx] "Console<0><Console><Console>" changed cvar (cvar "net_splitpacket_maxrate") (value "32000")
L 07/25/2025 - 14:32:34: [basecommands.smx] "Console<0><Console><Console>" changed cvar (cvar "nb_update_frequency") (value "0.024")
L 07/25/2025 - 14:32:34: [basecommands.smx] "Console<0><Console><Console>" changed cvar (cvar "sv_minrate") (value "64000")
L 07/25/2025 - 14:32:34: [basecommands.smx] "Console<0><Console><Console>" changed cvar (cvar "sv_maxrate") (value "64000")
L 07/25/2025 - 14:32:34: [basecommands.smx] "Console<0><Console><Console>" changed cvar (cvar "sv_mincmdrate") (value "64")
L 07/25/2025 - 14:32:34: [basecommands.smx] "Console<0><Console><Console>" changed cvar (cvar "sv_maxcmdrate") (value "64")
L 07/25/2025 - 14:32:34: [basecommands.smx] "Console<0><Console><Console>" changed cvar (cvar "sv_minupdaterate") (value "64")
L 07/25/2025 - 14:32:34: [basecommands.smx] "Console<0><Console><Console>" changed cvar (cvar "sv_maxupdaterate") (value "64")
L 07/25/2025 - 14:32:34: [basecommands.smx] "Console<0><Console><Console>" changed cvar (cvar "sv_client_min_interp_ratio") (value "-1")
L 07/25/2025 - 14:32:34: [basecommands.smx] "Console<0><Console><Console>" changed cvar (cvar "sv_client_max_interp_ratio") (value "2")
L 07/25/2025 - 14:35:34: -------- Mapchange to c1m1_hotel --------
L 07/25/2025 - 14:35:35: [basecommands.smx] "Console<0><Console><Console>" changed cvar (cvar "z_difficulty") (value "hard")
L 07/25/2025 - 14:35:35: [basecommands.smx] "Console<0><Console><Console>" changed cvar (cvar "survivor_friendly_fire_factor_hard") (value "0.2")
L 07/25/2025 - 14:35:35: [basecommands.smx] "Console<0><Console><Console>" changed cvar (cvar "survivor_burn_factor_hard") (value "0.5")
L 07/25/2025 - 14:35:35: [basecommands.smx] "Console<0><Console><Console>" changed cvar (cvar "fps_max") (value "144")
L 07/25/2025 - 14:35:35: [basecommands.smx] "Console<0><Console><Console>" changed cvar (cvar "net_splitpacket_maxrate") (value "32000")
L 07/25/2025 - 14:35:35: [basecommands.smx] "Console<0><Console><Console>" changed cvar (cvar "nb_update_frequency") (value "0.024")
L 07/25/2025 - 14:35:35: [basecommands.smx] "Console<0><Console><Console>" changed cvar (cvar "sv_minrate") (value "64000")
L 07/25/2025 - 14:35:35: [basecommands.smx] "Console<0><Console><Console>" changed cvar (cvar "sv_maxrate") (value "64000")
L 07/25/2025 - 14:35:35: [basecommands.smx] "Console<0><Console><Console>" changed cvar (cvar "sv_mincmdrate") (value "64")
L 07/25/2025 - 14:35:35: [basecommands.smx] "Console<0><Console><Console>" changed cvar (cvar "sv_maxcmdrate") (value "64")
L 07/25/2025 - 14:35:35: [basecommands.smx] "Console<0><Console><Console>" changed cvar (cvar "sv_minupdaterate") (value "64")
L 07/25/2025 - 14:35:35: [basecommands.smx] "Console<0><Console><Console>" changed cvar (cvar "sv_maxupdaterate") (value "64")
L 07/25/2025 - 14:35:35: [basecommands.smx] "Console<0><Console><Console>" changed cvar (cvar "sv_client_min_interp_ratio") (value "-1")
L 07/25/2025 - 14:35:35: [basecommands.smx] "Console<0><Console><Console>" changed cvar (cvar "sv_client_max_interp_ratio") (value "2")
L 07/25/2025 - 14:39:22: SourceMod log file session started (file "/home/steam/game_server/Left_4_Dead_2/left4dead2/addons/sourcemod/logs/L20250725.log") (Version "1.12.0.7207")
L 07/25/2025 - 14:39:22: [basecommands.smx] "Console<0><Console><Console>" changed cvar (cvar "z_difficulty") (value "hard")
L 07/25/2025 - 14:39:22: [basecommands.smx] "Console<0><Console><Console>" changed cvar (cvar "survivor_friendly_fire_factor_hard") (value "0.2")
L 07/25/2025 - 14:39:22: [basecommands.smx] "Console<0><Console><Console>" changed cvar (cvar "survivor_burn_factor_hard") (value "0.5")
L 07/25/2025 - 14:39:22: [basecommands.smx] "Console<0><Console><Console>" changed cvar (cvar "fps_max") (value "144")
L 07/25/2025 - 14:39:22: [basecommands.smx] "Console<0><Console><Console>" changed cvar (cvar "net_splitpacket_maxrate") (value "32000")
L 07/25/2025 - 14:39:22: [basecommands.smx] "Console<0><Console><Console>" changed cvar (cvar "nb_update_frequency") (value "0.024")
L 07/25/2025 - 14:39:22: [basecommands.smx] "Console<0><Console><Console>" changed cvar (cvar "sv_minrate") (value "64000")
L 07/25/2025 - 14:39:22: [basecommands.smx] "Console<0><Console><Console>" changed cvar (cvar "sv_maxrate") (value "64000")
L 07/25/2025 - 14:39:22: [basecommands.smx] "Console<0><Console><Console>" changed cvar (cvar "sv_mincmdrate") (value "64")
L 07/25/2025 - 14:39:22: [basecommands.smx] "Console<0><Console><Console>" changed cvar (cvar "sv_maxcmdrate") (value "64")
L 07/25/2025 - 14:39:22: [basecommands.smx] "Console<0><Console><Console>" changed cvar (cvar "sv_minupdaterate") (value "64")
L 07/25/2025 - 14:39:22: [basecommands.smx] "Console<0><Console><Console>" changed cvar (cvar "sv_maxupdaterate") (value "64")
L 07/25/2025 - 14:39:22: [basecommands.smx] "Console<0><Console><Console>" changed cvar (cvar "sv_client_min_interp_ratio") (value "-1")
L 07/25/2025 - 14:39:22: [basecommands.smx] "Console<0><Console><Console>" changed cvar (cvar "sv_client_max_interp_ratio") (value "2")
L 07/25/2025 - 14:40:05: -------- Mapchange to c1m2_streets --------
L 07/25/2025 - 14:40:06: [basecommands.smx] "Console<0><Console><Console>" changed cvar (cvar "z_difficulty") (value "hard")
L 07/25/2025 - 14:40:06: [basecommands.smx] "Console<0><Console><Console>" changed cvar (cvar "survivor_friendly_fire_factor_hard") (value "0.2")
L 07/25/2025 - 14:40:06: [basecommands.smx] "Console<0><Console><Console>" changed cvar (cvar "survivor_burn_factor_hard") (value "0.5")
L 07/25/2025 - 14:40:06: [basecommands.smx] "Console<0><Console><Console>" changed cvar (cvar "fps_max") (value "144")
L 07/25/2025 - 14:40:06: [basecommands.smx] "Console<0><Console><Console>" changed cvar (cvar "net_splitpacket_maxrate") (value "32000")
L 07/25/2025 - 14:40:06: [basecommands.smx] "Console<0><Console><Console>" changed cvar (cvar "nb_update_frequency") (value "0.024")
L 07/25/2025 - 14:40:06: [basecommands.smx] "Console<0><Console><Console>" changed cvar (cvar "sv_minrate") (value "64000")
L 07/25/2025 - 14:40:06: [basecommands.smx] "Console<0><Console><Console>" changed cvar (cvar "sv_maxrate") (value "64000")
L 07/25/2025 - 14:40:06: [basecommands.smx] "Console<0><Console><Console>" changed cvar (cvar "sv_mincmdrate") (value "64")
L 07/25/2025 - 14:40:06: [basecommands.smx] "Console<0><Console><Console>" changed cvar (cvar "sv_maxcmdrate") (value "64")
L 07/25/2025 - 14:40:06: [basecommands.smx] "Console<0><Console><Console>" changed cvar (cvar "sv_minupdaterate") (value "64")
L 07/25/2025 - 14:40:06: [basecommands.smx] "Console<0><Console><Console>" changed cvar (cvar "sv_maxupdaterate") (value "64")
L 07/25/2025 - 14:40:06: [basecommands.smx] "Console<0><Console><Console>" changed cvar (cvar "sv_client_min_interp_ratio") (value "-1")
L 07/25/2025 - 14:40:06: [basecommands.smx] "Console<0><Console><Console>" changed cvar (cvar "sv_client_max_interp_ratio") (value "2")
L 07/25/2025 - 14:40:46: -------- Mapchange to c1m1_hotel --------
L 07/25/2025 - 14:40:47: [basecommands.smx] "Console<0><Console><Console>" changed cvar (cvar "z_difficulty") (value "hard")
L 07/25/2025 - 14:40:47: [basecommands.smx] "Console<0><Console><Console>" changed cvar (cvar "survivor_friendly_fire_factor_hard") (value "0.2")
L 07/25/2025 - 14:40:47: [basecommands.smx] "Console<0><Console><Console>" changed cvar (cvar "survivor_burn_factor_hard") (value "0.5")
L 07/25/2025 - 14:40:47: [basecommands.smx] "Console<0><Console><Console>" changed cvar (cvar "fps_max") (value "144")
L 07/25/2025 - 14:40:47: [basecommands.smx] "Console<0><Console><Console>" changed cvar (cvar "net_splitpacket_maxrate") (value "32000")
L 07/25/2025 - 14:40:47: [basecommands.smx] "Console<0><Console><Console>" changed cvar (cvar "nb_update_frequency") (value "0.024")
L 07/25/2025 - 14:40:47: [basecommands.smx] "Console<0><Console><Console>" changed cvar (cvar "sv_minrate") (value "64000")
L 07/25/2025 - 14:40:47: [basecommands.smx] "Console<0><Console><Console>" changed cvar (cvar "sv_maxrate") (value "64000")
L 07/25/2025 - 14:40:47: [basecommands.smx] "Console<0><Console><Console>" changed cvar (cvar "sv_mincmdrate") (value "64")
L 07/25/2025 - 14:40:47: [basecommands.smx] "Console<0><Console><Console>" changed cvar (cvar "sv_maxcmdrate") (value "64")
L 07/25/2025 - 14:40:47: [basecommands.smx] "Console<0><Console><Console>" changed cvar (cvar "sv_minupdaterate") (value "64")
L 07/25/2025 - 14:40:47: [basecommands.smx] "Console<0><Console><Console>" changed cvar (cvar "sv_maxupdaterate") (value "64")
L 07/25/2025 - 14:40:47: [basecommands.smx] "Console<0><Console><Console>" changed cvar (cvar "sv_client_min_interp_ratio") (value "-1")
L 07/25/2025 - 14:40:47: [basecommands.smx] "Console<0><Console><Console>" changed cvar (cvar "sv_client_max_interp_ratio") (value "2")
L 07/25/2025 - 14:41:42: SourceMod log file session started (file "/home/steam/game_server/Left_4_Dead_2/left4dead2/addons/sourcemod/logs/L20250725.log") (Version "1.12.0.7207")
L 07/25/2025 - 14:41:42: [basecommands.smx] "Console<0><Console><Console>" changed cvar (cvar "z_difficulty") (value "hard")
L 07/25/2025 - 14:41:42: [basecommands.smx] "Console<0><Console><Console>" changed cvar (cvar "survivor_friendly_fire_factor_hard") (value "0.2")
L 07/25/2025 - 14:41:42: [basecommands.smx] "Console<0><Console><Console>" changed cvar (cvar "survivor_burn_factor_hard") (value "0.5")
L 07/25/2025 - 14:41:42: [basecommands.smx] "Console<0><Console><Console>" changed cvar (cvar "fps_max") (value "144")
L 07/25/2025 - 14:41:42: [basecommands.smx] "Console<0><Console><Console>" changed cvar (cvar "net_splitpacket_maxrate") (value "32000")
L 07/25/2025 - 14:41:42: [basecommands.smx] "Console<0><Console><Console>" changed cvar (cvar "nb_update_frequency") (value "0.024")
L 07/25/2025 - 14:41:42: [basecommands.smx] "Console<0><Console><Console>" changed cvar (cvar "sv_minrate") (value "64000")
L 07/25/2025 - 14:41:42: [basecommands.smx] "Console<0><Console><Console>" changed cvar (cvar "sv_maxrate") (value "64000")
L 07/25/2025 - 14:41:42: [basecommands.smx] "Console<0><Console><Console>" changed cvar (cvar "sv_mincmdrate") (value "64")
L 07/25/2025 - 14:41:42: [basecommands.smx] "Console<0><Console><Console>" changed cvar (cvar "sv_maxcmdrate") (value "64")
L 07/25/2025 - 14:41:42: [basecommands.smx] "Console<0><Console><Console>" changed cvar (cvar "sv_minupdaterate") (value "64")
L 07/25/2025 - 14:41:42: [basecommands.smx] "Console<0><Console><Console>" changed cvar (cvar "sv_maxupdaterate") (value "64")
L 07/25/2025 - 14:41:42: [basecommands.smx] "Console<0><Console><Console>" changed cvar (cvar "sv_client_min_interp_ratio") (value "-1")
L 07/25/2025 - 14:41:42: [basecommands.smx] "Console<0><Console><Console>" changed cvar (cvar "sv_client_max_interp_ratio") (value "2")
L 07/25/2025 - 14:42:05: -------- Mapchange to c1m2_streets --------
L 07/25/2025 - 14:42:06: [basecommands.smx] "Console<0><Console><Console>" changed cvar (cvar "z_difficulty") (value "hard")
L 07/25/2025 - 14:42:06: [basecommands.smx] "Console<0><Console><Console>" changed cvar (cvar "survivor_friendly_fire_factor_hard") (value "0.2")
L 07/25/2025 - 14:42:06: [basecommands.smx] "Console<0><Console><Console>" changed cvar (cvar "survivor_burn_factor_hard") (value "0.5")
L 07/25/2025 - 14:42:06: [basecommands.smx] "Console<0><Console><Console>" changed cvar (cvar "fps_max") (value "144")
L 07/25/2025 - 14:42:06: [basecommands.smx] "Console<0><Console><Console>" changed cvar (cvar "net_splitpacket_maxrate") (value "32000")
L 07/25/2025 - 14:42:06: [basecommands.smx] "Console<0><Console><Console>" changed cvar (cvar "nb_update_frequency") (value "0.024")
L 07/25/2025 - 14:42:06: [basecommands.smx] "Console<0><Console><Console>" changed cvar (cvar "sv_minrate") (value "64000")
L 07/25/2025 - 14:42:06: [basecommands.smx] "Console<0><Console><Console>" changed cvar (cvar "sv_maxrate") (value "64000")
L 07/25/2025 - 14:42:06: [basecommands.smx] "Console<0><Console><Console>" changed cvar (cvar "sv_mincmdrate") (value "64")
L 07/25/2025 - 14:42:06: [basecommands.smx] "Console<0><Console><Console>" changed cvar (cvar "sv_maxcmdrate") (value "64")
L 07/25/2025 - 14:42:06: [basecommands.smx] "Console<0><Console><Console>" changed cvar (cvar "sv_minupdaterate") (value "64")
L 07/25/2025 - 14:42:06: [basecommands.smx] "Console<0><Console><Console>" changed cvar (cvar "sv_maxupdaterate") (value "64")
L 07/25/2025 - 14:42:06: [basecommands.smx] "Console<0><Console><Console>" changed cvar (cvar "sv_client_min_interp_ratio") (value "-1")
L 07/25/2025 - 14:42:06: [basecommands.smx] "Console<0><Console><Console>" changed cvar (cvar "sv_client_max_interp_ratio") (value "2")
L 07/25/2025 - 14:42:42: -------- Mapchange to c1m1_hotel --------
L 07/25/2025 - 14:42:43: [basecommands.smx] "Console<0><Console><Console>" changed cvar (cvar "z_difficulty") (value "hard")
L 07/25/2025 - 14:42:43: [basecommands.smx] "Console<0><Console><Console>" changed cvar (cvar "survivor_friendly_fire_factor_hard") (value "0.2")
L 07/25/2025 - 14:42:43: [basecommands.smx] "Console<0><Console><Console>" changed cvar (cvar "survivor_burn_factor_hard") (value "0.5")
L 07/25/2025 - 14:42:43: [basecommands.smx] "Console<0><Console><Console>" changed cvar (cvar "fps_max") (value "144")
L 07/25/2025 - 14:42:43: [basecommands.smx] "Console<0><Console><Console>" changed cvar (cvar "net_splitpacket_maxrate") (value "32000")
L 07/25/2025 - 14:42:43: [basecommands.smx] "Console<0><Console><Console>" changed cvar (cvar "nb_update_frequency") (value "0.024")
L 07/25/2025 - 14:42:43: [basecommands.smx] "Console<0><Console><Console>" changed cvar (cvar "sv_minrate") (value "64000")
L 07/25/2025 - 14:42:43: [basecommands.smx] "Console<0><Console><Console>" changed cvar (cvar "sv_maxrate") (value "64000")
L 07/25/2025 - 14:42:43: [basecommands.smx] "Console<0><Console><Console>" changed cvar (cvar "sv_mincmdrate") (value "64")
L 07/25/2025 - 14:42:43: [basecommands.smx] "Console<0><Console><Console>" changed cvar (cvar "sv_maxcmdrate") (value "64")
L 07/25/2025 - 14:42:43: [basecommands.smx] "Console<0><Console><Console>" changed cvar (cvar "sv_minupdaterate") (value "64")
L 07/25/2025 - 14:42:43: [basecommands.smx] "Console<0><Console><Console>" changed cvar (cvar "sv_maxupdaterate") (value "64")
L 07/25/2025 - 14:42:43: [basecommands.smx] "Console<0><Console><Console>" changed cvar (cvar "sv_client_min_interp_ratio") (value "-1")
L 07/25/2025 - 14:42:43: [basecommands.smx] "Console<0><Console><Console>" changed cvar (cvar "sv_client_max_interp_ratio") (value "2")
L 07/25/2025 - 14:44:54: Log file closed.
L 07/25/2025 - 14:50:22: SourceMod log file session started (file "/home/steam/game_server/Left_4_Dead_2/left4dead2/addons/sourcemod/logs/L20250725.log") (Version "1.12.0.7207")
L 07/25/2025 - 14:50:22: [basecommands.smx] "Console<0><Console><Console>" changed cvar (cvar "z_difficulty") (value "hard")
L 07/25/2025 - 14:50:22: [basecommands.smx] "Console<0><Console><Console>" changed cvar (cvar "survivor_friendly_fire_factor_hard") (value "0.2")
L 07/25/2025 - 14:50:22: [basecommands.smx] "Console<0><Console><Console>" changed cvar (cvar "survivor_burn_factor_hard") (value "0.5")
L 07/25/2025 - 14:50:22: [basecommands.smx] "Console<0><Console><Console>" changed cvar (cvar "fps_max") (value "144")
L 07/25/2025 - 14:50:22: [basecommands.smx] "Console<0><Console><Console>" changed cvar (cvar "net_splitpacket_maxrate") (value "32000")
L 07/25/2025 - 14:50:22: [basecommands.smx] "Console<0><Console><Console>" changed cvar (cvar "nb_update_frequency") (value "0.024")
L 07/25/2025 - 14:50:22: [basecommands.smx] "Console<0><Console><Console>" changed cvar (cvar "sv_minrate") (value "64000")
L 07/25/2025 - 14:50:22: [basecommands.smx] "Console<0><Console><Console>" changed cvar (cvar "sv_maxrate") (value "64000")
L 07/25/2025 - 14:50:22: [basecommands.smx] "Console<0><Console><Console>" changed cvar (cvar "sv_mincmdrate") (value "64")
L 07/25/2025 - 14:50:22: [basecommands.smx] "Console<0><Console><Console>" changed cvar (cvar "sv_maxcmdrate") (value "64")
L 07/25/2025 - 14:50:22: [basecommands.smx] "Console<0><Console><Console>" changed cvar (cvar "sv_minupdaterate") (value "64")
L 07/25/2025 - 14:50:22: [basecommands.smx] "Console<0><Console><Console>" changed cvar (cvar "sv_maxupdaterate") (value "64")
L 07/25/2025 - 14:50:22: [basecommands.smx] "Console<0><Console><Console>" changed cvar (cvar "sv_client_min_interp_ratio") (value "-1")
L 07/25/2025 - 14:50:22: [basecommands.smx] "Console<0><Console><Console>" changed cvar (cvar "sv_client_max_interp_ratio") (value "2")
L 07/25/2025 - 14:50:53: SourceMod log file session started (file "/home/steam/game_server/Left_4_Dead_2/left4dead2/addons/sourcemod/logs/L20250725.log") (Version "1.12.0.7207")
L 07/25/2025 - 14:50:53: [basecommands.smx] "Console<0><Console><Console>" changed cvar (cvar "z_difficulty") (value "hard")
L 07/25/2025 - 14:50:53: [basecommands.smx] "Console<0><Console><Console>" changed cvar (cvar "survivor_friendly_fire_factor_hard") (value "0.2")
L 07/25/2025 - 14:50:53: [basecommands.smx] "Console<0><Console><Console>" changed cvar (cvar "survivor_burn_factor_hard") (value "0.5")
L 07/25/2025 - 14:50:53: [basecommands.smx] "Console<0><Console><Console>" changed cvar (cvar "fps_max") (value "144")
L 07/25/2025 - 14:50:53: [basecommands.smx] "Console<0><Console><Console>" changed cvar (cvar "net_splitpacket_maxrate") (value "32000")
L 07/25/2025 - 14:50:53: [basecommands.smx] "Console<0><Console><Console>" changed cvar (cvar "nb_update_frequency") (value "0.024")
L 07/25/2025 - 14:50:53: [basecommands.smx] "Console<0><Console><Console>" changed cvar (cvar "sv_minrate") (value "64000")
L 07/25/2025 - 14:50:53: [basecommands.smx] "Console<0><Console><Console>" changed cvar (cvar "sv_maxrate") (value "64000")
L 07/25/2025 - 14:50:53: [basecommands.smx] "Console<0><Console><Console>" changed cvar (cvar "sv_mincmdrate") (value "64")
L 07/25/2025 - 14:50:53: [basecommands.smx] "Console<0><Console><Console>" changed cvar (cvar "sv_maxcmdrate") (value "64")
L 07/25/2025 - 14:50:53: [basecommands.smx] "Console<0><Console><Console>" changed cvar (cvar "sv_minupdaterate") (value "64")
L 07/25/2025 - 14:50:53: [basecommands.smx] "Console<0><Console><Console>" changed cvar (cvar "sv_maxupdaterate") (value "64")
L 07/25/2025 - 14:50:53: [basecommands.smx] "Console<0><Console><Console>" changed cvar (cvar "sv_client_min_interp_ratio") (value "-1")
L 07/25/2025 - 14:50:53: [basecommands.smx] "Console<0><Console><Console>" changed cvar (cvar "sv_client_max_interp_ratio") (value "2")
L 07/25/2025 - 14:51:38: -------- Mapchange to c1m2_streets --------
L 07/25/2025 - 14:51:40: [basecommands.smx] "Console<0><Console><Console>" changed cvar (cvar "z_difficulty") (value "hard")
L 07/25/2025 - 14:51:40: [basecommands.smx] "Console<0><Console><Console>" changed cvar (cvar "survivor_friendly_fire_factor_hard") (value "0.2")
L 07/25/2025 - 14:51:40: [basecommands.smx] "Console<0><Console><Console>" changed cvar (cvar "survivor_burn_factor_hard") (value "0.5")
L 07/25/2025 - 14:51:40: [basecommands.smx] "Console<0><Console><Console>" changed cvar (cvar "fps_max") (value "144")
L 07/25/2025 - 14:51:40: [basecommands.smx] "Console<0><Console><Console>" changed cvar (cvar "net_splitpacket_maxrate") (value "32000")
L 07/25/2025 - 14:51:40: [basecommands.smx] "Console<0><Console><Console>" changed cvar (cvar "nb_update_frequency") (value "0.024")
L 07/25/2025 - 14:51:40: [basecommands.smx] "Console<0><Console><Console>" changed cvar (cvar "sv_minrate") (value "64000")
L 07/25/2025 - 14:51:40: [basecommands.smx] "Console<0><Console><Console>" changed cvar (cvar "sv_maxrate") (value "64000")
L 07/25/2025 - 14:51:40: [basecommands.smx] "Console<0><Console><Console>" changed cvar (cvar "sv_mincmdrate") (value "64")
L 07/25/2025 - 14:51:40: [basecommands.smx] "Console<0><Console><Console>" changed cvar (cvar "sv_maxcmdrate") (value "64")
L 07/25/2025 - 14:51:40: [basecommands.smx] "Console<0><Console><Console>" changed cvar (cvar "sv_minupdaterate") (value "64")
L 07/25/2025 - 14:51:40: [basecommands.smx] "Console<0><Console><Console>" changed cvar (cvar "sv_maxupdaterate") (value "64")
L 07/25/2025 - 14:51:40: [basecommands.smx] "Console<0><Console><Console>" changed cvar (cvar "sv_client_min_interp_ratio") (value "-1")
L 07/25/2025 - 14:51:40: [basecommands.smx] "Console<0><Console><Console>" changed cvar (cvar "sv_client_max_interp_ratio") (value "2")
L 07/25/2025 - 14:54:18: -------- Mapchange to c1m1_hotel --------
L 07/25/2025 - 14:54:19: [basecommands.smx] "Console<0><Console><Console>" changed cvar (cvar "z_difficulty") (value "hard")
L 07/25/2025 - 14:54:19: [basecommands.smx] "Console<0><Console><Console>" changed cvar (cvar "survivor_friendly_fire_factor_hard") (value "0.2")
L 07/25/2025 - 14:54:19: [basecommands.smx] "Console<0><Console><Console>" changed cvar (cvar "survivor_burn_factor_hard") (value "0.5")
L 07/25/2025 - 14:54:19: [basecommands.smx] "Console<0><Console><Console>" changed cvar (cvar "fps_max") (value "144")
L 07/25/2025 - 14:54:19: [basecommands.smx] "Console<0><Console><Console>" changed cvar (cvar "net_splitpacket_maxrate") (value "32000")
L 07/25/2025 - 14:54:19: [basecommands.smx] "Console<0><Console><Console>" changed cvar (cvar "nb_update_frequency") (value "0.024")
L 07/25/2025 - 14:54:19: [basecommands.smx] "Console<0><Console><Console>" changed cvar (cvar "sv_minrate") (value "64000")
L 07/25/2025 - 14:54:19: [basecommands.smx] "Console<0><Console><Console>" changed cvar (cvar "sv_maxrate") (value "64000")
L 07/25/2025 - 14:54:19: [basecommands.smx] "Console<0><Console><Console>" changed cvar (cvar "sv_mincmdrate") (value "64")
L 07/25/2025 - 14:54:19: [basecommands.smx] "Console<0><Console><Console>" changed cvar (cvar "sv_maxcmdrate") (value "64")
L 07/25/2025 - 14:54:19: [basecommands.smx] "Console<0><Console><Console>" changed cvar (cvar "sv_minupdaterate") (value "64")
L 07/25/2025 - 14:54:19: [basecommands.smx] "Console<0><Console><Console>" changed cvar (cvar "sv_maxupdaterate") (value "64")
L 07/25/2025 - 14:54:19: [basecommands.smx] "Console<0><Console><Console>" changed cvar (cvar "sv_client_min_interp_ratio") (value "-1")
L 07/25/2025 - 14:54:19: [basecommands.smx] "Console<0><Console><Console>" changed cvar (cvar "sv_client_max_interp_ratio") (value "2")
L 07/25/2025 - 14:54:23: Log file closed.
L 07/25/2025 - 14:59:43: SourceMod log file session started (file "/home/steam/game_server/Left_4_Dead_2/left4dead2/addons/sourcemod/logs/L20250725.log") (Version "1.12.0.7207")
L 07/25/2025 - 14:59:43: [basecommands.smx] "Console<0><Console><Console>" changed cvar (cvar "z_difficulty") (value "hard")
L 07/25/2025 - 14:59:43: [basecommands.smx] "Console<0><Console><Console>" changed cvar (cvar "survivor_friendly_fire_factor_hard") (value "0.2")
L 07/25/2025 - 14:59:43: [basecommands.smx] "Console<0><Console><Console>" changed cvar (cvar "survivor_burn_factor_hard") (value "0.5")
L 07/25/2025 - 14:59:43: [basecommands.smx] "Console<0><Console><Console>" changed cvar (cvar "fps_max") (value "144")
L 07/25/2025 - 14:59:43: [basecommands.smx] "Console<0><Console><Console>" changed cvar (cvar "net_splitpacket_maxrate") (value "32000")
L 07/25/2025 - 14:59:43: [basecommands.smx] "Console<0><Console><Console>" changed cvar (cvar "nb_update_frequency") (value "0.024")
L 07/25/2025 - 14:59:43: [basecommands.smx] "Console<0><Console><Console>" changed cvar (cvar "sv_minrate") (value "64000")
L 07/25/2025 - 14:59:43: [basecommands.smx] "Console<0><Console><Console>" changed cvar (cvar "sv_maxrate") (value "64000")
L 07/25/2025 - 14:59:43: [basecommands.smx] "Console<0><Console><Console>" changed cvar (cvar "sv_mincmdrate") (value "64")
L 07/25/2025 - 14:59:43: [basecommands.smx] "Console<0><Console><Console>" changed cvar (cvar "sv_maxcmdrate") (value "64")
L 07/25/2025 - 14:59:43: [basecommands.smx] "Console<0><Console><Console>" changed cvar (cvar "sv_minupdaterate") (value "64")
L 07/25/2025 - 14:59:43: [basecommands.smx] "Console<0><Console><Console>" changed cvar (cvar "sv_maxupdaterate") (value "64")
L 07/25/2025 - 14:59:43: [basecommands.smx] "Console<0><Console><Console>" changed cvar (cvar "sv_client_min_interp_ratio") (value "-1")
L 07/25/2025 - 14:59:43: [basecommands.smx] "Console<0><Console><Console>" changed cvar (cvar "sv_client_max_interp_ratio") (value "2")
L 07/25/2025 - 15:04:41: -------- Mapchange to tumtara --------
L 07/25/2025 - 15:04:42: [basecommands.smx] "Console<0><Console><Console>" changed cvar (cvar "z_difficulty") (value "hard")
L 07/25/2025 - 15:04:42: [basecommands.smx] "Console<0><Console><Console>" changed cvar (cvar "survivor_friendly_fire_factor_hard") (value "0.2")
L 07/25/2025 - 15:04:42: [basecommands.smx] "Console<0><Console><Console>" changed cvar (cvar "survivor_burn_factor_hard") (value "0.5")
L 07/25/2025 - 15:04:42: [basecommands.smx] "Console<0><Console><Console>" changed cvar (cvar "fps_max") (value "144")
L 07/25/2025 - 15:04:42: [basecommands.smx] "Console<0><Console><Console>" changed cvar (cvar "net_splitpacket_maxrate") (value "32000")
L 07/25/2025 - 15:04:42: [basecommands.smx] "Console<0><Console><Console>" changed cvar (cvar "nb_update_frequency") (value "0.024")
L 07/25/2025 - 15:04:42: [basecommands.smx] "Console<0><Console><Console>" changed cvar (cvar "sv_minrate") (value "64000")
L 07/25/2025 - 15:04:42: [basecommands.smx] "Console<0><Console><Console>" changed cvar (cvar "sv_maxrate") (value "64000")
L 07/25/2025 - 15:04:42: [basecommands.smx] "Console<0><Console><Console>" changed cvar (cvar "sv_mincmdrate") (value "64")
L 07/25/2025 - 15:04:42: [basecommands.smx] "Console<0><Console><Console>" changed cvar (cvar "sv_maxcmdrate") (value "64")
L 07/25/2025 - 15:04:42: [basecommands.smx] "Console<0><Console><Console>" changed cvar (cvar "sv_minupdaterate") (value "64")
L 07/25/2025 - 15:04:42: [basecommands.smx] "Console<0><Console><Console>" changed cvar (cvar "sv_maxupdaterate") (value "64")
L 07/25/2025 - 15:04:42: [basecommands.smx] "Console<0><Console><Console>" changed cvar (cvar "sv_client_min_interp_ratio") (value "-1")
L 07/25/2025 - 15:04:42: [basecommands.smx] "Console<0><Console><Console>" changed cvar (cvar "sv_client_max_interp_ratio") (value "2")
L 07/25/2025 - 18:16:34: SourceMod log file session started (file "/home/steam/game_server/Left_4_Dead_2/left4dead2/addons/sourcemod/logs/L20250725.log") (Version "1.12.0.7207")
L 07/25/2025 - 18:16:34: [basecommands.smx] "Console<0><Console><Console>" changed cvar (cvar "z_difficulty") (value "hard")
L 07/25/2025 - 18:16:34: [basecommands.smx] "Console<0><Console><Console>" changed cvar (cvar "survivor_friendly_fire_factor_hard") (value "0.2")
L 07/25/2025 - 18:16:34: [basecommands.smx] "Console<0><Console><Console>" changed cvar (cvar "survivor_burn_factor_hard") (value "0.5")
L 07/25/2025 - 18:16:34: [basecommands.smx] "Console<0><Console><Console>" changed cvar (cvar "fps_max") (value "144")
L 07/25/2025 - 18:16:34: [basecommands.smx] "Console<0><Console><Console>" changed cvar (cvar "net_splitpacket_maxrate") (value "32000")
L 07/25/2025 - 18:16:34: [basecommands.smx] "Console<0><Console><Console>" changed cvar (cvar "nb_update_frequency") (value "0.024")
L 07/25/2025 - 18:16:34: [basecommands.smx] "Console<0><Console><Console>" changed cvar (cvar "sv_minrate") (value "64000")
L 07/25/2025 - 18:16:34: [basecommands.smx] "Console<0><Console><Console>" changed cvar (cvar "sv_maxrate") (value "64000")
L 07/25/2025 - 18:16:34: [basecommands.smx] "Console<0><Console><Console>" changed cvar (cvar "sv_mincmdrate") (value "64")
L 07/25/2025 - 18:16:34: [basecommands.smx] "Console<0><Console><Console>" changed cvar (cvar "sv_maxcmdrate") (value "64")
L 07/25/2025 - 18:16:34: [basecommands.smx] "Console<0><Console><Console>" changed cvar (cvar "sv_minupdaterate") (value "64")
L 07/25/2025 - 18:16:34: [basecommands.smx] "Console<0><Console><Console>" changed cvar (cvar "sv_maxupdaterate") (value "64")
L 07/25/2025 - 18:16:34: [basecommands.smx] "Console<0><Console><Console>" changed cvar (cvar "sv_client_min_interp_ratio") (value "-1")
L 07/25/2025 - 18:16:34: [basecommands.smx] "Console<0><Console><Console>" changed cvar (cvar "sv_client_max_interp_ratio") (value "2")
L 07/25/2025 - 18:18:30: SourceMod log file session started (file "/home/steam/game_server/Left_4_Dead_2/left4dead2/addons/sourcemod/logs/L20250725.log") (Version "1.12.0.7207")
L 07/25/2025 - 18:18:30: [basecommands.smx] "Console<0><Console><Console>" changed cvar (cvar "z_difficulty") (value "hard")
L 07/25/2025 - 18:18:30: [basecommands.smx] "Console<0><Console><Console>" changed cvar (cvar "survivor_friendly_fire_factor_hard") (value "0.2")
L 07/25/2025 - 18:18:30: [basecommands.smx] "Console<0><Console><Console>" changed cvar (cvar "survivor_burn_factor_hard") (value "0.5")
L 07/25/2025 - 18:18:30: [basecommands.smx] "Console<0><Console><Console>" changed cvar (cvar "fps_max") (value "144")
L 07/25/2025 - 18:18:30: [basecommands.smx] "Console<0><Console><Console>" changed cvar (cvar "net_splitpacket_maxrate") (value "32000")
L 07/25/2025 - 18:18:30: [basecommands.smx] "Console<0><Console><Console>" changed cvar (cvar "nb_update_frequency") (value "0.024")
L 07/25/2025 - 18:18:30: [basecommands.smx] "Console<0><Console><Console>" changed cvar (cvar "sv_minrate") (value "64000")
L 07/25/2025 - 18:18:30: [basecommands.smx] "Console<0><Console><Console>" changed cvar (cvar "sv_maxrate") (value "64000")
L 07/25/2025 - 18:18:30: [basecommands.smx] "Console<0><Console><Console>" changed cvar (cvar "sv_mincmdrate") (value "64")
L 07/25/2025 - 18:18:30: [basecommands.smx] "Console<0><Console><Console>" changed cvar (cvar "sv_maxcmdrate") (value "64")
L 07/25/2025 - 18:18:30: [basecommands.smx] "Console<0><Console><Console>" changed cvar (cvar "sv_minupdaterate") (value "64")
L 07/25/2025 - 18:18:30: [basecommands.smx] "Console<0><Console><Console>" changed cvar (cvar "sv_maxupdaterate") (value "64")
L 07/25/2025 - 18:18:30: [basecommands.smx] "Console<0><Console><Console>" changed cvar (cvar "sv_client_min_interp_ratio") (value "-1")
L 07/25/2025 - 18:18:30: [basecommands.smx] "Console<0><Console><Console>" changed cvar (cvar "sv_client_max_interp_ratio") (value "2")
L 07/25/2025 - 18:23:13: SourceMod log file session started (file "/home/steam/game_server/Left_4_Dead_2/left4dead2/addons/sourcemod/logs/L20250725.log") (Version "1.12.0.7207")
L 07/25/2025 - 18:23:13: [basecommands.smx] "Console<0><Console><Console>" changed cvar (cvar "z_difficulty") (value "hard")
L 07/25/2025 - 18:23:13: [basecommands.smx] "Console<0><Console><Console>" changed cvar (cvar "survivor_friendly_fire_factor_hard") (value "0.2")
L 07/25/2025 - 18:23:13: [basecommands.smx] "Console<0><Console><Console>" changed cvar (cvar "survivor_burn_factor_hard") (value "0.5")
L 07/25/2025 - 18:23:13: [basecommands.smx] "Console<0><Console><Console>" changed cvar (cvar "fps_max") (value "144")
L 07/25/2025 - 18:23:13: [basecommands.smx] "Console<0><Console><Console>" changed cvar (cvar "net_splitpacket_maxrate") (value "32000")
L 07/25/2025 - 18:23:13: [basecommands.smx] "Console<0><Console><Console>" changed cvar (cvar "nb_update_frequency") (value "0.024")
L 07/25/2025 - 18:23:13: [basecommands.smx] "Console<0><Console><Console>" changed cvar (cvar "sv_minrate") (value "64000")
L 07/25/2025 - 18:23:13: [basecommands.smx] "Console<0><Console><Console>" changed cvar (cvar "sv_maxrate") (value "64000")
L 07/25/2025 - 18:23:13: [basecommands.smx] "Console<0><Console><Console>" changed cvar (cvar "sv_mincmdrate") (value "64")
L 07/25/2025 - 18:23:13: [basecommands.smx] "Console<0><Console><Console>" changed cvar (cvar "sv_maxcmdrate") (value "64")
L 07/25/2025 - 18:23:13: [basecommands.smx] "Console<0><Console><Console>" changed cvar (cvar "sv_minupdaterate") (value "64")
L 07/25/2025 - 18:23:13: [basecommands.smx] "Console<0><Console><Console>" changed cvar (cvar "sv_maxupdaterate") (value "64")
L 07/25/2025 - 18:23:13: [basecommands.smx] "Console<0><Console><Console>" changed cvar (cvar "sv_client_min_interp_ratio") (value "-1")
L 07/25/2025 - 18:23:13: [basecommands.smx] "Console<0><Console><Console>" changed cvar (cvar "sv_client_max_interp_ratio") (value "2")
L 07/25/2025 - 18:54:26: SourceMod log file session started (file "/home/steam/game_server/Left_4_Dead_2/left4dead2/addons/sourcemod/logs/L20250725.log") (Version "1.12.0.7207")
L 07/25/2025 - 18:54:26: [basecommands.smx] "Console<0><Console><Console>" changed cvar (cvar "z_difficulty") (value "hard")
L 07/25/2025 - 18:54:26: [basecommands.smx] "Console<0><Console><Console>" changed cvar (cvar "survivor_friendly_fire_factor_hard") (value "0.2")
L 07/25/2025 - 18:54:26: [basecommands.smx] "Console<0><Console><Console>" changed cvar (cvar "survivor_burn_factor_hard") (value "0.5")
L 07/25/2025 - 18:54:26: [basecommands.smx] "Console<0><Console><Console>" changed cvar (cvar "fps_max") (value "144")
L 07/25/2025 - 18:54:26: [basecommands.smx] "Console<0><Console><Console>" changed cvar (cvar "net_splitpacket_maxrate") (value "32000")
L 07/25/2025 - 18:54:26: [basecommands.smx] "Console<0><Console><Console>" changed cvar (cvar "nb_update_frequency") (value "0.024")
L 07/25/2025 - 18:54:26: [basecommands.smx] "Console<0><Console><Console>" changed cvar (cvar "sv_minrate") (value "64000")
L 07/25/2025 - 18:54:26: [basecommands.smx] "Console<0><Console><Console>" changed cvar (cvar "sv_maxrate") (value "64000")
L 07/25/2025 - 18:54:26: [basecommands.smx] "Console<0><Console><Console>" changed cvar (cvar "sv_mincmdrate") (value "64")
L 07/25/2025 - 18:54:26: [basecommands.smx] "Console<0><Console><Console>" changed cvar (cvar "sv_maxcmdrate") (value "64")
L 07/25/2025 - 18:54:26: [basecommands.smx] "Console<0><Console><Console>" changed cvar (cvar "sv_minupdaterate") (value "64")
L 07/25/2025 - 18:54:26: [basecommands.smx] "Console<0><Console><Console>" changed cvar (cvar "sv_maxupdaterate") (value "64")
L 07/25/2025 - 18:54:26: [basecommands.smx] "Console<0><Console><Console>" changed cvar (cvar "sv_client_min_interp_ratio") (value "-1")
L 07/25/2025 - 18:54:26: [basecommands.smx] "Console<0><Console><Console>" changed cvar (cvar "sv_client_max_interp_ratio") (value "2")
L 07/25/2025 - 19:23:27: SourceMod log file session started (file "/home/steam/game_server/Left_4_Dead_2/left4dead2/addons/sourcemod/logs/L20250725.log") (Version "1.12.0.7207")
L 07/25/2025 - 19:23:27: [basecommands.smx] "Console<0><Console><Console>" changed cvar (cvar "z_difficulty") (value "hard")
L 07/25/2025 - 19:23:27: [basecommands.smx] "Console<0><Console><Console>" changed cvar (cvar "survivor_friendly_fire_factor_hard") (value "0.2")
L 07/25/2025 - 19:23:27: [basecommands.smx] "Console<0><Console><Console>" changed cvar (cvar "survivor_burn_factor_hard") (value "0.5")
L 07/25/2025 - 19:23:27: [basecommands.smx] "Console<0><Console><Console>" changed cvar (cvar "fps_max") (value "144")
L 07/25/2025 - 19:23:27: [basecommands.smx] "Console<0><Console><Console>" changed cvar (cvar "net_splitpacket_maxrate") (value "32000")
L 07/25/2025 - 19:23:27: [basecommands.smx] "Console<0><Console><Console>" changed cvar (cvar "nb_update_frequency") (value "0.024")
L 07/25/2025 - 19:23:27: [basecommands.smx] "Console<0><Console><Console>" changed cvar (cvar "sv_minrate") (value "64000")
L 07/25/2025 - 19:23:27: [basecommands.smx] "Console<0><Console><Console>" changed cvar (cvar "sv_maxrate") (value "64000")
L 07/25/2025 - 19:23:27: [basecommands.smx] "Console<0><Console><Console>" changed cvar (cvar "sv_mincmdrate") (value "64")
L 07/25/2025 - 19:23:27: [basecommands.smx] "Console<0><Console><Console>" changed cvar (cvar "sv_maxcmdrate") (value "64")
L 07/25/2025 - 19:23:27: [basecommands.smx] "Console<0><Console><Console>" changed cvar (cvar "sv_minupdaterate") (value "64")
L 07/25/2025 - 19:23:27: [basecommands.smx] "Console<0><Console><Console>" changed cvar (cvar "sv_maxupdaterate") (value "64")
L 07/25/2025 - 19:23:27: [basecommands.smx] "Console<0><Console><Console>" changed cvar (cvar "sv_client_min_interp_ratio") (value "-1")
L 07/25/2025 - 19:23:27: [basecommands.smx] "Console<0><Console><Console>" changed cvar (cvar "sv_client_max_interp_ratio") (value "2")
L 07/25/2025 - 19:30:07: SourceMod log file session started (file "/home/steam/game_server/Left_4_Dead_2/left4dead2/addons/sourcemod/logs/L20250725.log") (Version "1.12.0.7207")
L 07/25/2025 - 19:30:07: [basecommands.smx] "Console<0><Console><Console>" changed cvar (cvar "z_difficulty") (value "hard")
L 07/25/2025 - 19:30:07: [basecommands.smx] "Console<0><Console><Console>" changed cvar (cvar "survivor_friendly_fire_factor_hard") (value "0.2")
L 07/25/2025 - 19:30:07: [basecommands.smx] "Console<0><Console><Console>" changed cvar (cvar "survivor_burn_factor_hard") (value "0.5")
L 07/25/2025 - 19:30:07: [basecommands.smx] "Console<0><Console><Console>" changed cvar (cvar "fps_max") (value "144")
L 07/25/2025 - 19:30:07: [basecommands.smx] "Console<0><Console><Console>" changed cvar (cvar "net_splitpacket_maxrate") (value "32000")
L 07/25/2025 - 19:30:07: [basecommands.smx] "Console<0><Console><Console>" changed cvar (cvar "nb_update_frequency") (value "0.024")
L 07/25/2025 - 19:30:07: [basecommands.smx] "Console<0><Console><Console>" changed cvar (cvar "sv_minrate") (value "64000")
L 07/25/2025 - 19:30:07: [basecommands.smx] "Console<0><Console><Console>" changed cvar (cvar "sv_maxrate") (value "64000")
L 07/25/2025 - 19:30:07: [basecommands.smx] "Console<0><Console><Console>" changed cvar (cvar "sv_mincmdrate") (value "64")
L 07/25/2025 - 19:30:07: [basecommands.smx] "Console<0><Console><Console>" changed cvar (cvar "sv_maxcmdrate") (value "64")
L 07/25/2025 - 19:30:07: [basecommands.smx] "Console<0><Console><Console>" changed cvar (cvar "sv_minupdaterate") (value "64")
L 07/25/2025 - 19:30:07: [basecommands.smx] "Console<0><Console><Console>" changed cvar (cvar "sv_maxupdaterate") (value "64")
L 07/25/2025 - 19:30:07: [basecommands.smx] "Console<0><Console><Console>" changed cvar (cvar "sv_client_min_interp_ratio") (value "-1")
L 07/25/2025 - 19:30:07: [basecommands.smx] "Console<0><Console><Console>" changed cvar (cvar "sv_client_max_interp_ratio") (value "2")
L 07/25/2025 - 21:06:02: SourceMod log file session started (file "/home/steam/game_server/Left_4_Dead_2/left4dead2/addons/sourcemod/logs/L20250725.log") (Version "1.12.0.7207")
L 07/25/2025 - 21:06:02: [basecommands.smx] "Console<0><Console><Console>" changed cvar (cvar "z_difficulty") (value "hard")
L 07/25/2025 - 21:06:02: [basecommands.smx] "Console<0><Console><Console>" changed cvar (cvar "survivor_friendly_fire_factor_hard") (value "0.2")
L 07/25/2025 - 21:06:02: [basecommands.smx] "Console<0><Console><Console>" changed cvar (cvar "survivor_burn_factor_hard") (value "0.5")
L 07/25/2025 - 21:06:02: [basecommands.smx] "Console<0><Console><Console>" changed cvar (cvar "fps_max") (value "144")
L 07/25/2025 - 21:06:02: [basecommands.smx] "Console<0><Console><Console>" changed cvar (cvar "net_splitpacket_maxrate") (value "32000")
L 07/25/2025 - 21:06:02: [basecommands.smx] "Console<0><Console><Console>" changed cvar (cvar "nb_update_frequency") (value "0.024")
L 07/25/2025 - 21:06:02: [basecommands.smx] "Console<0><Console><Console>" changed cvar (cvar "sv_minrate") (value "64000")
L 07/25/2025 - 21:06:02: [basecommands.smx] "Console<0><Console><Console>" changed cvar (cvar "sv_maxrate") (value "64000")
L 07/25/2025 - 21:06:02: [basecommands.smx] "Console<0><Console><Console>" changed cvar (cvar "sv_mincmdrate") (value "64")
L 07/25/2025 - 21:06:02: [basecommands.smx] "Console<0><Console><Console>" changed cvar (cvar "sv_maxcmdrate") (value "64")
L 07/25/2025 - 21:06:02: [basecommands.smx] "Console<0><Console><Console>" changed cvar (cvar "sv_minupdaterate") (value "64")
L 07/25/2025 - 21:06:02: [basecommands.smx] "Console<0><Console><Console>" changed cvar (cvar "sv_maxupdaterate") (value "64")
L 07/25/2025 - 21:06:02: [basecommands.smx] "Console<0><Console><Console>" changed cvar (cvar "sv_client_min_interp_ratio") (value "-1")
L 07/25/2025 - 21:06:02: [basecommands.smx] "Console<0><Console><Console>" changed cvar (cvar "sv_client_max_interp_ratio") (value "2")
L 07/25/2025 - 21:08:29: SourceMod log file session started (file "/home/steam/game_server/Left_4_Dead_2/left4dead2/addons/sourcemod/logs/L20250725.log") (Version "1.12.0.7207")
L 07/25/2025 - 21:08:29: [basecommands.smx] "Console<0><Console><Console>" changed cvar (cvar "z_difficulty") (value "hard")
L 07/25/2025 - 21:08:29: [basecommands.smx] "Console<0><Console><Console>" changed cvar (cvar "survivor_friendly_fire_factor_hard") (value "0.2")
L 07/25/2025 - 21:08:29: [basecommands.smx] "Console<0><Console><Console>" changed cvar (cvar "survivor_burn_factor_hard") (value "0.5")
L 07/25/2025 - 21:08:29: [basecommands.smx] "Console<0><Console><Console>" changed cvar (cvar "fps_max") (value "144")
L 07/25/2025 - 21:08:29: [basecommands.smx] "Console<0><Console><Console>" changed cvar (cvar "net_splitpacket_maxrate") (value "32000")
L 07/25/2025 - 21:08:29: [basecommands.smx] "Console<0><Console><Console>" changed cvar (cvar "nb_update_frequency") (value "0.024")
L 07/25/2025 - 21:08:29: [basecommands.smx] "Console<0><Console><Console>" changed cvar (cvar "sv_minrate") (value "64000")
L 07/25/2025 - 21:08:29: [basecommands.smx] "Console<0><Console><Console>" changed cvar (cvar "sv_maxrate") (value "64000")
L 07/25/2025 - 21:08:29: [basecommands.smx] "Console<0><Console><Console>" changed cvar (cvar "sv_mincmdrate") (value "64")
L 07/25/2025 - 21:08:29: [basecommands.smx] "Console<0><Console><Console>" changed cvar (cvar "sv_maxcmdrate") (value "64")
L 07/25/2025 - 21:08:29: [basecommands.smx] "Console<0><Console><Console>" changed cvar (cvar "sv_minupdaterate") (value "64")
L 07/25/2025 - 21:08:29: [basecommands.smx] "Console<0><Console><Console>" changed cvar (cvar "sv_maxupdaterate") (value "64")
L 07/25/2025 - 21:08:29: [basecommands.smx] "Console<0><Console><Console>" changed cvar (cvar "sv_client_min_interp_ratio") (value "-1")
L 07/25/2025 - 21:08:29: [basecommands.smx] "Console<0><Console><Console>" changed cvar (cvar "sv_client_max_interp_ratio") (value "2")
L 07/25/2025 - 21:20:19: SourceMod log file session started (file "/home/steam/game_server/Left_4_Dead_2/left4dead2/addons/sourcemod/logs/L20250725.log") (Version "1.12.0.7207")
L 07/25/2025 - 21:20:19: [basecommands.smx] "Console<0><Console><Console>" changed cvar (cvar "z_difficulty") (value "hard")
L 07/25/2025 - 21:20:19: [basecommands.smx] "Console<0><Console><Console>" changed cvar (cvar "survivor_friendly_fire_factor_hard") (value "0.2")
L 07/25/2025 - 21:20:19: [basecommands.smx] "Console<0><Console><Console>" changed cvar (cvar "survivor_burn_factor_hard") (value "0.5")
L 07/25/2025 - 21:20:19: [basecommands.smx] "Console<0><Console><Console>" changed cvar (cvar "fps_max") (value "144")
L 07/25/2025 - 21:20:19: [basecommands.smx] "Console<0><Console><Console>" changed cvar (cvar "net_splitpacket_maxrate") (value "32000")
L 07/25/2025 - 21:20:19: [basecommands.smx] "Console<0><Console><Console>" changed cvar (cvar "nb_update_frequency") (value "0.024")
L 07/25/2025 - 21:20:19: [basecommands.smx] "Console<0><Console><Console>" changed cvar (cvar "sv_minrate") (value "64000")
L 07/25/2025 - 21:20:19: [basecommands.smx] "Console<0><Console><Console>" changed cvar (cvar "sv_maxrate") (value "64000")
L 07/25/2025 - 21:20:19: [basecommands.smx] "Console<0><Console><Console>" changed cvar (cvar "sv_mincmdrate") (value "64")
L 07/25/2025 - 21:20:19: [basecommands.smx] "Console<0><Console><Console>" changed cvar (cvar "sv_maxcmdrate") (value "64")
L 07/25/2025 - 21:20:19: [basecommands.smx] "Console<0><Console><Console>" changed cvar (cvar "sv_minupdaterate") (value "64")
L 07/25/2025 - 21:20:19: [basecommands.smx] "Console<0><Console><Console>" changed cvar (cvar "sv_maxupdaterate") (value "64")
L 07/25/2025 - 21:20:19: [basecommands.smx] "Console<0><Console><Console>" changed cvar (cvar "sv_client_min_interp_ratio") (value "-1")
L 07/25/2025 - 21:20:19: [basecommands.smx] "Console<0><Console><Console>" changed cvar (cvar "sv_client_max_interp_ratio") (value "2")
L 07/25/2025 - 21:22:04: SourceMod log file session started (file "/home/steam/game_server/Left_4_Dead_2/left4dead2/addons/sourcemod/logs/L20250725.log") (Version "1.12.0.7207")
L 07/25/2025 - 21:22:04: [basecommands.smx] "Console<0><Console><Console>" changed cvar (cvar "z_difficulty") (value "hard")
L 07/25/2025 - 21:22:04: [basecommands.smx] "Console<0><Console><Console>" changed cvar (cvar "survivor_friendly_fire_factor_hard") (value "0.2")
L 07/25/2025 - 21:22:04: [basecommands.smx] "Console<0><Console><Console>" changed cvar (cvar "survivor_burn_factor_hard") (value "0.5")
L 07/25/2025 - 21:22:04: [basecommands.smx] "Console<0><Console><Console>" changed cvar (cvar "fps_max") (value "144")
L 07/25/2025 - 21:22:04: [basecommands.smx] "Console<0><Console><Console>" changed cvar (cvar "net_splitpacket_maxrate") (value "32000")
L 07/25/2025 - 21:22:04: [basecommands.smx] "Console<0><Console><Console>" changed cvar (cvar "nb_update_frequency") (value "0.024")
L 07/25/2025 - 21:22:04: [basecommands.smx] "Console<0><Console><Console>" changed cvar (cvar "sv_minrate") (value "64000")
L 07/25/2025 - 21:22:04: [basecommands.smx] "Console<0><Console><Console>" changed cvar (cvar "sv_maxrate") (value "64000")
L 07/25/2025 - 21:22:04: [basecommands.smx] "Console<0><Console><Console>" changed cvar (cvar "sv_mincmdrate") (value "64")
L 07/25/2025 - 21:22:04: [basecommands.smx] "Console<0><Console><Console>" changed cvar (cvar "sv_maxcmdrate") (value "64")
L 07/25/2025 - 21:22:04: [basecommands.smx] "Console<0><Console><Console>" changed cvar (cvar "sv_minupdaterate") (value "64")
L 07/25/2025 - 21:22:04: [basecommands.smx] "Console<0><Console><Console>" changed cvar (cvar "sv_maxupdaterate") (value "64")
L 07/25/2025 - 21:22:04: [basecommands.smx] "Console<0><Console><Console>" changed cvar (cvar "sv_client_min_interp_ratio") (value "-1")
L 07/25/2025 - 21:22:04: [basecommands.smx] "Console<0><Console><Console>" changed cvar (cvar "sv_client_max_interp_ratio") (value "2")
L 07/25/2025 - 21:22:42: SourceMod log file session started (file "/home/steam/game_server/Left_4_Dead_2/left4dead2/addons/sourcemod/logs/L20250725.log") (Version "1.12.0.7207")
L 07/25/2025 - 21:22:42: [basecommands.smx] "Console<0><Console><Console>" changed cvar (cvar "z_difficulty") (value "hard")
L 07/25/2025 - 21:22:42: [basecommands.smx] "Console<0><Console><Console>" changed cvar (cvar "survivor_friendly_fire_factor_hard") (value "0.2")
L 07/25/2025 - 21:22:42: [basecommands.smx] "Console<0><Console><Console>" changed cvar (cvar "survivor_burn_factor_hard") (value "0.5")
L 07/25/2025 - 21:22:42: [basecommands.smx] "Console<0><Console><Console>" changed cvar (cvar "fps_max") (value "144")
L 07/25/2025 - 21:22:42: [basecommands.smx] "Console<0><Console><Console>" changed cvar (cvar "net_splitpacket_maxrate") (value "32000")
L 07/25/2025 - 21:22:42: [basecommands.smx] "Console<0><Console><Console>" changed cvar (cvar "nb_update_frequency") (value "0.024")
L 07/25/2025 - 21:22:42: [basecommands.smx] "Console<0><Console><Console>" changed cvar (cvar "sv_minrate") (value "64000")
L 07/25/2025 - 21:22:42: [basecommands.smx] "Console<0><Console><Console>" changed cvar (cvar "sv_maxrate") (value "64000")
L 07/25/2025 - 21:22:42: [basecommands.smx] "Console<0><Console><Console>" changed cvar (cvar "sv_mincmdrate") (value "64")
L 07/25/2025 - 21:22:42: [basecommands.smx] "Console<0><Console><Console>" changed cvar (cvar "sv_maxcmdrate") (value "64")
L 07/25/2025 - 21:22:42: [basecommands.smx] "Console<0><Console><Console>" changed cvar (cvar "sv_minupdaterate") (value "64")
L 07/25/2025 - 21:22:42: [basecommands.smx] "Console<0><Console><Console>" changed cvar (cvar "sv_maxupdaterate") (value "64")
L 07/25/2025 - 21:22:42: [basecommands.smx] "Console<0><Console><Console>" changed cvar (cvar "sv_client_min_interp_ratio") (value "-1")
L 07/25/2025 - 21:22:42: [basecommands.smx] "Console<0><Console><Console>" changed cvar (cvar "sv_client_max_interp_ratio") (value "2")
L 07/25/2025 - 21:39:05: -------- Mapchange to tumtara --------
L 07/25/2025 - 21:39:06: [basecommands.smx] "Console<0><Console><Console>" changed cvar (cvar "z_difficulty") (value "hard")
L 07/25/2025 - 21:39:06: [basecommands.smx] "Console<0><Console><Console>" changed cvar (cvar "survivor_friendly_fire_factor_hard") (value "0.2")
L 07/25/2025 - 21:39:06: [basecommands.smx] "Console<0><Console><Console>" changed cvar (cvar "survivor_burn_factor_hard") (value "0.5")
L 07/25/2025 - 21:39:06: [basecommands.smx] "Console<0><Console><Console>" changed cvar (cvar "fps_max") (value "144")
L 07/25/2025 - 21:39:06: [basecommands.smx] "Console<0><Console><Console>" changed cvar (cvar "net_splitpacket_maxrate") (value "32000")
L 07/25/2025 - 21:39:06: [basecommands.smx] "Console<0><Console><Console>" changed cvar (cvar "nb_update_frequency") (value "0.024")
L 07/25/2025 - 21:39:06: [basecommands.smx] "Console<0><Console><Console>" changed cvar (cvar "sv_minrate") (value "64000")
L 07/25/2025 - 21:39:06: [basecommands.smx] "Console<0><Console><Console>" changed cvar (cvar "sv_maxrate") (value "64000")
L 07/25/2025 - 21:39:06: [basecommands.smx] "Console<0><Console><Console>" changed cvar (cvar "sv_mincmdrate") (value "64")
L 07/25/2025 - 21:39:06: [basecommands.smx] "Console<0><Console><Console>" changed cvar (cvar "sv_maxcmdrate") (value "64")
L 07/25/2025 - 21:39:06: [basecommands.smx] "Console<0><Console><Console>" changed cvar (cvar "sv_minupdaterate") (value "64")
L 07/25/2025 - 21:39:06: [basecommands.smx] "Console<0><Console><Console>" changed cvar (cvar "sv_maxupdaterate") (value "64")
L 07/25/2025 - 21:39:06: [basecommands.smx] "Console<0><Console><Console>" changed cvar (cvar "sv_client_min_interp_ratio") (value "-1")
L 07/25/2025 - 21:39:06: [basecommands.smx] "Console<0><Console><Console>" changed cvar (cvar "sv_client_max_interp_ratio") (value "2")
L 07/25/2025 - 21:44:23: SourceMod log file session started (file "/home/steam/game_server/Left_4_Dead_2/left4dead2/addons/sourcemod/logs/L20250725.log") (Version "1.12.0.7207")
L 07/25/2025 - 21:44:23: [basecommands.smx] "Console<0><Console><Console>" changed cvar (cvar "z_difficulty") (value "hard")
L 07/25/2025 - 21:44:23: [basecommands.smx] "Console<0><Console><Console>" changed cvar (cvar "survivor_friendly_fire_factor_hard") (value "0.2")
L 07/25/2025 - 21:44:23: [basecommands.smx] "Console<0><Console><Console>" changed cvar (cvar "survivor_burn_factor_hard") (value "0.5")
L 07/25/2025 - 21:44:23: [basecommands.smx] "Console<0><Console><Console>" changed cvar (cvar "fps_max") (value "144")
L 07/25/2025 - 21:44:23: [basecommands.smx] "Console<0><Console><Console>" changed cvar (cvar "net_splitpacket_maxrate") (value "32000")
L 07/25/2025 - 21:44:23: [basecommands.smx] "Console<0><Console><Console>" changed cvar (cvar "nb_update_frequency") (value "0.024")
L 07/25/2025 - 21:44:23: [basecommands.smx] "Console<0><Console><Console>" changed cvar (cvar "sv_minrate") (value "64000")
L 07/25/2025 - 21:44:23: [basecommands.smx] "Console<0><Console><Console>" changed cvar (cvar "sv_maxrate") (value "64000")
L 07/25/2025 - 21:44:23: [basecommands.smx] "Console<0><Console><Console>" changed cvar (cvar "sv_mincmdrate") (value "64")
L 07/25/2025 - 21:44:23: [basecommands.smx] "Console<0><Console><Console>" changed cvar (cvar "sv_maxcmdrate") (value "64")
L 07/25/2025 - 21:44:23: [basecommands.smx] "Console<0><Console><Console>" changed cvar (cvar "sv_minupdaterate") (value "64")
L 07/25/2025 - 21:44:23: [basecommands.smx] "Console<0><Console><Console>" changed cvar (cvar "sv_maxupdaterate") (value "64")
L 07/25/2025 - 21:44:23: [basecommands.smx] "Console<0><Console><Console>" changed cvar (cvar "sv_client_min_interp_ratio") (value "-1")
L 07/25/2025 - 21:44:23: [basecommands.smx] "Console<0><Console><Console>" changed cvar (cvar "sv_client_max_interp_ratio") (value "2")
L 07/25/2025 - 21:45:23: -------- Mapchange to tumtara --------
L 07/25/2025 - 21:45:24: [basecommands.smx] "Console<0><Console><Console>" changed cvar (cvar "z_difficulty") (value "hard")
L 07/25/2025 - 21:45:24: [basecommands.smx] "Console<0><Console><Console>" changed cvar (cvar "survivor_friendly_fire_factor_hard") (value "0.2")
L 07/25/2025 - 21:45:24: [basecommands.smx] "Console<0><Console><Console>" changed cvar (cvar "survivor_burn_factor_hard") (value "0.5")
L 07/25/2025 - 21:45:24: [basecommands.smx] "Console<0><Console><Console>" changed cvar (cvar "fps_max") (value "144")
L 07/25/2025 - 21:45:24: [basecommands.smx] "Console<0><Console><Console>" changed cvar (cvar "net_splitpacket_maxrate") (value "32000")
L 07/25/2025 - 21:45:24: [basecommands.smx] "Console<0><Console><Console>" changed cvar (cvar "nb_update_frequency") (value "0.024")
L 07/25/2025 - 21:45:24: [basecommands.smx] "Console<0><Console><Console>" changed cvar (cvar "sv_minrate") (value "64000")
L 07/25/2025 - 21:45:24: [basecommands.smx] "Console<0><Console><Console>" changed cvar (cvar "sv_maxrate") (value "64000")
L 07/25/2025 - 21:45:24: [basecommands.smx] "Console<0><Console><Console>" changed cvar (cvar "sv_mincmdrate") (value "64")
L 07/25/2025 - 21:45:24: [basecommands.smx] "Console<0><Console><Console>" changed cvar (cvar "sv_maxcmdrate") (value "64")
L 07/25/2025 - 21:45:24: [basecommands.smx] "Console<0><Console><Console>" changed cvar (cvar "sv_minupdaterate") (value "64")
L 07/25/2025 - 21:45:24: [basecommands.smx] "Console<0><Console><Console>" changed cvar (cvar "sv_maxupdaterate") (value "64")
L 07/25/2025 - 21:45:24: [basecommands.smx] "Console<0><Console><Console>" changed cvar (cvar "sv_client_min_interp_ratio") (value "-1")
L 07/25/2025 - 21:45:24: [basecommands.smx] "Console<0><Console><Console>" changed cvar (cvar "sv_client_max_interp_ratio") (value "2")
L 07/25/2025 - 23:02:20: SourceMod log file session started (file "/home/steam/game_server/Left_4_Dead_2/left4dead2/addons/sourcemod/logs/L20250725.log") (Version "1.12.0.7207")
L 07/25/2025 - 23:02:20: [basecommands.smx] "Console<0><Console><Console>" changed cvar (cvar "z_difficulty") (value "hard")
L 07/25/2025 - 23:02:20: [basecommands.smx] "Console<0><Console><Console>" changed cvar (cvar "survivor_friendly_fire_factor_hard") (value "0.2")
L 07/25/2025 - 23:02:20: [basecommands.smx] "Console<0><Console><Console>" changed cvar (cvar "survivor_burn_factor_hard") (value "0.5")
L 07/25/2025 - 23:02:20: [basecommands.smx] "Console<0><Console><Console>" changed cvar (cvar "fps_max") (value "144")
L 07/25/2025 - 23:02:20: [basecommands.smx] "Console<0><Console><Console>" changed cvar (cvar "net_splitpacket_maxrate") (value "32000")
L 07/25/2025 - 23:02:20: [basecommands.smx] "Console<0><Console><Console>" changed cvar (cvar "nb_update_frequency") (value "0.024")
L 07/25/2025 - 23:02:20: [basecommands.smx] "Console<0><Console><Console>" changed cvar (cvar "sv_minrate") (value "64000")
L 07/25/2025 - 23:02:20: [basecommands.smx] "Console<0><Console><Console>" changed cvar (cvar "sv_maxrate") (value "64000")
L 07/25/2025 - 23:02:20: [basecommands.smx] "Console<0><Console><Console>" changed cvar (cvar "sv_mincmdrate") (value "64")
L 07/25/2025 - 23:02:20: [basecommands.smx] "Console<0><Console><Console>" changed cvar (cvar "sv_maxcmdrate") (value "64")
L 07/25/2025 - 23:02:20: [basecommands.smx] "Console<0><Console><Console>" changed cvar (cvar "sv_minupdaterate") (value "64")
L 07/25/2025 - 23:02:20: [basecommands.smx] "Console<0><Console><Console>" changed cvar (cvar "sv_maxupdaterate") (value "64")
L 07/25/2025 - 23:02:20: [basecommands.smx] "Console<0><Console><Console>" changed cvar (cvar "sv_client_min_interp_ratio") (value "-1")
L 07/25/2025 - 23:02:20: [basecommands.smx] "Console<0><Console><Console>" changed cvar (cvar "sv_client_max_interp_ratio") (value "2")
L 07/25/2025 - 23:04:25: -------- Mapchange to l4d2_bts01_forest --------
L 07/25/2025 - 23:04:30: [basecommands.smx] "Console<0><Console><Console>" changed cvar (cvar "z_difficulty") (value "hard")
L 07/25/2025 - 23:04:30: [basecommands.smx] "Console<0><Console><Console>" changed cvar (cvar "survivor_friendly_fire_factor_hard") (value "0.2")
L 07/25/2025 - 23:04:30: [basecommands.smx] "Console<0><Console><Console>" changed cvar (cvar "survivor_burn_factor_hard") (value "0.5")
L 07/25/2025 - 23:04:30: [basecommands.smx] "Console<0><Console><Console>" changed cvar (cvar "fps_max") (value "144")
L 07/25/2025 - 23:04:30: [basecommands.smx] "Console<0><Console><Console>" changed cvar (cvar "net_splitpacket_maxrate") (value "32000")
L 07/25/2025 - 23:04:30: [basecommands.smx] "Console<0><Console><Console>" changed cvar (cvar "nb_update_frequency") (value "0.024")
L 07/25/2025 - 23:04:30: [basecommands.smx] "Console<0><Console><Console>" changed cvar (cvar "sv_minrate") (value "64000")
L 07/25/2025 - 23:04:30: [basecommands.smx] "Console<0><Console><Console>" changed cvar (cvar "sv_maxrate") (value "64000")
L 07/25/2025 - 23:04:30: [basecommands.smx] "Console<0><Console><Console>" changed cvar (cvar "sv_mincmdrate") (value "64")
L 07/25/2025 - 23:04:30: [basecommands.smx] "Console<0><Console><Console>" changed cvar (cvar "sv_maxcmdrate") (value "64")
L 07/25/2025 - 23:04:30: [basecommands.smx] "Console<0><Console><Console>" changed cvar (cvar "sv_minupdaterate") (value "64")
L 07/25/2025 - 23:04:30: [basecommands.smx] "Console<0><Console><Console>" changed cvar (cvar "sv_maxupdaterate") (value "64")
L 07/25/2025 - 23:04:30: [basecommands.smx] "Console<0><Console><Console>" changed cvar (cvar "sv_client_min_interp_ratio") (value "-1")
L 07/25/2025 - 23:04:30: [basecommands.smx] "Console<0><Console><Console>" changed cvar (cvar "sv_client_max_interp_ratio") (value "2")
L 07/25/2025 - 23:16:01: -------- Mapchange to l4d2_bts01_forest --------
L 07/25/2025 - 23:16:05: [basecommands.smx] "Console<0><Console><Console>" changed cvar (cvar "z_difficulty") (value "hard")
L 07/25/2025 - 23:16:05: [basecommands.smx] "Console<0><Console><Console>" changed cvar (cvar "survivor_friendly_fire_factor_hard") (value "0.2")
L 07/25/2025 - 23:16:05: [basecommands.smx] "Console<0><Console><Console>" changed cvar (cvar "survivor_burn_factor_hard") (value "0.5")
L 07/25/2025 - 23:16:05: [basecommands.smx] "Console<0><Console><Console>" changed cvar (cvar "fps_max") (value "144")
L 07/25/2025 - 23:16:05: [basecommands.smx] "Console<0><Console><Console>" changed cvar (cvar "net_splitpacket_maxrate") (value "32000")
L 07/25/2025 - 23:16:05: [basecommands.smx] "Console<0><Console><Console>" changed cvar (cvar "nb_update_frequency") (value "0.024")
L 07/25/2025 - 23:16:05: [basecommands.smx] "Console<0><Console><Console>" changed cvar (cvar "sv_minrate") (value "64000")
L 07/25/2025 - 23:16:05: [basecommands.smx] "Console<0><Console><Console>" changed cvar (cvar "sv_maxrate") (value "64000")
L 07/25/2025 - 23:16:05: [basecommands.smx] "Console<0><Console><Console>" changed cvar (cvar "sv_mincmdrate") (value "64")
L 07/25/2025 - 23:16:05: [basecommands.smx] "Console<0><Console><Console>" changed cvar (cvar "sv_maxcmdrate") (value "64")
L 07/25/2025 - 23:16:05: [basecommands.smx] "Console<0><Console><Console>" changed cvar (cvar "sv_minupdaterate") (value "64")
L 07/25/2025 - 23:16:05: [basecommands.smx] "Console<0><Console><Console>" changed cvar (cvar "sv_maxupdaterate") (value "64")
L 07/25/2025 - 23:16:05: [basecommands.smx] "Console<0><Console><Console>" changed cvar (cvar "sv_client_min_interp_ratio") (value "-1")
L 07/25/2025 - 23:16:05: [basecommands.smx] "Console<0><Console><Console>" changed cvar (cvar "sv_client_max_interp_ratio") (value "2")
L 07/25/2025 - 23:23:14: Log file closed.
