L 07/28/2025 - 00:46:09: SourceMod log file session started (file "/home/steam/game_server/Left_4_Dead_2/left4dead2/addons/sourcemod/logs/L20250728.log") (Version "1.12.0.7207")
L 07/28/2025 - 00:46:09: [basecommands.smx] "Console<0><Console><Console>" changed cvar (cvar "z_difficulty") (value "hard")
L 07/28/2025 - 00:46:09: [basecommands.smx] "Console<0><Console><Console>" changed cvar (cvar "survivor_friendly_fire_factor_hard") (value "0.2")
L 07/28/2025 - 00:46:09: [basecommands.smx] "Console<0><Console><Console>" changed cvar (cvar "survivor_burn_factor_hard") (value "0.5")
L 07/28/2025 - 00:46:09: [basecommands.smx] "Console<0><Console><Console>" changed cvar (cvar "fps_max") (value "144")
L 07/28/2025 - 00:46:09: [basecommands.smx] "Console<0><Console><Console>" changed cvar (cvar "net_splitpacket_maxrate") (value "32000")
L 07/28/2025 - 00:46:09: [basecommands.smx] "Console<0><Console><Console>" changed cvar (cvar "nb_update_frequency") (value "0.024")
L 07/28/2025 - 00:46:09: [basecommands.smx] "Console<0><Console><Console>" changed cvar (cvar "sv_minrate") (value "64000")
L 07/28/2025 - 00:46:09: [basecommands.smx] "Console<0><Console><Console>" changed cvar (cvar "sv_maxrate") (value "64000")
L 07/28/2025 - 00:46:09: [basecommands.smx] "Console<0><Console><Console>" changed cvar (cvar "sv_mincmdrate") (value "64")
L 07/28/2025 - 00:46:09: [basecommands.smx] "Console<0><Console><Console>" changed cvar (cvar "sv_maxcmdrate") (value "64")
L 07/28/2025 - 00:46:09: [basecommands.smx] "Console<0><Console><Console>" changed cvar (cvar "sv_minupdaterate") (value "64")
L 07/28/2025 - 00:46:09: [basecommands.smx] "Console<0><Console><Console>" changed cvar (cvar "sv_maxupdaterate") (value "64")
L 07/28/2025 - 00:46:09: [basecommands.smx] "Console<0><Console><Console>" changed cvar (cvar "sv_client_min_interp_ratio") (value "-1")
L 07/28/2025 - 00:46:09: [basecommands.smx] "Console<0><Console><Console>" changed cvar (cvar "sv_client_max_interp_ratio") (value "2")
L 07/28/2025 - 01:04:30: -------- Mapchange to baka2_8 --------
L 07/28/2025 - 01:04:31: [basecommands.smx] "Console<0><Console><Console>" changed cvar (cvar "z_difficulty") (value "hard")
L 07/28/2025 - 01:04:31: [basecommands.smx] "Console<0><Console><Console>" changed cvar (cvar "survivor_friendly_fire_factor_hard") (value "0.2")
L 07/28/2025 - 01:04:31: [basecommands.smx] "Console<0><Console><Console>" changed cvar (cvar "survivor_burn_factor_hard") (value "0.5")
L 07/28/2025 - 01:04:31: [basecommands.smx] "Console<0><Console><Console>" changed cvar (cvar "fps_max") (value "144")
L 07/28/2025 - 01:04:31: [basecommands.smx] "Console<0><Console><Console>" changed cvar (cvar "net_splitpacket_maxrate") (value "32000")
L 07/28/2025 - 01:04:31: [basecommands.smx] "Console<0><Console><Console>" changed cvar (cvar "nb_update_frequency") (value "0.024")
L 07/28/2025 - 01:04:31: [basecommands.smx] "Console<0><Console><Console>" changed cvar (cvar "sv_minrate") (value "64000")
L 07/28/2025 - 01:04:31: [basecommands.smx] "Console<0><Console><Console>" changed cvar (cvar "sv_maxrate") (value "64000")
L 07/28/2025 - 01:04:31: [basecommands.smx] "Console<0><Console><Console>" changed cvar (cvar "sv_mincmdrate") (value "64")
L 07/28/2025 - 01:04:31: [basecommands.smx] "Console<0><Console><Console>" changed cvar (cvar "sv_maxcmdrate") (value "64")
L 07/28/2025 - 01:04:31: [basecommands.smx] "Console<0><Console><Console>" changed cvar (cvar "sv_minupdaterate") (value "64")
L 07/28/2025 - 01:04:31: [basecommands.smx] "Console<0><Console><Console>" changed cvar (cvar "sv_maxupdaterate") (value "64")
L 07/28/2025 - 01:04:31: [basecommands.smx] "Console<0><Console><Console>" changed cvar (cvar "sv_client_min_interp_ratio") (value "-1")
L 07/28/2025 - 01:04:31: [basecommands.smx] "Console<0><Console><Console>" changed cvar (cvar "sv_client_max_interp_ratio") (value "2")
L 07/28/2025 - 01:05:20: Log file closed.
L 07/28/2025 - 11:56:16: SourceMod log file session started (file "/home/steam/game_server/Left_4_Dead_2/left4dead2/addons/sourcemod/logs/L20250728.log") (Version "1.12.0.7207")
L 07/28/2025 - 11:56:16: [basecommands.smx] "Console<0><Console><Console>" changed cvar (cvar "z_difficulty") (value "hard")
L 07/28/2025 - 11:56:16: [basecommands.smx] "Console<0><Console><Console>" changed cvar (cvar "survivor_friendly_fire_factor_hard") (value "0.2")
L 07/28/2025 - 11:56:16: [basecommands.smx] "Console<0><Console><Console>" changed cvar (cvar "survivor_burn_factor_hard") (value "0.5")
L 07/28/2025 - 11:56:16: [basecommands.smx] "Console<0><Console><Console>" changed cvar (cvar "fps_max") (value "144")
L 07/28/2025 - 11:56:16: [basecommands.smx] "Console<0><Console><Console>" changed cvar (cvar "net_splitpacket_maxrate") (value "32000")
L 07/28/2025 - 11:56:16: [basecommands.smx] "Console<0><Console><Console>" changed cvar (cvar "nb_update_frequency") (value "0.024")
L 07/28/2025 - 11:56:16: [basecommands.smx] "Console<0><Console><Console>" changed cvar (cvar "sv_minrate") (value "64000")
L 07/28/2025 - 11:56:16: [basecommands.smx] "Console<0><Console><Console>" changed cvar (cvar "sv_maxrate") (value "64000")
L 07/28/2025 - 11:56:16: [basecommands.smx] "Console<0><Console><Console>" changed cvar (cvar "sv_mincmdrate") (value "64")
L 07/28/2025 - 11:56:16: [basecommands.smx] "Console<0><Console><Console>" changed cvar (cvar "sv_maxcmdrate") (value "64")
L 07/28/2025 - 11:56:16: [basecommands.smx] "Console<0><Console><Console>" changed cvar (cvar "sv_minupdaterate") (value "64")
L 07/28/2025 - 11:56:16: [basecommands.smx] "Console<0><Console><Console>" changed cvar (cvar "sv_maxupdaterate") (value "64")
L 07/28/2025 - 11:56:16: [basecommands.smx] "Console<0><Console><Console>" changed cvar (cvar "sv_client_min_interp_ratio") (value "-1")
L 07/28/2025 - 11:56:16: [basecommands.smx] "Console<0><Console><Console>" changed cvar (cvar "sv_client_max_interp_ratio") (value "2")
L 07/28/2025 - 11:56:27: -------- Mapchange to tumtara --------
L 07/28/2025 - 11:56:28: [basecommands.smx] "Console<0><Console><Console>" changed cvar (cvar "z_difficulty") (value "hard")
L 07/28/2025 - 11:56:28: [basecommands.smx] "Console<0><Console><Console>" changed cvar (cvar "survivor_friendly_fire_factor_hard") (value "0.2")
L 07/28/2025 - 11:56:28: [basecommands.smx] "Console<0><Console><Console>" changed cvar (cvar "survivor_burn_factor_hard") (value "0.5")
L 07/28/2025 - 11:56:28: [basecommands.smx] "Console<0><Console><Console>" changed cvar (cvar "fps_max") (value "144")
L 07/28/2025 - 11:56:28: [basecommands.smx] "Console<0><Console><Console>" changed cvar (cvar "net_splitpacket_maxrate") (value "32000")
L 07/28/2025 - 11:56:28: [basecommands.smx] "Console<0><Console><Console>" changed cvar (cvar "nb_update_frequency") (value "0.024")
L 07/28/2025 - 11:56:28: [basecommands.smx] "Console<0><Console><Console>" changed cvar (cvar "sv_minrate") (value "64000")
L 07/28/2025 - 11:56:28: [basecommands.smx] "Console<0><Console><Console>" changed cvar (cvar "sv_maxrate") (value "64000")
L 07/28/2025 - 11:56:28: [basecommands.smx] "Console<0><Console><Console>" changed cvar (cvar "sv_mincmdrate") (value "64")
L 07/28/2025 - 11:56:28: [basecommands.smx] "Console<0><Console><Console>" changed cvar (cvar "sv_maxcmdrate") (value "64")
L 07/28/2025 - 11:56:28: [basecommands.smx] "Console<0><Console><Console>" changed cvar (cvar "sv_minupdaterate") (value "64")
L 07/28/2025 - 11:56:28: [basecommands.smx] "Console<0><Console><Console>" changed cvar (cvar "sv_maxupdaterate") (value "64")
L 07/28/2025 - 11:56:28: [basecommands.smx] "Console<0><Console><Console>" changed cvar (cvar "sv_client_min_interp_ratio") (value "-1")
L 07/28/2025 - 11:56:28: [basecommands.smx] "Console<0><Console><Console>" changed cvar (cvar "sv_client_max_interp_ratio") (value "2")
L 07/28/2025 - 13:30:50: SourceMod log file session started (file "/home/steam/game_server/Left_4_Dead_2/left4dead2/addons/sourcemod/logs/L20250728.log") (Version "1.12.0.7207")
L 07/28/2025 - 13:30:50: [basecommands.smx] "Console<0><Console><Console>" changed cvar (cvar "z_difficulty") (value "hard")
L 07/28/2025 - 13:30:50: [basecommands.smx] "Console<0><Console><Console>" changed cvar (cvar "survivor_friendly_fire_factor_hard") (value "0.2")
L 07/28/2025 - 13:30:50: [basecommands.smx] "Console<0><Console><Console>" changed cvar (cvar "survivor_burn_factor_hard") (value "0.5")
L 07/28/2025 - 13:30:50: [basecommands.smx] "Console<0><Console><Console>" changed cvar (cvar "fps_max") (value "144")
L 07/28/2025 - 13:30:50: [basecommands.smx] "Console<0><Console><Console>" changed cvar (cvar "net_splitpacket_maxrate") (value "32000")
L 07/28/2025 - 13:30:50: [basecommands.smx] "Console<0><Console><Console>" changed cvar (cvar "nb_update_frequency") (value "0.024")
L 07/28/2025 - 13:30:50: [basecommands.smx] "Console<0><Console><Console>" changed cvar (cvar "sv_minrate") (value "64000")
L 07/28/2025 - 13:30:50: [basecommands.smx] "Console<0><Console><Console>" changed cvar (cvar "sv_maxrate") (value "64000")
L 07/28/2025 - 13:30:50: [basecommands.smx] "Console<0><Console><Console>" changed cvar (cvar "sv_mincmdrate") (value "64")
L 07/28/2025 - 13:30:50: [basecommands.smx] "Console<0><Console><Console>" changed cvar (cvar "sv_maxcmdrate") (value "64")
L 07/28/2025 - 13:30:50: [basecommands.smx] "Console<0><Console><Console>" changed cvar (cvar "sv_minupdaterate") (value "64")
L 07/28/2025 - 13:30:50: [basecommands.smx] "Console<0><Console><Console>" changed cvar (cvar "sv_maxupdaterate") (value "64")
L 07/28/2025 - 13:30:50: [basecommands.smx] "Console<0><Console><Console>" changed cvar (cvar "sv_client_min_interp_ratio") (value "-1")
L 07/28/2025 - 13:30:50: [basecommands.smx] "Console<0><Console><Console>" changed cvar (cvar "sv_client_max_interp_ratio") (value "2")
L 07/28/2025 - 13:32:49: SourceMod log file session started (file "/home/steam/game_server/Left_4_Dead_2/left4dead2/addons/sourcemod/logs/L20250728.log") (Version "1.12.0.7207")
L 07/28/2025 - 13:32:49: [basecommands.smx] "Console<0><Console><Console>" changed cvar (cvar "z_difficulty") (value "hard")
L 07/28/2025 - 13:32:49: [basecommands.smx] "Console<0><Console><Console>" changed cvar (cvar "survivor_friendly_fire_factor_hard") (value "0.2")
L 07/28/2025 - 13:32:49: [basecommands.smx] "Console<0><Console><Console>" changed cvar (cvar "survivor_burn_factor_hard") (value "0.5")
L 07/28/2025 - 13:32:49: [basecommands.smx] "Console<0><Console><Console>" changed cvar (cvar "fps_max") (value "144")
L 07/28/2025 - 13:32:49: [basecommands.smx] "Console<0><Console><Console>" changed cvar (cvar "net_splitpacket_maxrate") (value "32000")
L 07/28/2025 - 13:32:49: [basecommands.smx] "Console<0><Console><Console>" changed cvar (cvar "nb_update_frequency") (value "0.024")
L 07/28/2025 - 13:32:49: [basecommands.smx] "Console<0><Console><Console>" changed cvar (cvar "sv_minrate") (value "64000")
L 07/28/2025 - 13:32:49: [basecommands.smx] "Console<0><Console><Console>" changed cvar (cvar "sv_maxrate") (value "64000")
L 07/28/2025 - 13:32:49: [basecommands.smx] "Console<0><Console><Console>" changed cvar (cvar "sv_mincmdrate") (value "64")
L 07/28/2025 - 13:32:49: [basecommands.smx] "Console<0><Console><Console>" changed cvar (cvar "sv_maxcmdrate") (value "64")
L 07/28/2025 - 13:32:49: [basecommands.smx] "Console<0><Console><Console>" changed cvar (cvar "sv_minupdaterate") (value "64")
L 07/28/2025 - 13:32:49: [basecommands.smx] "Console<0><Console><Console>" changed cvar (cvar "sv_maxupdaterate") (value "64")
L 07/28/2025 - 13:32:49: [basecommands.smx] "Console<0><Console><Console>" changed cvar (cvar "sv_client_min_interp_ratio") (value "-1")
L 07/28/2025 - 13:32:49: [basecommands.smx] "Console<0><Console><Console>" changed cvar (cvar "sv_client_max_interp_ratio") (value "2")
L 07/28/2025 - 13:33:01: -------- Mapchange to tumtara_infected --------
L 07/28/2025 - 13:33:03: [basecommands.smx] "Console<0><Console><Console>" changed cvar (cvar "z_difficulty") (value "hard")
L 07/28/2025 - 13:33:03: [basecommands.smx] "Console<0><Console><Console>" changed cvar (cvar "survivor_friendly_fire_factor_hard") (value "0.2")
L 07/28/2025 - 13:33:03: [basecommands.smx] "Console<0><Console><Console>" changed cvar (cvar "survivor_burn_factor_hard") (value "0.5")
L 07/28/2025 - 13:33:03: [basecommands.smx] "Console<0><Console><Console>" changed cvar (cvar "fps_max") (value "144")
L 07/28/2025 - 13:33:03: [basecommands.smx] "Console<0><Console><Console>" changed cvar (cvar "net_splitpacket_maxrate") (value "32000")
L 07/28/2025 - 13:33:03: [basecommands.smx] "Console<0><Console><Console>" changed cvar (cvar "nb_update_frequency") (value "0.024")
L 07/28/2025 - 13:33:03: [basecommands.smx] "Console<0><Console><Console>" changed cvar (cvar "sv_minrate") (value "64000")
L 07/28/2025 - 13:33:03: [basecommands.smx] "Console<0><Console><Console>" changed cvar (cvar "sv_maxrate") (value "64000")
L 07/28/2025 - 13:33:03: [basecommands.smx] "Console<0><Console><Console>" changed cvar (cvar "sv_mincmdrate") (value "64")
L 07/28/2025 - 13:33:03: [basecommands.smx] "Console<0><Console><Console>" changed cvar (cvar "sv_maxcmdrate") (value "64")
L 07/28/2025 - 13:33:03: [basecommands.smx] "Console<0><Console><Console>" changed cvar (cvar "sv_minupdaterate") (value "64")
L 07/28/2025 - 13:33:03: [basecommands.smx] "Console<0><Console><Console>" changed cvar (cvar "sv_maxupdaterate") (value "64")
L 07/28/2025 - 13:33:03: [basecommands.smx] "Console<0><Console><Console>" changed cvar (cvar "sv_client_min_interp_ratio") (value "-1")
L 07/28/2025 - 13:33:03: [basecommands.smx] "Console<0><Console><Console>" changed cvar (cvar "sv_client_max_interp_ratio") (value "2")
L 07/28/2025 - 16:05:23: SourceMod log file session started (file "/home/steam/game_server/Left_4_Dead_2/left4dead2/addons/sourcemod/logs/L20250728.log") (Version "1.12.0.7207")
L 07/28/2025 - 16:05:23: [basecommands.smx] "Console<0><Console><Console>" changed cvar (cvar "z_difficulty") (value "hard")
L 07/28/2025 - 16:05:23: [basecommands.smx] "Console<0><Console><Console>" changed cvar (cvar "survivor_friendly_fire_factor_hard") (value "0.2")
L 07/28/2025 - 16:05:23: [basecommands.smx] "Console<0><Console><Console>" changed cvar (cvar "survivor_burn_factor_hard") (value "0.5")
L 07/28/2025 - 16:05:23: [basecommands.smx] "Console<0><Console><Console>" changed cvar (cvar "fps_max") (value "144")
L 07/28/2025 - 16:05:23: [basecommands.smx] "Console<0><Console><Console>" changed cvar (cvar "net_splitpacket_maxrate") (value "32000")
L 07/28/2025 - 16:05:23: [basecommands.smx] "Console<0><Console><Console>" changed cvar (cvar "nb_update_frequency") (value "0.024")
L 07/28/2025 - 16:05:23: [basecommands.smx] "Console<0><Console><Console>" changed cvar (cvar "sv_minrate") (value "64000")
L 07/28/2025 - 16:05:23: [basecommands.smx] "Console<0><Console><Console>" changed cvar (cvar "sv_maxrate") (value "64000")
L 07/28/2025 - 16:05:23: [basecommands.smx] "Console<0><Console><Console>" changed cvar (cvar "sv_mincmdrate") (value "64")
L 07/28/2025 - 16:05:23: [basecommands.smx] "Console<0><Console><Console>" changed cvar (cvar "sv_maxcmdrate") (value "64")
L 07/28/2025 - 16:05:23: [basecommands.smx] "Console<0><Console><Console>" changed cvar (cvar "sv_minupdaterate") (value "64")
L 07/28/2025 - 16:05:23: [basecommands.smx] "Console<0><Console><Console>" changed cvar (cvar "sv_maxupdaterate") (value "64")
L 07/28/2025 - 16:05:23: [basecommands.smx] "Console<0><Console><Console>" changed cvar (cvar "sv_client_min_interp_ratio") (value "-1")
L 07/28/2025 - 16:05:23: [basecommands.smx] "Console<0><Console><Console>" changed cvar (cvar "sv_client_max_interp_ratio") (value "2")
L 07/28/2025 - 16:12:08: -------- Mapchange to c1m2_streets --------
L 07/28/2025 - 16:12:09: [basecommands.smx] "Console<0><Console><Console>" changed cvar (cvar "z_difficulty") (value "hard")
L 07/28/2025 - 16:12:09: [basecommands.smx] "Console<0><Console><Console>" changed cvar (cvar "survivor_friendly_fire_factor_hard") (value "0.2")
L 07/28/2025 - 16:12:09: [basecommands.smx] "Console<0><Console><Console>" changed cvar (cvar "survivor_burn_factor_hard") (value "0.5")
L 07/28/2025 - 16:12:09: [basecommands.smx] "Console<0><Console><Console>" changed cvar (cvar "fps_max") (value "144")
L 07/28/2025 - 16:12:09: [basecommands.smx] "Console<0><Console><Console>" changed cvar (cvar "net_splitpacket_maxrate") (value "32000")
L 07/28/2025 - 16:12:09: [basecommands.smx] "Console<0><Console><Console>" changed cvar (cvar "nb_update_frequency") (value "0.024")
L 07/28/2025 - 16:12:09: [basecommands.smx] "Console<0><Console><Console>" changed cvar (cvar "sv_minrate") (value "64000")
L 07/28/2025 - 16:12:09: [basecommands.smx] "Console<0><Console><Console>" changed cvar (cvar "sv_maxrate") (value "64000")
L 07/28/2025 - 16:12:09: [basecommands.smx] "Console<0><Console><Console>" changed cvar (cvar "sv_mincmdrate") (value "64")
L 07/28/2025 - 16:12:09: [basecommands.smx] "Console<0><Console><Console>" changed cvar (cvar "sv_maxcmdrate") (value "64")
L 07/28/2025 - 16:12:09: [basecommands.smx] "Console<0><Console><Console>" changed cvar (cvar "sv_minupdaterate") (value "64")
L 07/28/2025 - 16:12:09: [basecommands.smx] "Console<0><Console><Console>" changed cvar (cvar "sv_maxupdaterate") (value "64")
L 07/28/2025 - 16:12:09: [basecommands.smx] "Console<0><Console><Console>" changed cvar (cvar "sv_client_min_interp_ratio") (value "-1")
L 07/28/2025 - 16:12:09: [basecommands.smx] "Console<0><Console><Console>" changed cvar (cvar "sv_client_max_interp_ratio") (value "2")
L 07/28/2025 - 16:13:51: -------- Mapchange to c1m1_hotel --------
L 07/28/2025 - 16:13:52: [basecommands.smx] "Console<0><Console><Console>" changed cvar (cvar "z_difficulty") (value "hard")
L 07/28/2025 - 16:13:52: [basecommands.smx] "Console<0><Console><Console>" changed cvar (cvar "survivor_friendly_fire_factor_hard") (value "0.2")
L 07/28/2025 - 16:13:52: [basecommands.smx] "Console<0><Console><Console>" changed cvar (cvar "survivor_burn_factor_hard") (value "0.5")
L 07/28/2025 - 16:13:52: [basecommands.smx] "Console<0><Console><Console>" changed cvar (cvar "fps_max") (value "144")
L 07/28/2025 - 16:13:52: [basecommands.smx] "Console<0><Console><Console>" changed cvar (cvar "net_splitpacket_maxrate") (value "32000")
L 07/28/2025 - 16:13:52: [basecommands.smx] "Console<0><Console><Console>" changed cvar (cvar "nb_update_frequency") (value "0.024")
L 07/28/2025 - 16:13:52: [basecommands.smx] "Console<0><Console><Console>" changed cvar (cvar "sv_minrate") (value "64000")
L 07/28/2025 - 16:13:52: [basecommands.smx] "Console<0><Console><Console>" changed cvar (cvar "sv_maxrate") (value "64000")
L 07/28/2025 - 16:13:52: [basecommands.smx] "Console<0><Console><Console>" changed cvar (cvar "sv_mincmdrate") (value "64")
L 07/28/2025 - 16:13:52: [basecommands.smx] "Console<0><Console><Console>" changed cvar (cvar "sv_maxcmdrate") (value "64")
L 07/28/2025 - 16:13:52: [basecommands.smx] "Console<0><Console><Console>" changed cvar (cvar "sv_minupdaterate") (value "64")
L 07/28/2025 - 16:13:52: [basecommands.smx] "Console<0><Console><Console>" changed cvar (cvar "sv_maxupdaterate") (value "64")
L 07/28/2025 - 16:13:52: [basecommands.smx] "Console<0><Console><Console>" changed cvar (cvar "sv_client_min_interp_ratio") (value "-1")
L 07/28/2025 - 16:13:52: [basecommands.smx] "Console<0><Console><Console>" changed cvar (cvar "sv_client_max_interp_ratio") (value "2")
L 07/28/2025 - 16:16:55: Log file closed.
L 07/28/2025 - 17:00:29: SourceMod log file session started (file "/home/steam/game_server/Left_4_Dead_2/left4dead2/addons/sourcemod/logs/L20250728.log") (Version "1.12.0.7207")
L 07/28/2025 - 17:00:29: [basecommands.smx] "Console<0><Console><Console>" changed cvar (cvar "z_difficulty") (value "hard")
L 07/28/2025 - 17:00:29: [basecommands.smx] "Console<0><Console><Console>" changed cvar (cvar "survivor_friendly_fire_factor_hard") (value "0.2")
L 07/28/2025 - 17:00:29: [basecommands.smx] "Console<0><Console><Console>" changed cvar (cvar "survivor_burn_factor_hard") (value "0.5")
L 07/28/2025 - 17:00:29: [basecommands.smx] "Console<0><Console><Console>" changed cvar (cvar "fps_max") (value "144")
L 07/28/2025 - 17:00:29: [basecommands.smx] "Console<0><Console><Console>" changed cvar (cvar "net_splitpacket_maxrate") (value "32000")
L 07/28/2025 - 17:00:29: [basecommands.smx] "Console<0><Console><Console>" changed cvar (cvar "nb_update_frequency") (value "0.024")
L 07/28/2025 - 17:00:29: [basecommands.smx] "Console<0><Console><Console>" changed cvar (cvar "sv_minrate") (value "64000")
L 07/28/2025 - 17:00:29: [basecommands.smx] "Console<0><Console><Console>" changed cvar (cvar "sv_maxrate") (value "64000")
L 07/28/2025 - 17:00:29: [basecommands.smx] "Console<0><Console><Console>" changed cvar (cvar "sv_mincmdrate") (value "64")
L 07/28/2025 - 17:00:29: [basecommands.smx] "Console<0><Console><Console>" changed cvar (cvar "sv_maxcmdrate") (value "64")
L 07/28/2025 - 17:00:29: [basecommands.smx] "Console<0><Console><Console>" changed cvar (cvar "sv_minupdaterate") (value "64")
L 07/28/2025 - 17:00:29: [basecommands.smx] "Console<0><Console><Console>" changed cvar (cvar "sv_maxupdaterate") (value "64")
L 07/28/2025 - 17:00:29: [basecommands.smx] "Console<0><Console><Console>" changed cvar (cvar "sv_client_min_interp_ratio") (value "-1")
L 07/28/2025 - 17:00:29: [basecommands.smx] "Console<0><Console><Console>" changed cvar (cvar "sv_client_max_interp_ratio") (value "2")
L 07/28/2025 - 17:01:54: -------- Mapchange to c1m2_streets --------
L 07/28/2025 - 17:01:55: [basecommands.smx] "Console<0><Console><Console>" changed cvar (cvar "z_difficulty") (value "hard")
L 07/28/2025 - 17:01:55: [basecommands.smx] "Console<0><Console><Console>" changed cvar (cvar "survivor_friendly_fire_factor_hard") (value "0.2")
L 07/28/2025 - 17:01:55: [basecommands.smx] "Console<0><Console><Console>" changed cvar (cvar "survivor_burn_factor_hard") (value "0.5")
L 07/28/2025 - 17:01:55: [basecommands.smx] "Console<0><Console><Console>" changed cvar (cvar "fps_max") (value "144")
L 07/28/2025 - 17:01:55: [basecommands.smx] "Console<0><Console><Console>" changed cvar (cvar "net_splitpacket_maxrate") (value "32000")
L 07/28/2025 - 17:01:55: [basecommands.smx] "Console<0><Console><Console>" changed cvar (cvar "nb_update_frequency") (value "0.024")
L 07/28/2025 - 17:01:55: [basecommands.smx] "Console<0><Console><Console>" changed cvar (cvar "sv_minrate") (value "64000")
L 07/28/2025 - 17:01:55: [basecommands.smx] "Console<0><Console><Console>" changed cvar (cvar "sv_maxrate") (value "64000")
L 07/28/2025 - 17:01:55: [basecommands.smx] "Console<0><Console><Console>" changed cvar (cvar "sv_mincmdrate") (value "64")
L 07/28/2025 - 17:01:55: [basecommands.smx] "Console<0><Console><Console>" changed cvar (cvar "sv_maxcmdrate") (value "64")
L 07/28/2025 - 17:01:55: [basecommands.smx] "Console<0><Console><Console>" changed cvar (cvar "sv_minupdaterate") (value "64")
L 07/28/2025 - 17:01:55: [basecommands.smx] "Console<0><Console><Console>" changed cvar (cvar "sv_maxupdaterate") (value "64")
L 07/28/2025 - 17:01:55: [basecommands.smx] "Console<0><Console><Console>" changed cvar (cvar "sv_client_min_interp_ratio") (value "-1")
L 07/28/2025 - 17:01:55: [basecommands.smx] "Console<0><Console><Console>" changed cvar (cvar "sv_client_max_interp_ratio") (value "2")
L 07/28/2025 - 17:02:30: -------- Mapchange to c1m1_hotel --------
L 07/28/2025 - 17:02:31: [basecommands.smx] "Console<0><Console><Console>" changed cvar (cvar "z_difficulty") (value "hard")
L 07/28/2025 - 17:02:31: [basecommands.smx] "Console<0><Console><Console>" changed cvar (cvar "survivor_friendly_fire_factor_hard") (value "0.2")
L 07/28/2025 - 17:02:31: [basecommands.smx] "Console<0><Console><Console>" changed cvar (cvar "survivor_burn_factor_hard") (value "0.5")
L 07/28/2025 - 17:02:31: [basecommands.smx] "Console<0><Console><Console>" changed cvar (cvar "fps_max") (value "144")
L 07/28/2025 - 17:02:31: [basecommands.smx] "Console<0><Console><Console>" changed cvar (cvar "net_splitpacket_maxrate") (value "32000")
L 07/28/2025 - 17:02:31: [basecommands.smx] "Console<0><Console><Console>" changed cvar (cvar "nb_update_frequency") (value "0.024")
L 07/28/2025 - 17:02:31: [basecommands.smx] "Console<0><Console><Console>" changed cvar (cvar "sv_minrate") (value "64000")
L 07/28/2025 - 17:02:31: [basecommands.smx] "Console<0><Console><Console>" changed cvar (cvar "sv_maxrate") (value "64000")
L 07/28/2025 - 17:02:31: [basecommands.smx] "Console<0><Console><Console>" changed cvar (cvar "sv_mincmdrate") (value "64")
L 07/28/2025 - 17:02:31: [basecommands.smx] "Console<0><Console><Console>" changed cvar (cvar "sv_maxcmdrate") (value "64")
L 07/28/2025 - 17:02:31: [basecommands.smx] "Console<0><Console><Console>" changed cvar (cvar "sv_minupdaterate") (value "64")
L 07/28/2025 - 17:02:31: [basecommands.smx] "Console<0><Console><Console>" changed cvar (cvar "sv_maxupdaterate") (value "64")
L 07/28/2025 - 17:02:31: [basecommands.smx] "Console<0><Console><Console>" changed cvar (cvar "sv_client_min_interp_ratio") (value "-1")
L 07/28/2025 - 17:02:31: [basecommands.smx] "Console<0><Console><Console>" changed cvar (cvar "sv_client_max_interp_ratio") (value "2")
L 07/28/2025 - 17:17:55: SourceMod log file session started (file "/home/steam/game_server/Left_4_Dead_2/left4dead2/addons/sourcemod/logs/L20250728.log") (Version "1.12.0.7207")
L 07/28/2025 - 17:17:55: [basecommands.smx] "Console<0><Console><Console>" changed cvar (cvar "z_difficulty") (value "hard")
L 07/28/2025 - 17:17:55: [basecommands.smx] "Console<0><Console><Console>" changed cvar (cvar "survivor_friendly_fire_factor_hard") (value "0.2")
L 07/28/2025 - 17:17:55: [basecommands.smx] "Console<0><Console><Console>" changed cvar (cvar "survivor_burn_factor_hard") (value "0.5")
L 07/28/2025 - 17:17:55: [basecommands.smx] "Console<0><Console><Console>" changed cvar (cvar "fps_max") (value "144")
L 07/28/2025 - 17:17:55: [basecommands.smx] "Console<0><Console><Console>" changed cvar (cvar "net_splitpacket_maxrate") (value "32000")
L 07/28/2025 - 17:17:55: [basecommands.smx] "Console<0><Console><Console>" changed cvar (cvar "nb_update_frequency") (value "0.024")
L 07/28/2025 - 17:17:55: [basecommands.smx] "Console<0><Console><Console>" changed cvar (cvar "sv_minrate") (value "64000")
L 07/28/2025 - 17:17:55: [basecommands.smx] "Console<0><Console><Console>" changed cvar (cvar "sv_maxrate") (value "64000")
L 07/28/2025 - 17:17:55: [basecommands.smx] "Console<0><Console><Console>" changed cvar (cvar "sv_mincmdrate") (value "64")
L 07/28/2025 - 17:17:55: [basecommands.smx] "Console<0><Console><Console>" changed cvar (cvar "sv_maxcmdrate") (value "64")
L 07/28/2025 - 17:17:55: [basecommands.smx] "Console<0><Console><Console>" changed cvar (cvar "sv_minupdaterate") (value "64")
L 07/28/2025 - 17:17:55: [basecommands.smx] "Console<0><Console><Console>" changed cvar (cvar "sv_maxupdaterate") (value "64")
L 07/28/2025 - 17:17:55: [basecommands.smx] "Console<0><Console><Console>" changed cvar (cvar "sv_client_min_interp_ratio") (value "-1")
L 07/28/2025 - 17:17:55: [basecommands.smx] "Console<0><Console><Console>" changed cvar (cvar "sv_client_max_interp_ratio") (value "2")
L 07/28/2025 - 17:23:22: -------- Mapchange to c1m1_hotel --------
L 07/28/2025 - 17:23:23: [basecommands.smx] "Console<0><Console><Console>" changed cvar (cvar "z_difficulty") (value "hard")
L 07/28/2025 - 17:23:23: [basecommands.smx] "Console<0><Console><Console>" changed cvar (cvar "survivor_friendly_fire_factor_hard") (value "0.2")
L 07/28/2025 - 17:23:23: [basecommands.smx] "Console<0><Console><Console>" changed cvar (cvar "survivor_burn_factor_hard") (value "0.5")
L 07/28/2025 - 17:23:23: [basecommands.smx] "Console<0><Console><Console>" changed cvar (cvar "fps_max") (value "144")
L 07/28/2025 - 17:23:23: [basecommands.smx] "Console<0><Console><Console>" changed cvar (cvar "net_splitpacket_maxrate") (value "32000")
L 07/28/2025 - 17:23:23: [basecommands.smx] "Console<0><Console><Console>" changed cvar (cvar "nb_update_frequency") (value "0.024")
L 07/28/2025 - 17:23:23: [basecommands.smx] "Console<0><Console><Console>" changed cvar (cvar "sv_minrate") (value "64000")
L 07/28/2025 - 17:23:23: [basecommands.smx] "Console<0><Console><Console>" changed cvar (cvar "sv_maxrate") (value "64000")
L 07/28/2025 - 17:23:23: [basecommands.smx] "Console<0><Console><Console>" changed cvar (cvar "sv_mincmdrate") (value "64")
L 07/28/2025 - 17:23:23: [basecommands.smx] "Console<0><Console><Console>" changed cvar (cvar "sv_maxcmdrate") (value "64")
L 07/28/2025 - 17:23:23: [basecommands.smx] "Console<0><Console><Console>" changed cvar (cvar "sv_minupdaterate") (value "64")
L 07/28/2025 - 17:23:23: [basecommands.smx] "Console<0><Console><Console>" changed cvar (cvar "sv_maxupdaterate") (value "64")
L 07/28/2025 - 17:23:23: [basecommands.smx] "Console<0><Console><Console>" changed cvar (cvar "sv_client_min_interp_ratio") (value "-1")
L 07/28/2025 - 17:23:23: [basecommands.smx] "Console<0><Console><Console>" changed cvar (cvar "sv_client_max_interp_ratio") (value "2")
L 07/28/2025 - 17:25:26: Log file closed.
L 07/28/2025 - 17:40:50: SourceMod log file session started (file "/home/steam/game_server/Left_4_Dead_2/left4dead2/addons/sourcemod/logs/L20250728.log") (Version "1.12.0.7207")
L 07/28/2025 - 17:40:50: [basecommands.smx] "Console<0><Console><Console>" changed cvar (cvar "z_difficulty") (value "hard")
L 07/28/2025 - 17:40:50: [basecommands.smx] "Console<0><Console><Console>" changed cvar (cvar "survivor_friendly_fire_factor_hard") (value "0.2")
L 07/28/2025 - 17:40:50: [basecommands.smx] "Console<0><Console><Console>" changed cvar (cvar "survivor_burn_factor_hard") (value "0.5")
L 07/28/2025 - 17:40:50: [basecommands.smx] "Console<0><Console><Console>" changed cvar (cvar "fps_max") (value "144")
L 07/28/2025 - 17:40:50: [basecommands.smx] "Console<0><Console><Console>" changed cvar (cvar "net_splitpacket_maxrate") (value "32000")
L 07/28/2025 - 17:40:50: [basecommands.smx] "Console<0><Console><Console>" changed cvar (cvar "nb_update_frequency") (value "0.024")
L 07/28/2025 - 17:40:50: [basecommands.smx] "Console<0><Console><Console>" changed cvar (cvar "sv_minrate") (value "64000")
L 07/28/2025 - 17:40:50: [basecommands.smx] "Console<0><Console><Console>" changed cvar (cvar "sv_maxrate") (value "64000")
L 07/28/2025 - 17:40:50: [basecommands.smx] "Console<0><Console><Console>" changed cvar (cvar "sv_mincmdrate") (value "64")
L 07/28/2025 - 17:40:50: [basecommands.smx] "Console<0><Console><Console>" changed cvar (cvar "sv_maxcmdrate") (value "64")
L 07/28/2025 - 17:40:50: [basecommands.smx] "Console<0><Console><Console>" changed cvar (cvar "sv_minupdaterate") (value "64")
L 07/28/2025 - 17:40:50: [basecommands.smx] "Console<0><Console><Console>" changed cvar (cvar "sv_maxupdaterate") (value "64")
L 07/28/2025 - 17:40:50: [basecommands.smx] "Console<0><Console><Console>" changed cvar (cvar "sv_client_min_interp_ratio") (value "-1")
L 07/28/2025 - 17:40:50: [basecommands.smx] "Console<0><Console><Console>" changed cvar (cvar "sv_client_max_interp_ratio") (value "2")
L 07/28/2025 - 17:44:33: -------- Mapchange to c1m1_hotel --------
L 07/28/2025 - 17:44:34: [basecommands.smx] "Console<0><Console><Console>" changed cvar (cvar "z_difficulty") (value "hard")
L 07/28/2025 - 17:44:34: [basecommands.smx] "Console<0><Console><Console>" changed cvar (cvar "survivor_friendly_fire_factor_hard") (value "0.2")
L 07/28/2025 - 17:44:34: [basecommands.smx] "Console<0><Console><Console>" changed cvar (cvar "survivor_burn_factor_hard") (value "0.5")
L 07/28/2025 - 17:44:34: [basecommands.smx] "Console<0><Console><Console>" changed cvar (cvar "fps_max") (value "144")
L 07/28/2025 - 17:44:34: [basecommands.smx] "Console<0><Console><Console>" changed cvar (cvar "net_splitpacket_maxrate") (value "32000")
L 07/28/2025 - 17:44:34: [basecommands.smx] "Console<0><Console><Console>" changed cvar (cvar "nb_update_frequency") (value "0.024")
L 07/28/2025 - 17:44:34: [basecommands.smx] "Console<0><Console><Console>" changed cvar (cvar "sv_minrate") (value "64000")
L 07/28/2025 - 17:44:34: [basecommands.smx] "Console<0><Console><Console>" changed cvar (cvar "sv_maxrate") (value "64000")
L 07/28/2025 - 17:44:34: [basecommands.smx] "Console<0><Console><Console>" changed cvar (cvar "sv_mincmdrate") (value "64")
L 07/28/2025 - 17:44:34: [basecommands.smx] "Console<0><Console><Console>" changed cvar (cvar "sv_maxcmdrate") (value "64")
L 07/28/2025 - 17:44:34: [basecommands.smx] "Console<0><Console><Console>" changed cvar (cvar "sv_minupdaterate") (value "64")
L 07/28/2025 - 17:44:34: [basecommands.smx] "Console<0><Console><Console>" changed cvar (cvar "sv_maxupdaterate") (value "64")
L 07/28/2025 - 17:44:34: [basecommands.smx] "Console<0><Console><Console>" changed cvar (cvar "sv_client_min_interp_ratio") (value "-1")
L 07/28/2025 - 17:44:34: [basecommands.smx] "Console<0><Console><Console>" changed cvar (cvar "sv_client_max_interp_ratio") (value "2")
L 07/28/2025 - 17:44:42: Log file closed.
L 07/28/2025 - 17:52:20: SourceMod log file session started (file "/home/steam/game_server/Left_4_Dead_2/left4dead2/addons/sourcemod/logs/L20250728.log") (Version "1.12.0.7207")
L 07/28/2025 - 17:52:20: [basecommands.smx] "Console<0><Console><Console>" changed cvar (cvar "z_difficulty") (value "hard")
L 07/28/2025 - 17:52:20: [basecommands.smx] "Console<0><Console><Console>" changed cvar (cvar "survivor_friendly_fire_factor_hard") (value "0.2")
L 07/28/2025 - 17:52:20: [basecommands.smx] "Console<0><Console><Console>" changed cvar (cvar "survivor_burn_factor_hard") (value "0.5")
L 07/28/2025 - 17:52:20: [basecommands.smx] "Console<0><Console><Console>" changed cvar (cvar "fps_max") (value "144")
L 07/28/2025 - 17:52:20: [basecommands.smx] "Console<0><Console><Console>" changed cvar (cvar "net_splitpacket_maxrate") (value "32000")
L 07/28/2025 - 17:52:20: [basecommands.smx] "Console<0><Console><Console>" changed cvar (cvar "nb_update_frequency") (value "0.024")
L 07/28/2025 - 17:52:20: [basecommands.smx] "Console<0><Console><Console>" changed cvar (cvar "sv_minrate") (value "64000")
L 07/28/2025 - 17:52:20: [basecommands.smx] "Console<0><Console><Console>" changed cvar (cvar "sv_maxrate") (value "64000")
L 07/28/2025 - 17:52:20: [basecommands.smx] "Console<0><Console><Console>" changed cvar (cvar "sv_mincmdrate") (value "64")
L 07/28/2025 - 17:52:20: [basecommands.smx] "Console<0><Console><Console>" changed cvar (cvar "sv_maxcmdrate") (value "64")
L 07/28/2025 - 17:52:20: [basecommands.smx] "Console<0><Console><Console>" changed cvar (cvar "sv_minupdaterate") (value "64")
L 07/28/2025 - 17:52:20: [basecommands.smx] "Console<0><Console><Console>" changed cvar (cvar "sv_maxupdaterate") (value "64")
L 07/28/2025 - 17:52:20: [basecommands.smx] "Console<0><Console><Console>" changed cvar (cvar "sv_client_min_interp_ratio") (value "-1")
L 07/28/2025 - 17:52:20: [basecommands.smx] "Console<0><Console><Console>" changed cvar (cvar "sv_client_max_interp_ratio") (value "2")
L 07/28/2025 - 18:02:39: -------- Mapchange to c1m1_hotel --------
L 07/28/2025 - 18:02:40: [basecommands.smx] "Console<0><Console><Console>" changed cvar (cvar "z_difficulty") (value "hard")
L 07/28/2025 - 18:02:40: [basecommands.smx] "Console<0><Console><Console>" changed cvar (cvar "survivor_friendly_fire_factor_hard") (value "0.2")
L 07/28/2025 - 18:02:40: [basecommands.smx] "Console<0><Console><Console>" changed cvar (cvar "survivor_burn_factor_hard") (value "0.5")
L 07/28/2025 - 18:02:40: [basecommands.smx] "Console<0><Console><Console>" changed cvar (cvar "fps_max") (value "144")
L 07/28/2025 - 18:02:40: [basecommands.smx] "Console<0><Console><Console>" changed cvar (cvar "net_splitpacket_maxrate") (value "32000")
L 07/28/2025 - 18:02:40: [basecommands.smx] "Console<0><Console><Console>" changed cvar (cvar "nb_update_frequency") (value "0.024")
L 07/28/2025 - 18:02:40: [basecommands.smx] "Console<0><Console><Console>" changed cvar (cvar "sv_minrate") (value "64000")
L 07/28/2025 - 18:02:40: [basecommands.smx] "Console<0><Console><Console>" changed cvar (cvar "sv_maxrate") (value "64000")
L 07/28/2025 - 18:02:40: [basecommands.smx] "Console<0><Console><Console>" changed cvar (cvar "sv_mincmdrate") (value "64")
L 07/28/2025 - 18:02:40: [basecommands.smx] "Console<0><Console><Console>" changed cvar (cvar "sv_maxcmdrate") (value "64")
L 07/28/2025 - 18:02:40: [basecommands.smx] "Console<0><Console><Console>" changed cvar (cvar "sv_minupdaterate") (value "64")
L 07/28/2025 - 18:02:40: [basecommands.smx] "Console<0><Console><Console>" changed cvar (cvar "sv_maxupdaterate") (value "64")
L 07/28/2025 - 18:02:40: [basecommands.smx] "Console<0><Console><Console>" changed cvar (cvar "sv_client_min_interp_ratio") (value "-1")
L 07/28/2025 - 18:02:40: [basecommands.smx] "Console<0><Console><Console>" changed cvar (cvar "sv_client_max_interp_ratio") (value "2")
L 07/28/2025 - 18:04:40: Log file closed.
L 07/28/2025 - 18:04:51: SourceMod log file session started (file "/home/steam/game_server/Left_4_Dead_2/left4dead2/addons/sourcemod/logs/L20250728.log") (Version "1.12.0.7207")
L 07/28/2025 - 18:04:51: [basecommands.smx] "Console<0><Console><Console>" changed cvar (cvar "z_difficulty") (value "hard")
L 07/28/2025 - 18:04:51: [basecommands.smx] "Console<0><Console><Console>" changed cvar (cvar "survivor_friendly_fire_factor_hard") (value "0.2")
L 07/28/2025 - 18:04:51: [basecommands.smx] "Console<0><Console><Console>" changed cvar (cvar "survivor_burn_factor_hard") (value "0.5")
L 07/28/2025 - 18:04:51: [basecommands.smx] "Console<0><Console><Console>" changed cvar (cvar "fps_max") (value "144")
L 07/28/2025 - 18:04:51: [basecommands.smx] "Console<0><Console><Console>" changed cvar (cvar "net_splitpacket_maxrate") (value "32000")
L 07/28/2025 - 18:04:51: [basecommands.smx] "Console<0><Console><Console>" changed cvar (cvar "nb_update_frequency") (value "0.024")
L 07/28/2025 - 18:04:51: [basecommands.smx] "Console<0><Console><Console>" changed cvar (cvar "sv_minrate") (value "64000")
L 07/28/2025 - 18:04:51: [basecommands.smx] "Console<0><Console><Console>" changed cvar (cvar "sv_maxrate") (value "64000")
L 07/28/2025 - 18:04:51: [basecommands.smx] "Console<0><Console><Console>" changed cvar (cvar "sv_mincmdrate") (value "64")
L 07/28/2025 - 18:04:51: [basecommands.smx] "Console<0><Console><Console>" changed cvar (cvar "sv_maxcmdrate") (value "64")
L 07/28/2025 - 18:04:51: [basecommands.smx] "Console<0><Console><Console>" changed cvar (cvar "sv_minupdaterate") (value "64")
L 07/28/2025 - 18:04:51: [basecommands.smx] "Console<0><Console><Console>" changed cvar (cvar "sv_maxupdaterate") (value "64")
L 07/28/2025 - 18:04:51: [basecommands.smx] "Console<0><Console><Console>" changed cvar (cvar "sv_client_min_interp_ratio") (value "-1")
L 07/28/2025 - 18:04:51: [basecommands.smx] "Console<0><Console><Console>" changed cvar (cvar "sv_client_max_interp_ratio") (value "2")
L 07/28/2025 - 18:05:34: SourceMod log file session started (file "/home/steam/game_server/Left_4_Dead_2/left4dead2/addons/sourcemod/logs/L20250728.log") (Version "1.12.0.7207")
L 07/28/2025 - 18:05:34: [basecommands.smx] "Console<0><Console><Console>" changed cvar (cvar "z_difficulty") (value "hard")
L 07/28/2025 - 18:05:34: [basecommands.smx] "Console<0><Console><Console>" changed cvar (cvar "survivor_friendly_fire_factor_hard") (value "0.2")
L 07/28/2025 - 18:05:34: [basecommands.smx] "Console<0><Console><Console>" changed cvar (cvar "survivor_burn_factor_hard") (value "0.5")
L 07/28/2025 - 18:05:34: [basecommands.smx] "Console<0><Console><Console>" changed cvar (cvar "fps_max") (value "144")
L 07/28/2025 - 18:05:34: [basecommands.smx] "Console<0><Console><Console>" changed cvar (cvar "net_splitpacket_maxrate") (value "32000")
L 07/28/2025 - 18:05:34: [basecommands.smx] "Console<0><Console><Console>" changed cvar (cvar "nb_update_frequency") (value "0.024")
L 07/28/2025 - 18:05:34: [basecommands.smx] "Console<0><Console><Console>" changed cvar (cvar "sv_minrate") (value "64000")
L 07/28/2025 - 18:05:34: [basecommands.smx] "Console<0><Console><Console>" changed cvar (cvar "sv_maxrate") (value "64000")
L 07/28/2025 - 18:05:34: [basecommands.smx] "Console<0><Console><Console>" changed cvar (cvar "sv_mincmdrate") (value "64")
L 07/28/2025 - 18:05:34: [basecommands.smx] "Console<0><Console><Console>" changed cvar (cvar "sv_maxcmdrate") (value "64")
L 07/28/2025 - 18:05:34: [basecommands.smx] "Console<0><Console><Console>" changed cvar (cvar "sv_minupdaterate") (value "64")
L 07/28/2025 - 18:05:34: [basecommands.smx] "Console<0><Console><Console>" changed cvar (cvar "sv_maxupdaterate") (value "64")
L 07/28/2025 - 18:05:34: [basecommands.smx] "Console<0><Console><Console>" changed cvar (cvar "sv_client_min_interp_ratio") (value "-1")
L 07/28/2025 - 18:05:34: [basecommands.smx] "Console<0><Console><Console>" changed cvar (cvar "sv_client_max_interp_ratio") (value "2")
L 07/28/2025 - 18:05:41: Log file closed.
L 07/28/2025 - 18:06:25: SourceMod log file session started (file "/home/steam/game_server/Left_4_Dead_2/left4dead2/addons/sourcemod/logs/L20250728.log") (Version "1.12.0.7207")
L 07/28/2025 - 18:06:25: [basecommands.smx] "Console<0><Console><Console>" changed cvar (cvar "z_difficulty") (value "hard")
L 07/28/2025 - 18:06:25: [basecommands.smx] "Console<0><Console><Console>" changed cvar (cvar "survivor_friendly_fire_factor_hard") (value "0.2")
L 07/28/2025 - 18:06:25: [basecommands.smx] "Console<0><Console><Console>" changed cvar (cvar "survivor_burn_factor_hard") (value "0.5")
L 07/28/2025 - 18:06:25: [basecommands.smx] "Console<0><Console><Console>" changed cvar (cvar "fps_max") (value "144")
L 07/28/2025 - 18:06:25: [basecommands.smx] "Console<0><Console><Console>" changed cvar (cvar "net_splitpacket_maxrate") (value "32000")
L 07/28/2025 - 18:06:25: [basecommands.smx] "Console<0><Console><Console>" changed cvar (cvar "nb_update_frequency") (value "0.024")
L 07/28/2025 - 18:06:25: [basecommands.smx] "Console<0><Console><Console>" changed cvar (cvar "sv_minrate") (value "64000")
L 07/28/2025 - 18:06:25: [basecommands.smx] "Console<0><Console><Console>" changed cvar (cvar "sv_maxrate") (value "64000")
L 07/28/2025 - 18:06:25: [basecommands.smx] "Console<0><Console><Console>" changed cvar (cvar "sv_mincmdrate") (value "64")
L 07/28/2025 - 18:06:25: [basecommands.smx] "Console<0><Console><Console>" changed cvar (cvar "sv_maxcmdrate") (value "64")
L 07/28/2025 - 18:06:25: [basecommands.smx] "Console<0><Console><Console>" changed cvar (cvar "sv_minupdaterate") (value "64")
L 07/28/2025 - 18:06:25: [basecommands.smx] "Console<0><Console><Console>" changed cvar (cvar "sv_maxupdaterate") (value "64")
L 07/28/2025 - 18:06:25: [basecommands.smx] "Console<0><Console><Console>" changed cvar (cvar "sv_client_min_interp_ratio") (value "-1")
L 07/28/2025 - 18:06:25: [basecommands.smx] "Console<0><Console><Console>" changed cvar (cvar "sv_client_max_interp_ratio") (value "2")
L 07/28/2025 - 18:07:12: SourceMod log file session started (file "/home/steam/game_server/Left_4_Dead_2/left4dead2/addons/sourcemod/logs/L20250728.log") (Version "1.12.0.7207")
L 07/28/2025 - 18:07:12: [basecommands.smx] "Console<0><Console><Console>" changed cvar (cvar "z_difficulty") (value "hard")
L 07/28/2025 - 18:07:12: [basecommands.smx] "Console<0><Console><Console>" changed cvar (cvar "survivor_friendly_fire_factor_hard") (value "0.2")
L 07/28/2025 - 18:07:12: [basecommands.smx] "Console<0><Console><Console>" changed cvar (cvar "survivor_burn_factor_hard") (value "0.5")
L 07/28/2025 - 18:07:12: [basecommands.smx] "Console<0><Console><Console>" changed cvar (cvar "fps_max") (value "144")
L 07/28/2025 - 18:07:12: [basecommands.smx] "Console<0><Console><Console>" changed cvar (cvar "net_splitpacket_maxrate") (value "32000")
L 07/28/2025 - 18:07:12: [basecommands.smx] "Console<0><Console><Console>" changed cvar (cvar "nb_update_frequency") (value "0.024")
L 07/28/2025 - 18:07:12: [basecommands.smx] "Console<0><Console><Console>" changed cvar (cvar "sv_minrate") (value "64000")
L 07/28/2025 - 18:07:12: [basecommands.smx] "Console<0><Console><Console>" changed cvar (cvar "sv_maxrate") (value "64000")
L 07/28/2025 - 18:07:12: [basecommands.smx] "Console<0><Console><Console>" changed cvar (cvar "sv_mincmdrate") (value "64")
L 07/28/2025 - 18:07:12: [basecommands.smx] "Console<0><Console><Console>" changed cvar (cvar "sv_maxcmdrate") (value "64")
L 07/28/2025 - 18:07:12: [basecommands.smx] "Console<0><Console><Console>" changed cvar (cvar "sv_minupdaterate") (value "64")
L 07/28/2025 - 18:07:12: [basecommands.smx] "Console<0><Console><Console>" changed cvar (cvar "sv_maxupdaterate") (value "64")
L 07/28/2025 - 18:07:12: [basecommands.smx] "Console<0><Console><Console>" changed cvar (cvar "sv_client_min_interp_ratio") (value "-1")
L 07/28/2025 - 18:07:12: [basecommands.smx] "Console<0><Console><Console>" changed cvar (cvar "sv_client_max_interp_ratio") (value "2")
L 07/28/2025 - 18:08:39: SourceMod log file session started (file "/home/steam/game_server/Left_4_Dead_2/left4dead2/addons/sourcemod/logs/L20250728.log") (Version "1.12.0.7207")
L 07/28/2025 - 18:08:39: [basecommands.smx] "Console<0><Console><Console>" changed cvar (cvar "z_difficulty") (value "hard")
L 07/28/2025 - 18:08:39: [basecommands.smx] "Console<0><Console><Console>" changed cvar (cvar "survivor_friendly_fire_factor_hard") (value "0.2")
L 07/28/2025 - 18:08:39: [basecommands.smx] "Console<0><Console><Console>" changed cvar (cvar "survivor_burn_factor_hard") (value "0.5")
L 07/28/2025 - 18:08:39: [basecommands.smx] "Console<0><Console><Console>" changed cvar (cvar "fps_max") (value "144")
L 07/28/2025 - 18:08:39: [basecommands.smx] "Console<0><Console><Console>" changed cvar (cvar "net_splitpacket_maxrate") (value "32000")
L 07/28/2025 - 18:08:39: [basecommands.smx] "Console<0><Console><Console>" changed cvar (cvar "nb_update_frequency") (value "0.024")
L 07/28/2025 - 18:08:39: [basecommands.smx] "Console<0><Console><Console>" changed cvar (cvar "sv_minrate") (value "64000")
L 07/28/2025 - 18:08:39: [basecommands.smx] "Console<0><Console><Console>" changed cvar (cvar "sv_maxrate") (value "64000")
L 07/28/2025 - 18:08:39: [basecommands.smx] "Console<0><Console><Console>" changed cvar (cvar "sv_mincmdrate") (value "64")
L 07/28/2025 - 18:08:39: [basecommands.smx] "Console<0><Console><Console>" changed cvar (cvar "sv_maxcmdrate") (value "64")
L 07/28/2025 - 18:08:39: [basecommands.smx] "Console<0><Console><Console>" changed cvar (cvar "sv_minupdaterate") (value "64")
L 07/28/2025 - 18:08:39: [basecommands.smx] "Console<0><Console><Console>" changed cvar (cvar "sv_maxupdaterate") (value "64")
L 07/28/2025 - 18:08:39: [basecommands.smx] "Console<0><Console><Console>" changed cvar (cvar "sv_client_min_interp_ratio") (value "-1")
L 07/28/2025 - 18:08:39: [basecommands.smx] "Console<0><Console><Console>" changed cvar (cvar "sv_client_max_interp_ratio") (value "2")
L 07/28/2025 - 18:09:41: -------- Mapchange to c1m1_hotel --------
L 07/28/2025 - 18:09:42: [basecommands.smx] "Console<0><Console><Console>" changed cvar (cvar "z_difficulty") (value "hard")
L 07/28/2025 - 18:09:42: [basecommands.smx] "Console<0><Console><Console>" changed cvar (cvar "survivor_friendly_fire_factor_hard") (value "0.2")
L 07/28/2025 - 18:09:42: [basecommands.smx] "Console<0><Console><Console>" changed cvar (cvar "survivor_burn_factor_hard") (value "0.5")
L 07/28/2025 - 18:09:42: [basecommands.smx] "Console<0><Console><Console>" changed cvar (cvar "fps_max") (value "144")
L 07/28/2025 - 18:09:42: [basecommands.smx] "Console<0><Console><Console>" changed cvar (cvar "net_splitpacket_maxrate") (value "32000")
L 07/28/2025 - 18:09:42: [basecommands.smx] "Console<0><Console><Console>" changed cvar (cvar "nb_update_frequency") (value "0.024")
L 07/28/2025 - 18:09:42: [basecommands.smx] "Console<0><Console><Console>" changed cvar (cvar "sv_minrate") (value "64000")
L 07/28/2025 - 18:09:42: [basecommands.smx] "Console<0><Console><Console>" changed cvar (cvar "sv_maxrate") (value "64000")
L 07/28/2025 - 18:09:42: [basecommands.smx] "Console<0><Console><Console>" changed cvar (cvar "sv_mincmdrate") (value "64")
L 07/28/2025 - 18:09:42: [basecommands.smx] "Console<0><Console><Console>" changed cvar (cvar "sv_maxcmdrate") (value "64")
L 07/28/2025 - 18:09:42: [basecommands.smx] "Console<0><Console><Console>" changed cvar (cvar "sv_minupdaterate") (value "64")
L 07/28/2025 - 18:09:42: [basecommands.smx] "Console<0><Console><Console>" changed cvar (cvar "sv_maxupdaterate") (value "64")
L 07/28/2025 - 18:09:42: [basecommands.smx] "Console<0><Console><Console>" changed cvar (cvar "sv_client_min_interp_ratio") (value "-1")
L 07/28/2025 - 18:09:42: [basecommands.smx] "Console<0><Console><Console>" changed cvar (cvar "sv_client_max_interp_ratio") (value "2")
L 07/28/2025 - 18:27:15: Log file closed.
L 07/28/2025 - 18:28:17: SourceMod log file session started (file "/home/steam/game_server/Left_4_Dead_2/left4dead2/addons/sourcemod/logs/L20250728.log") (Version "1.12.0.7207")
L 07/28/2025 - 18:28:17: [basecommands.smx] "Console<0><Console><Console>" changed cvar (cvar "z_difficulty") (value "hard")
L 07/28/2025 - 18:28:17: [basecommands.smx] "Console<0><Console><Console>" changed cvar (cvar "survivor_friendly_fire_factor_hard") (value "0.2")
L 07/28/2025 - 18:28:17: [basecommands.smx] "Console<0><Console><Console>" changed cvar (cvar "survivor_burn_factor_hard") (value "0.5")
L 07/28/2025 - 18:28:17: [basecommands.smx] "Console<0><Console><Console>" changed cvar (cvar "fps_max") (value "144")
L 07/28/2025 - 18:28:17: [basecommands.smx] "Console<0><Console><Console>" changed cvar (cvar "net_splitpacket_maxrate") (value "32000")
L 07/28/2025 - 18:28:17: [basecommands.smx] "Console<0><Console><Console>" changed cvar (cvar "nb_update_frequency") (value "0.024")
L 07/28/2025 - 18:28:17: [basecommands.smx] "Console<0><Console><Console>" changed cvar (cvar "sv_minrate") (value "64000")
L 07/28/2025 - 18:28:17: [basecommands.smx] "Console<0><Console><Console>" changed cvar (cvar "sv_maxrate") (value "64000")
L 07/28/2025 - 18:28:17: [basecommands.smx] "Console<0><Console><Console>" changed cvar (cvar "sv_mincmdrate") (value "64")
L 07/28/2025 - 18:28:17: [basecommands.smx] "Console<0><Console><Console>" changed cvar (cvar "sv_maxcmdrate") (value "64")
L 07/28/2025 - 18:28:17: [basecommands.smx] "Console<0><Console><Console>" changed cvar (cvar "sv_minupdaterate") (value "64")
L 07/28/2025 - 18:28:17: [basecommands.smx] "Console<0><Console><Console>" changed cvar (cvar "sv_maxupdaterate") (value "64")
L 07/28/2025 - 18:28:17: [basecommands.smx] "Console<0><Console><Console>" changed cvar (cvar "sv_client_min_interp_ratio") (value "-1")
L 07/28/2025 - 18:28:17: [basecommands.smx] "Console<0><Console><Console>" changed cvar (cvar "sv_client_max_interp_ratio") (value "2")
L 07/28/2025 - 18:29:00: SourceMod log file session started (file "/home/steam/game_server/Left_4_Dead_2/left4dead2/addons/sourcemod/logs/L20250728.log") (Version "1.12.0.7207")
L 07/28/2025 - 18:29:00: [basecommands.smx] "Console<0><Console><Console>" changed cvar (cvar "z_difficulty") (value "hard")
L 07/28/2025 - 18:29:00: [basecommands.smx] "Console<0><Console><Console>" changed cvar (cvar "survivor_friendly_fire_factor_hard") (value "0.2")
L 07/28/2025 - 18:29:00: [basecommands.smx] "Console<0><Console><Console>" changed cvar (cvar "survivor_burn_factor_hard") (value "0.5")
L 07/28/2025 - 18:29:00: [basecommands.smx] "Console<0><Console><Console>" changed cvar (cvar "fps_max") (value "144")
L 07/28/2025 - 18:29:00: [basecommands.smx] "Console<0><Console><Console>" changed cvar (cvar "net_splitpacket_maxrate") (value "32000")
L 07/28/2025 - 18:29:00: [basecommands.smx] "Console<0><Console><Console>" changed cvar (cvar "nb_update_frequency") (value "0.024")
L 07/28/2025 - 18:29:00: [basecommands.smx] "Console<0><Console><Console>" changed cvar (cvar "sv_minrate") (value "64000")
L 07/28/2025 - 18:29:00: [basecommands.smx] "Console<0><Console><Console>" changed cvar (cvar "sv_maxrate") (value "64000")
L 07/28/2025 - 18:29:00: [basecommands.smx] "Console<0><Console><Console>" changed cvar (cvar "sv_mincmdrate") (value "64")
L 07/28/2025 - 18:29:00: [basecommands.smx] "Console<0><Console><Console>" changed cvar (cvar "sv_maxcmdrate") (value "64")
L 07/28/2025 - 18:29:00: [basecommands.smx] "Console<0><Console><Console>" changed cvar (cvar "sv_minupdaterate") (value "64")
L 07/28/2025 - 18:29:00: [basecommands.smx] "Console<0><Console><Console>" changed cvar (cvar "sv_maxupdaterate") (value "64")
L 07/28/2025 - 18:29:00: [basecommands.smx] "Console<0><Console><Console>" changed cvar (cvar "sv_client_min_interp_ratio") (value "-1")
L 07/28/2025 - 18:29:00: [basecommands.smx] "Console<0><Console><Console>" changed cvar (cvar "sv_client_max_interp_ratio") (value "2")
L 07/28/2025 - 18:43:51: SourceMod log file session started (file "/home/steam/game_server/Left_4_Dead_2/left4dead2/addons/sourcemod/logs/L20250728.log") (Version "1.12.0.7207")
L 07/28/2025 - 18:43:51: [basecommands.smx] "Console<0><Console><Console>" changed cvar (cvar "z_difficulty") (value "hard")
L 07/28/2025 - 18:43:51: [basecommands.smx] "Console<0><Console><Console>" changed cvar (cvar "survivor_friendly_fire_factor_hard") (value "0.2")
L 07/28/2025 - 18:43:51: [basecommands.smx] "Console<0><Console><Console>" changed cvar (cvar "survivor_burn_factor_hard") (value "0.5")
L 07/28/2025 - 18:43:51: [basecommands.smx] "Console<0><Console><Console>" changed cvar (cvar "fps_max") (value "144")
L 07/28/2025 - 18:43:51: [basecommands.smx] "Console<0><Console><Console>" changed cvar (cvar "net_splitpacket_maxrate") (value "32000")
L 07/28/2025 - 18:43:51: [basecommands.smx] "Console<0><Console><Console>" changed cvar (cvar "nb_update_frequency") (value "0.024")
L 07/28/2025 - 18:43:51: [basecommands.smx] "Console<0><Console><Console>" changed cvar (cvar "sv_minrate") (value "64000")
L 07/28/2025 - 18:43:51: [basecommands.smx] "Console<0><Console><Console>" changed cvar (cvar "sv_maxrate") (value "64000")
L 07/28/2025 - 18:43:51: [basecommands.smx] "Console<0><Console><Console>" changed cvar (cvar "sv_mincmdrate") (value "64")
L 07/28/2025 - 18:43:51: [basecommands.smx] "Console<0><Console><Console>" changed cvar (cvar "sv_maxcmdrate") (value "64")
L 07/28/2025 - 18:43:51: [basecommands.smx] "Console<0><Console><Console>" changed cvar (cvar "sv_minupdaterate") (value "64")
L 07/28/2025 - 18:43:51: [basecommands.smx] "Console<0><Console><Console>" changed cvar (cvar "sv_maxupdaterate") (value "64")
L 07/28/2025 - 18:43:51: [basecommands.smx] "Console<0><Console><Console>" changed cvar (cvar "sv_client_min_interp_ratio") (value "-1")
L 07/28/2025 - 18:43:51: [basecommands.smx] "Console<0><Console><Console>" changed cvar (cvar "sv_client_max_interp_ratio") (value "2")
L 07/28/2025 - 18:47:19: -------- Mapchange to c1m1_hotel --------
L 07/28/2025 - 18:47:20: [basecommands.smx] "Console<0><Console><Console>" changed cvar (cvar "z_difficulty") (value "hard")
L 07/28/2025 - 18:47:20: [basecommands.smx] "Console<0><Console><Console>" changed cvar (cvar "survivor_friendly_fire_factor_hard") (value "0.2")
L 07/28/2025 - 18:47:20: [basecommands.smx] "Console<0><Console><Console>" changed cvar (cvar "survivor_burn_factor_hard") (value "0.5")
L 07/28/2025 - 18:47:20: [basecommands.smx] "Console<0><Console><Console>" changed cvar (cvar "fps_max") (value "144")
L 07/28/2025 - 18:47:20: [basecommands.smx] "Console<0><Console><Console>" changed cvar (cvar "net_splitpacket_maxrate") (value "32000")
L 07/28/2025 - 18:47:20: [basecommands.smx] "Console<0><Console><Console>" changed cvar (cvar "nb_update_frequency") (value "0.024")
L 07/28/2025 - 18:47:20: [basecommands.smx] "Console<0><Console><Console>" changed cvar (cvar "sv_minrate") (value "64000")
L 07/28/2025 - 18:47:20: [basecommands.smx] "Console<0><Console><Console>" changed cvar (cvar "sv_maxrate") (value "64000")
L 07/28/2025 - 18:47:20: [basecommands.smx] "Console<0><Console><Console>" changed cvar (cvar "sv_mincmdrate") (value "64")
L 07/28/2025 - 18:47:20: [basecommands.smx] "Console<0><Console><Console>" changed cvar (cvar "sv_maxcmdrate") (value "64")
L 07/28/2025 - 18:47:20: [basecommands.smx] "Console<0><Console><Console>" changed cvar (cvar "sv_minupdaterate") (value "64")
L 07/28/2025 - 18:47:20: [basecommands.smx] "Console<0><Console><Console>" changed cvar (cvar "sv_maxupdaterate") (value "64")
L 07/28/2025 - 18:47:20: [basecommands.smx] "Console<0><Console><Console>" changed cvar (cvar "sv_client_min_interp_ratio") (value "-1")
L 07/28/2025 - 18:47:20: [basecommands.smx] "Console<0><Console><Console>" changed cvar (cvar "sv_client_max_interp_ratio") (value "2")
L 07/28/2025 - 18:47:24: Log file closed.
L 07/28/2025 - 18:48:06: SourceMod log file session started (file "/home/steam/game_server/Left_4_Dead_2/left4dead2/addons/sourcemod/logs/L20250728.log") (Version "1.12.0.7207")
L 07/28/2025 - 18:48:06: [basecommands.smx] "Console<0><Console><Console>" changed cvar (cvar "z_difficulty") (value "hard")
L 07/28/2025 - 18:48:06: [basecommands.smx] "Console<0><Console><Console>" changed cvar (cvar "survivor_friendly_fire_factor_hard") (value "0.2")
L 07/28/2025 - 18:48:06: [basecommands.smx] "Console<0><Console><Console>" changed cvar (cvar "survivor_burn_factor_hard") (value "0.5")
L 07/28/2025 - 18:48:06: [basecommands.smx] "Console<0><Console><Console>" changed cvar (cvar "fps_max") (value "144")
L 07/28/2025 - 18:48:06: [basecommands.smx] "Console<0><Console><Console>" changed cvar (cvar "net_splitpacket_maxrate") (value "32000")
L 07/28/2025 - 18:48:06: [basecommands.smx] "Console<0><Console><Console>" changed cvar (cvar "nb_update_frequency") (value "0.024")
L 07/28/2025 - 18:48:06: [basecommands.smx] "Console<0><Console><Console>" changed cvar (cvar "sv_minrate") (value "64000")
L 07/28/2025 - 18:48:06: [basecommands.smx] "Console<0><Console><Console>" changed cvar (cvar "sv_maxrate") (value "64000")
L 07/28/2025 - 18:48:06: [basecommands.smx] "Console<0><Console><Console>" changed cvar (cvar "sv_mincmdrate") (value "64")
L 07/28/2025 - 18:48:06: [basecommands.smx] "Console<0><Console><Console>" changed cvar (cvar "sv_maxcmdrate") (value "64")
L 07/28/2025 - 18:48:06: [basecommands.smx] "Console<0><Console><Console>" changed cvar (cvar "sv_minupdaterate") (value "64")
L 07/28/2025 - 18:48:06: [basecommands.smx] "Console<0><Console><Console>" changed cvar (cvar "sv_maxupdaterate") (value "64")
L 07/28/2025 - 18:48:06: [basecommands.smx] "Console<0><Console><Console>" changed cvar (cvar "sv_client_min_interp_ratio") (value "-1")
L 07/28/2025 - 18:48:06: [basecommands.smx] "Console<0><Console><Console>" changed cvar (cvar "sv_client_max_interp_ratio") (value "2")
L 07/28/2025 - 18:49:32: -------- Mapchange to c1m1_hotel --------
L 07/28/2025 - 18:49:33: [basecommands.smx] "Console<0><Console><Console>" changed cvar (cvar "z_difficulty") (value "hard")
L 07/28/2025 - 18:49:33: [basecommands.smx] "Console<0><Console><Console>" changed cvar (cvar "survivor_friendly_fire_factor_hard") (value "0.2")
L 07/28/2025 - 18:49:33: [basecommands.smx] "Console<0><Console><Console>" changed cvar (cvar "survivor_burn_factor_hard") (value "0.5")
L 07/28/2025 - 18:49:33: [basecommands.smx] "Console<0><Console><Console>" changed cvar (cvar "fps_max") (value "144")
L 07/28/2025 - 18:49:33: [basecommands.smx] "Console<0><Console><Console>" changed cvar (cvar "net_splitpacket_maxrate") (value "32000")
L 07/28/2025 - 18:49:33: [basecommands.smx] "Console<0><Console><Console>" changed cvar (cvar "nb_update_frequency") (value "0.024")
L 07/28/2025 - 18:49:33: [basecommands.smx] "Console<0><Console><Console>" changed cvar (cvar "sv_minrate") (value "64000")
L 07/28/2025 - 18:49:33: [basecommands.smx] "Console<0><Console><Console>" changed cvar (cvar "sv_maxrate") (value "64000")
L 07/28/2025 - 18:49:33: [basecommands.smx] "Console<0><Console><Console>" changed cvar (cvar "sv_mincmdrate") (value "64")
L 07/28/2025 - 18:49:33: [basecommands.smx] "Console<0><Console><Console>" changed cvar (cvar "sv_maxcmdrate") (value "64")
L 07/28/2025 - 18:49:33: [basecommands.smx] "Console<0><Console><Console>" changed cvar (cvar "sv_minupdaterate") (value "64")
L 07/28/2025 - 18:49:33: [basecommands.smx] "Console<0><Console><Console>" changed cvar (cvar "sv_maxupdaterate") (value "64")
L 07/28/2025 - 18:49:33: [basecommands.smx] "Console<0><Console><Console>" changed cvar (cvar "sv_client_min_interp_ratio") (value "-1")
L 07/28/2025 - 18:49:33: [basecommands.smx] "Console<0><Console><Console>" changed cvar (cvar "sv_client_max_interp_ratio") (value "2")
L 07/28/2025 - 18:49:36: Log file closed.
L 07/28/2025 - 18:52:42: SourceMod log file session started (file "/home/steam/game_server/Left_4_Dead_2/left4dead2/addons/sourcemod/logs/L20250728.log") (Version "1.12.0.7207")
L 07/28/2025 - 18:52:42: [basecommands.smx] "Console<0><Console><Console>" changed cvar (cvar "hostname") (value "")
L 07/28/2025 - 18:52:42: [basecommands.smx] "Console<0><Console><Console>" changed cvar (cvar "z_difficulty") (value "hard")
L 07/28/2025 - 18:52:42: [basecommands.smx] "Console<0><Console><Console>" changed cvar (cvar "survivor_friendly_fire_factor_hard") (value "0.2")
L 07/28/2025 - 18:52:42: [basecommands.smx] "Console<0><Console><Console>" changed cvar (cvar "survivor_burn_factor_hard") (value "0.5")
L 07/28/2025 - 18:52:42: [basecommands.smx] "Console<0><Console><Console>" changed cvar (cvar "fps_max") (value "144")
L 07/28/2025 - 18:52:42: [basecommands.smx] "Console<0><Console><Console>" changed cvar (cvar "net_splitpacket_maxrate") (value "32000")
L 07/28/2025 - 18:52:42: [basecommands.smx] "Console<0><Console><Console>" changed cvar (cvar "nb_update_frequency") (value "0.024")
L 07/28/2025 - 18:52:42: [basecommands.smx] "Console<0><Console><Console>" changed cvar (cvar "sv_minrate") (value "64000")
L 07/28/2025 - 18:52:42: [basecommands.smx] "Console<0><Console><Console>" changed cvar (cvar "sv_maxrate") (value "64000")
L 07/28/2025 - 18:52:42: [basecommands.smx] "Console<0><Console><Console>" changed cvar (cvar "sv_mincmdrate") (value "64")
L 07/28/2025 - 18:52:42: [basecommands.smx] "Console<0><Console><Console>" changed cvar (cvar "sv_maxcmdrate") (value "64")
L 07/28/2025 - 18:52:42: [basecommands.smx] "Console<0><Console><Console>" changed cvar (cvar "sv_minupdaterate") (value "64")
L 07/28/2025 - 18:52:42: [basecommands.smx] "Console<0><Console><Console>" changed cvar (cvar "sv_maxupdaterate") (value "64")
L 07/28/2025 - 18:52:42: [basecommands.smx] "Console<0><Console><Console>" changed cvar (cvar "sv_client_min_interp_ratio") (value "-1")
L 07/28/2025 - 18:52:42: [basecommands.smx] "Console<0><Console><Console>" changed cvar (cvar "sv_client_max_interp_ratio") (value "2")
L 07/28/2025 - 18:53:12: [basecommands.smx] "Console<0><Console><Console>" changed cvar (cvar "hostname") (value "test")
L 07/28/2025 - 18:54:11: Log file closed.
L 07/28/2025 - 18:54:58: SourceMod log file session started (file "/home/steam/game_server/Left_4_Dead_2/left4dead2/addons/sourcemod/logs/L20250728.log") (Version "1.12.0.7207")
L 07/28/2025 - 18:54:58: [basecommands.smx] "Console<0><Console><Console>" changed cvar (cvar "hostname") (value "")
L 07/28/2025 - 18:54:58: [basecommands.smx] "Console<0><Console><Console>" changed cvar (cvar "z_difficulty") (value "hard")
L 07/28/2025 - 18:54:58: [basecommands.smx] "Console<0><Console><Console>" changed cvar (cvar "survivor_friendly_fire_factor_hard") (value "0.2")
L 07/28/2025 - 18:54:58: [basecommands.smx] "Console<0><Console><Console>" changed cvar (cvar "survivor_burn_factor_hard") (value "0.5")
L 07/28/2025 - 18:54:58: [basecommands.smx] "Console<0><Console><Console>" changed cvar (cvar "fps_max") (value "144")
L 07/28/2025 - 18:54:58: [basecommands.smx] "Console<0><Console><Console>" changed cvar (cvar "net_splitpacket_maxrate") (value "32000")
L 07/28/2025 - 18:54:58: [basecommands.smx] "Console<0><Console><Console>" changed cvar (cvar "nb_update_frequency") (value "0.024")
L 07/28/2025 - 18:54:58: [basecommands.smx] "Console<0><Console><Console>" changed cvar (cvar "sv_minrate") (value "64000")
L 07/28/2025 - 18:54:58: [basecommands.smx] "Console<0><Console><Console>" changed cvar (cvar "sv_maxrate") (value "64000")
L 07/28/2025 - 18:54:58: [basecommands.smx] "Console<0><Console><Console>" changed cvar (cvar "sv_mincmdrate") (value "64")
L 07/28/2025 - 18:54:58: [basecommands.smx] "Console<0><Console><Console>" changed cvar (cvar "sv_maxcmdrate") (value "64")
L 07/28/2025 - 18:54:58: [basecommands.smx] "Console<0><Console><Console>" changed cvar (cvar "sv_minupdaterate") (value "64")
L 07/28/2025 - 18:54:58: [basecommands.smx] "Console<0><Console><Console>" changed cvar (cvar "sv_maxupdaterate") (value "64")
L 07/28/2025 - 18:54:58: [basecommands.smx] "Console<0><Console><Console>" changed cvar (cvar "sv_client_min_interp_ratio") (value "-1")
L 07/28/2025 - 18:54:58: [basecommands.smx] "Console<0><Console><Console>" changed cvar (cvar "sv_client_max_interp_ratio") (value "2")
L 07/28/2025 - 18:58:55: -------- Mapchange to c1m1_hotel --------
L 07/28/2025 - 18:58:56: [basecommands.smx] "Console<0><Console><Console>" changed cvar (cvar "hostname") (value "")
L 07/28/2025 - 18:58:56: [basecommands.smx] "Console<0><Console><Console>" changed cvar (cvar "z_difficulty") (value "hard")
L 07/28/2025 - 18:58:56: [basecommands.smx] "Console<0><Console><Console>" changed cvar (cvar "survivor_friendly_fire_factor_hard") (value "0.2")
L 07/28/2025 - 18:58:56: [basecommands.smx] "Console<0><Console><Console>" changed cvar (cvar "survivor_burn_factor_hard") (value "0.5")
L 07/28/2025 - 18:58:56: [basecommands.smx] "Console<0><Console><Console>" changed cvar (cvar "fps_max") (value "144")
L 07/28/2025 - 18:58:56: [basecommands.smx] "Console<0><Console><Console>" changed cvar (cvar "net_splitpacket_maxrate") (value "32000")
L 07/28/2025 - 18:58:56: [basecommands.smx] "Console<0><Console><Console>" changed cvar (cvar "nb_update_frequency") (value "0.024")
L 07/28/2025 - 18:58:56: [basecommands.smx] "Console<0><Console><Console>" changed cvar (cvar "sv_minrate") (value "64000")
L 07/28/2025 - 18:58:56: [basecommands.smx] "Console<0><Console><Console>" changed cvar (cvar "sv_maxrate") (value "64000")
L 07/28/2025 - 18:58:56: [basecommands.smx] "Console<0><Console><Console>" changed cvar (cvar "sv_mincmdrate") (value "64")
L 07/28/2025 - 18:58:56: [basecommands.smx] "Console<0><Console><Console>" changed cvar (cvar "sv_maxcmdrate") (value "64")
L 07/28/2025 - 18:58:56: [basecommands.smx] "Console<0><Console><Console>" changed cvar (cvar "sv_minupdaterate") (value "64")
L 07/28/2025 - 18:58:56: [basecommands.smx] "Console<0><Console><Console>" changed cvar (cvar "sv_maxupdaterate") (value "64")
L 07/28/2025 - 18:58:56: [basecommands.smx] "Console<0><Console><Console>" changed cvar (cvar "sv_client_min_interp_ratio") (value "-1")
L 07/28/2025 - 18:58:56: [basecommands.smx] "Console<0><Console><Console>" changed cvar (cvar "sv_client_max_interp_ratio") (value "2")
L 07/28/2025 - 19:43:46: SourceMod log file session started (file "/home/steam/game_server/Left_4_Dead_2/left4dead2/addons/sourcemod/logs/L20250728.log") (Version "1.12.0.7207")
L 07/28/2025 - 19:43:46: [basecommands.smx] "Console<0><Console><Console>" changed cvar (cvar "hostname") (value "")
L 07/28/2025 - 19:43:46: [basecommands.smx] "Console<0><Console><Console>" changed cvar (cvar "z_difficulty") (value "hard")
L 07/28/2025 - 19:43:46: [basecommands.smx] "Console<0><Console><Console>" changed cvar (cvar "survivor_friendly_fire_factor_hard") (value "0.2")
L 07/28/2025 - 19:43:46: [basecommands.smx] "Console<0><Console><Console>" changed cvar (cvar "survivor_burn_factor_hard") (value "0.5")
L 07/28/2025 - 19:43:46: [basecommands.smx] "Console<0><Console><Console>" changed cvar (cvar "fps_max") (value "144")
L 07/28/2025 - 19:43:46: [basecommands.smx] "Console<0><Console><Console>" changed cvar (cvar "net_splitpacket_maxrate") (value "32000")
L 07/28/2025 - 19:43:46: [basecommands.smx] "Console<0><Console><Console>" changed cvar (cvar "nb_update_frequency") (value "0.024")
L 07/28/2025 - 19:43:46: [basecommands.smx] "Console<0><Console><Console>" changed cvar (cvar "sv_minrate") (value "64000")
L 07/28/2025 - 19:43:46: [basecommands.smx] "Console<0><Console><Console>" changed cvar (cvar "sv_maxrate") (value "64000")
L 07/28/2025 - 19:43:46: [basecommands.smx] "Console<0><Console><Console>" changed cvar (cvar "sv_mincmdrate") (value "64")
L 07/28/2025 - 19:43:46: [basecommands.smx] "Console<0><Console><Console>" changed cvar (cvar "sv_maxcmdrate") (value "64")
L 07/28/2025 - 19:43:46: [basecommands.smx] "Console<0><Console><Console>" changed cvar (cvar "sv_minupdaterate") (value "64")
L 07/28/2025 - 19:43:46: [basecommands.smx] "Console<0><Console><Console>" changed cvar (cvar "sv_maxupdaterate") (value "64")
L 07/28/2025 - 19:43:46: [basecommands.smx] "Console<0><Console><Console>" changed cvar (cvar "sv_client_min_interp_ratio") (value "-1")
L 07/28/2025 - 19:43:46: [basecommands.smx] "Console<0><Console><Console>" changed cvar (cvar "sv_client_max_interp_ratio") (value "2")
L 07/28/2025 - 19:46:00: -------- Mapchange to c1m1_hotel --------
L 07/28/2025 - 19:46:01: [basecommands.smx] "Console<0><Console><Console>" changed cvar (cvar "hostname") (value "")
L 07/28/2025 - 19:46:01: [basecommands.smx] "Console<0><Console><Console>" changed cvar (cvar "z_difficulty") (value "hard")
L 07/28/2025 - 19:46:01: [basecommands.smx] "Console<0><Console><Console>" changed cvar (cvar "survivor_friendly_fire_factor_hard") (value "0.2")
L 07/28/2025 - 19:46:01: [basecommands.smx] "Console<0><Console><Console>" changed cvar (cvar "survivor_burn_factor_hard") (value "0.5")
L 07/28/2025 - 19:46:01: [basecommands.smx] "Console<0><Console><Console>" changed cvar (cvar "fps_max") (value "144")
L 07/28/2025 - 19:46:01: [basecommands.smx] "Console<0><Console><Console>" changed cvar (cvar "net_splitpacket_maxrate") (value "32000")
L 07/28/2025 - 19:46:01: [basecommands.smx] "Console<0><Console><Console>" changed cvar (cvar "nb_update_frequency") (value "0.024")
L 07/28/2025 - 19:46:01: [basecommands.smx] "Console<0><Console><Console>" changed cvar (cvar "sv_minrate") (value "64000")
L 07/28/2025 - 19:46:01: [basecommands.smx] "Console<0><Console><Console>" changed cvar (cvar "sv_maxrate") (value "64000")
L 07/28/2025 - 19:46:01: [basecommands.smx] "Console<0><Console><Console>" changed cvar (cvar "sv_mincmdrate") (value "64")
L 07/28/2025 - 19:46:01: [basecommands.smx] "Console<0><Console><Console>" changed cvar (cvar "sv_maxcmdrate") (value "64")
L 07/28/2025 - 19:46:01: [basecommands.smx] "Console<0><Console><Console>" changed cvar (cvar "sv_minupdaterate") (value "64")
L 07/28/2025 - 19:46:01: [basecommands.smx] "Console<0><Console><Console>" changed cvar (cvar "sv_maxupdaterate") (value "64")
L 07/28/2025 - 19:46:01: [basecommands.smx] "Console<0><Console><Console>" changed cvar (cvar "sv_client_min_interp_ratio") (value "-1")
L 07/28/2025 - 19:46:01: [basecommands.smx] "Console<0><Console><Console>" changed cvar (cvar "sv_client_max_interp_ratio") (value "2")
L 07/28/2025 - 19:48:10: Log file closed.
L 07/28/2025 - 19:48:21: SourceMod log file session started (file "/home/steam/game_server/Left_4_Dead_2/left4dead2/addons/sourcemod/logs/L20250728.log") (Version "1.12.0.7207")
L 07/28/2025 - 19:48:21: [basecommands.smx] "Console<0><Console><Console>" changed cvar (cvar "hostname") (value "")
L 07/28/2025 - 19:48:21: [basecommands.smx] "Console<0><Console><Console>" changed cvar (cvar "z_difficulty") (value "hard")
L 07/28/2025 - 19:48:21: [basecommands.smx] "Console<0><Console><Console>" changed cvar (cvar "survivor_friendly_fire_factor_hard") (value "0.2")
L 07/28/2025 - 19:48:21: [basecommands.smx] "Console<0><Console><Console>" changed cvar (cvar "survivor_burn_factor_hard") (value "0.5")
L 07/28/2025 - 19:48:21: [basecommands.smx] "Console<0><Console><Console>" changed cvar (cvar "fps_max") (value "144")
L 07/28/2025 - 19:48:21: [basecommands.smx] "Console<0><Console><Console>" changed cvar (cvar "net_splitpacket_maxrate") (value "32000")
L 07/28/2025 - 19:48:21: [basecommands.smx] "Console<0><Console><Console>" changed cvar (cvar "nb_update_frequency") (value "0.024")
L 07/28/2025 - 19:48:21: [basecommands.smx] "Console<0><Console><Console>" changed cvar (cvar "sv_minrate") (value "64000")
L 07/28/2025 - 19:48:21: [basecommands.smx] "Console<0><Console><Console>" changed cvar (cvar "sv_maxrate") (value "64000")
L 07/28/2025 - 19:48:21: [basecommands.smx] "Console<0><Console><Console>" changed cvar (cvar "sv_mincmdrate") (value "64")
L 07/28/2025 - 19:48:21: [basecommands.smx] "Console<0><Console><Console>" changed cvar (cvar "sv_maxcmdrate") (value "64")
L 07/28/2025 - 19:48:21: [basecommands.smx] "Console<0><Console><Console>" changed cvar (cvar "sv_minupdaterate") (value "64")
L 07/28/2025 - 19:48:21: [basecommands.smx] "Console<0><Console><Console>" changed cvar (cvar "sv_maxupdaterate") (value "64")
L 07/28/2025 - 19:48:21: [basecommands.smx] "Console<0><Console><Console>" changed cvar (cvar "sv_client_min_interp_ratio") (value "-1")
L 07/28/2025 - 19:48:21: [basecommands.smx] "Console<0><Console><Console>" changed cvar (cvar "sv_client_max_interp_ratio") (value "2")
L 07/28/2025 - 19:49:01: SourceMod log file session started (file "/home/steam/game_server/Left_4_Dead_2/left4dead2/addons/sourcemod/logs/L20250728.log") (Version "1.12.0.7207")
L 07/28/2025 - 19:49:01: [basecommands.smx] "Console<0><Console><Console>" changed cvar (cvar "hostname") (value "")
L 07/28/2025 - 19:49:01: [basecommands.smx] "Console<0><Console><Console>" changed cvar (cvar "z_difficulty") (value "hard")
L 07/28/2025 - 19:49:01: [basecommands.smx] "Console<0><Console><Console>" changed cvar (cvar "survivor_friendly_fire_factor_hard") (value "0.2")
L 07/28/2025 - 19:49:01: [basecommands.smx] "Console<0><Console><Console>" changed cvar (cvar "survivor_burn_factor_hard") (value "0.5")
L 07/28/2025 - 19:49:01: [basecommands.smx] "Console<0><Console><Console>" changed cvar (cvar "fps_max") (value "144")
L 07/28/2025 - 19:49:01: [basecommands.smx] "Console<0><Console><Console>" changed cvar (cvar "net_splitpacket_maxrate") (value "32000")
L 07/28/2025 - 19:49:01: [basecommands.smx] "Console<0><Console><Console>" changed cvar (cvar "nb_update_frequency") (value "0.024")
L 07/28/2025 - 19:49:01: [basecommands.smx] "Console<0><Console><Console>" changed cvar (cvar "sv_minrate") (value "64000")
L 07/28/2025 - 19:49:01: [basecommands.smx] "Console<0><Console><Console>" changed cvar (cvar "sv_maxrate") (value "64000")
L 07/28/2025 - 19:49:01: [basecommands.smx] "Console<0><Console><Console>" changed cvar (cvar "sv_mincmdrate") (value "64")
L 07/28/2025 - 19:49:01: [basecommands.smx] "Console<0><Console><Console>" changed cvar (cvar "sv_maxcmdrate") (value "64")
L 07/28/2025 - 19:49:01: [basecommands.smx] "Console<0><Console><Console>" changed cvar (cvar "sv_minupdaterate") (value "64")
L 07/28/2025 - 19:49:01: [basecommands.smx] "Console<0><Console><Console>" changed cvar (cvar "sv_maxupdaterate") (value "64")
L 07/28/2025 - 19:49:01: [basecommands.smx] "Console<0><Console><Console>" changed cvar (cvar "sv_client_min_interp_ratio") (value "-1")
L 07/28/2025 - 19:49:01: [basecommands.smx] "Console<0><Console><Console>" changed cvar (cvar "sv_client_max_interp_ratio") (value "2")
L 07/28/2025 - 19:52:47: -------- Mapchange to c1m1_hotel --------
L 07/28/2025 - 19:52:48: [basecommands.smx] "Console<0><Console><Console>" changed cvar (cvar "hostname") (value "")
L 07/28/2025 - 19:52:48: [basecommands.smx] "Console<0><Console><Console>" changed cvar (cvar "z_difficulty") (value "hard")
L 07/28/2025 - 19:52:48: [basecommands.smx] "Console<0><Console><Console>" changed cvar (cvar "survivor_friendly_fire_factor_hard") (value "0.2")
L 07/28/2025 - 19:52:48: [basecommands.smx] "Console<0><Console><Console>" changed cvar (cvar "survivor_burn_factor_hard") (value "0.5")
L 07/28/2025 - 19:52:48: [basecommands.smx] "Console<0><Console><Console>" changed cvar (cvar "fps_max") (value "144")
L 07/28/2025 - 19:52:48: [basecommands.smx] "Console<0><Console><Console>" changed cvar (cvar "net_splitpacket_maxrate") (value "32000")
L 07/28/2025 - 19:52:48: [basecommands.smx] "Console<0><Console><Console>" changed cvar (cvar "nb_update_frequency") (value "0.024")
L 07/28/2025 - 19:52:48: [basecommands.smx] "Console<0><Console><Console>" changed cvar (cvar "sv_minrate") (value "64000")
L 07/28/2025 - 19:52:48: [basecommands.smx] "Console<0><Console><Console>" changed cvar (cvar "sv_maxrate") (value "64000")
L 07/28/2025 - 19:52:48: [basecommands.smx] "Console<0><Console><Console>" changed cvar (cvar "sv_mincmdrate") (value "64")
L 07/28/2025 - 19:52:48: [basecommands.smx] "Console<0><Console><Console>" changed cvar (cvar "sv_maxcmdrate") (value "64")
L 07/28/2025 - 19:52:48: [basecommands.smx] "Console<0><Console><Console>" changed cvar (cvar "sv_minupdaterate") (value "64")
L 07/28/2025 - 19:52:48: [basecommands.smx] "Console<0><Console><Console>" changed cvar (cvar "sv_maxupdaterate") (value "64")
L 07/28/2025 - 19:52:48: [basecommands.smx] "Console<0><Console><Console>" changed cvar (cvar "sv_client_min_interp_ratio") (value "-1")
L 07/28/2025 - 19:52:48: [basecommands.smx] "Console<0><Console><Console>" changed cvar (cvar "sv_client_max_interp_ratio") (value "2")
L 07/28/2025 - 19:53:17: SourceMod log file session started (file "/home/steam/game_server/Left_4_Dead_2/left4dead2/addons/sourcemod/logs/L20250728.log") (Version "1.12.0.7207")
L 07/28/2025 - 19:53:17: [basecommands.smx] "Console<0><Console><Console>" changed cvar (cvar "hostname") (value "")
L 07/28/2025 - 19:53:17: [basecommands.smx] "Console<0><Console><Console>" changed cvar (cvar "z_difficulty") (value "hard")
L 07/28/2025 - 19:53:17: [basecommands.smx] "Console<0><Console><Console>" changed cvar (cvar "survivor_friendly_fire_factor_hard") (value "0.2")
L 07/28/2025 - 19:53:17: [basecommands.smx] "Console<0><Console><Console>" changed cvar (cvar "survivor_burn_factor_hard") (value "0.5")
L 07/28/2025 - 19:53:17: [basecommands.smx] "Console<0><Console><Console>" changed cvar (cvar "fps_max") (value "144")
L 07/28/2025 - 19:53:17: [basecommands.smx] "Console<0><Console><Console>" changed cvar (cvar "net_splitpacket_maxrate") (value "32000")
L 07/28/2025 - 19:53:17: [basecommands.smx] "Console<0><Console><Console>" changed cvar (cvar "nb_update_frequency") (value "0.024")
L 07/28/2025 - 19:53:17: [basecommands.smx] "Console<0><Console><Console>" changed cvar (cvar "sv_minrate") (value "64000")
L 07/28/2025 - 19:53:17: [basecommands.smx] "Console<0><Console><Console>" changed cvar (cvar "sv_maxrate") (value "64000")
L 07/28/2025 - 19:53:17: [basecommands.smx] "Console<0><Console><Console>" changed cvar (cvar "sv_mincmdrate") (value "64")
L 07/28/2025 - 19:53:17: [basecommands.smx] "Console<0><Console><Console>" changed cvar (cvar "sv_maxcmdrate") (value "64")
L 07/28/2025 - 19:53:17: [basecommands.smx] "Console<0><Console><Console>" changed cvar (cvar "sv_minupdaterate") (value "64")
L 07/28/2025 - 19:53:17: [basecommands.smx] "Console<0><Console><Console>" changed cvar (cvar "sv_maxupdaterate") (value "64")
L 07/28/2025 - 19:53:17: [basecommands.smx] "Console<0><Console><Console>" changed cvar (cvar "sv_client_min_interp_ratio") (value "-1")
L 07/28/2025 - 19:53:17: [basecommands.smx] "Console<0><Console><Console>" changed cvar (cvar "sv_client_max_interp_ratio") (value "2")
L 07/28/2025 - 19:54:08: -------- Mapchange to c1m1_hotel --------
L 07/28/2025 - 19:54:09: [basecommands.smx] "Console<0><Console><Console>" changed cvar (cvar "hostname") (value "")
L 07/28/2025 - 19:54:09: [basecommands.smx] "Console<0><Console><Console>" changed cvar (cvar "z_difficulty") (value "hard")
L 07/28/2025 - 19:54:09: [basecommands.smx] "Console<0><Console><Console>" changed cvar (cvar "survivor_friendly_fire_factor_hard") (value "0.2")
L 07/28/2025 - 19:54:09: [basecommands.smx] "Console<0><Console><Console>" changed cvar (cvar "survivor_burn_factor_hard") (value "0.5")
L 07/28/2025 - 19:54:09: [basecommands.smx] "Console<0><Console><Console>" changed cvar (cvar "fps_max") (value "144")
L 07/28/2025 - 19:54:09: [basecommands.smx] "Console<0><Console><Console>" changed cvar (cvar "net_splitpacket_maxrate") (value "32000")
L 07/28/2025 - 19:54:09: [basecommands.smx] "Console<0><Console><Console>" changed cvar (cvar "nb_update_frequency") (value "0.024")
L 07/28/2025 - 19:54:09: [basecommands.smx] "Console<0><Console><Console>" changed cvar (cvar "sv_minrate") (value "64000")
L 07/28/2025 - 19:54:09: [basecommands.smx] "Console<0><Console><Console>" changed cvar (cvar "sv_maxrate") (value "64000")
L 07/28/2025 - 19:54:09: [basecommands.smx] "Console<0><Console><Console>" changed cvar (cvar "sv_mincmdrate") (value "64")
L 07/28/2025 - 19:54:09: [basecommands.smx] "Console<0><Console><Console>" changed cvar (cvar "sv_maxcmdrate") (value "64")
L 07/28/2025 - 19:54:09: [basecommands.smx] "Console<0><Console><Console>" changed cvar (cvar "sv_minupdaterate") (value "64")
L 07/28/2025 - 19:54:09: [basecommands.smx] "Console<0><Console><Console>" changed cvar (cvar "sv_maxupdaterate") (value "64")
L 07/28/2025 - 19:54:09: [basecommands.smx] "Console<0><Console><Console>" changed cvar (cvar "sv_client_min_interp_ratio") (value "-1")
L 07/28/2025 - 19:54:09: [basecommands.smx] "Console<0><Console><Console>" changed cvar (cvar "sv_client_max_interp_ratio") (value "2")
L 07/28/2025 - 20:10:19: SourceMod log file session started (file "/home/steam/game_server/Left_4_Dead_2/left4dead2/addons/sourcemod/logs/L20250728.log") (Version "1.12.0.7207")
L 07/28/2025 - 20:10:19: [basecommands.smx] "Console<0><Console><Console>" changed cvar (cvar "hostname") (value "")
L 07/28/2025 - 20:10:19: [basecommands.smx] "Console<0><Console><Console>" changed cvar (cvar "z_difficulty") (value "hard")
L 07/28/2025 - 20:10:19: [basecommands.smx] "Console<0><Console><Console>" changed cvar (cvar "survivor_friendly_fire_factor_hard") (value "0.2")
L 07/28/2025 - 20:10:19: [basecommands.smx] "Console<0><Console><Console>" changed cvar (cvar "survivor_burn_factor_hard") (value "0.5")
L 07/28/2025 - 20:10:19: [basecommands.smx] "Console<0><Console><Console>" changed cvar (cvar "fps_max") (value "144")
L 07/28/2025 - 20:10:19: [basecommands.smx] "Console<0><Console><Console>" changed cvar (cvar "net_splitpacket_maxrate") (value "32000")
L 07/28/2025 - 20:10:19: [basecommands.smx] "Console<0><Console><Console>" changed cvar (cvar "nb_update_frequency") (value "0.024")
L 07/28/2025 - 20:10:19: [basecommands.smx] "Console<0><Console><Console>" changed cvar (cvar "sv_minrate") (value "64000")
L 07/28/2025 - 20:10:19: [basecommands.smx] "Console<0><Console><Console>" changed cvar (cvar "sv_maxrate") (value "64000")
L 07/28/2025 - 20:10:19: [basecommands.smx] "Console<0><Console><Console>" changed cvar (cvar "sv_mincmdrate") (value "64")
L 07/28/2025 - 20:10:19: [basecommands.smx] "Console<0><Console><Console>" changed cvar (cvar "sv_maxcmdrate") (value "64")
L 07/28/2025 - 20:10:19: [basecommands.smx] "Console<0><Console><Console>" changed cvar (cvar "sv_minupdaterate") (value "64")
L 07/28/2025 - 20:10:19: [basecommands.smx] "Console<0><Console><Console>" changed cvar (cvar "sv_maxupdaterate") (value "64")
L 07/28/2025 - 20:10:19: [basecommands.smx] "Console<0><Console><Console>" changed cvar (cvar "sv_client_min_interp_ratio") (value "-1")
L 07/28/2025 - 20:10:19: [basecommands.smx] "Console<0><Console><Console>" changed cvar (cvar "sv_client_max_interp_ratio") (value "2")
L 07/28/2025 - 20:12:24: -------- Mapchange to c5m1_waterfront --------
L 07/28/2025 - 20:12:25: [basecommands.smx] "Console<0><Console><Console>" changed cvar (cvar "hostname") (value "")
L 07/28/2025 - 20:12:25: [basecommands.smx] "Console<0><Console><Console>" changed cvar (cvar "z_difficulty") (value "hard")
L 07/28/2025 - 20:12:25: [basecommands.smx] "Console<0><Console><Console>" changed cvar (cvar "survivor_friendly_fire_factor_hard") (value "0.2")
L 07/28/2025 - 20:12:25: [basecommands.smx] "Console<0><Console><Console>" changed cvar (cvar "survivor_burn_factor_hard") (value "0.5")
L 07/28/2025 - 20:12:25: [basecommands.smx] "Console<0><Console><Console>" changed cvar (cvar "fps_max") (value "144")
L 07/28/2025 - 20:12:25: [basecommands.smx] "Console<0><Console><Console>" changed cvar (cvar "net_splitpacket_maxrate") (value "32000")
L 07/28/2025 - 20:12:25: [basecommands.smx] "Console<0><Console><Console>" changed cvar (cvar "nb_update_frequency") (value "0.024")
L 07/28/2025 - 20:12:25: [basecommands.smx] "Console<0><Console><Console>" changed cvar (cvar "sv_minrate") (value "64000")
L 07/28/2025 - 20:12:25: [basecommands.smx] "Console<0><Console><Console>" changed cvar (cvar "sv_maxrate") (value "64000")
L 07/28/2025 - 20:12:25: [basecommands.smx] "Console<0><Console><Console>" changed cvar (cvar "sv_mincmdrate") (value "64")
L 07/28/2025 - 20:12:25: [basecommands.smx] "Console<0><Console><Console>" changed cvar (cvar "sv_maxcmdrate") (value "64")
L 07/28/2025 - 20:12:25: [basecommands.smx] "Console<0><Console><Console>" changed cvar (cvar "sv_minupdaterate") (value "64")
L 07/28/2025 - 20:12:25: [basecommands.smx] "Console<0><Console><Console>" changed cvar (cvar "sv_maxupdaterate") (value "64")
L 07/28/2025 - 20:12:25: [basecommands.smx] "Console<0><Console><Console>" changed cvar (cvar "sv_client_min_interp_ratio") (value "-1")
L 07/28/2025 - 20:12:25: [basecommands.smx] "Console<0><Console><Console>" changed cvar (cvar "sv_client_max_interp_ratio") (value "2")
L 07/28/2025 - 20:15:52: -------- Mapchange to c5m2_park --------
L 07/28/2025 - 20:15:53: [basecommands.smx] "Console<0><Console><Console>" changed cvar (cvar "hostname") (value "")
L 07/28/2025 - 20:15:53: [basecommands.smx] "Console<0><Console><Console>" changed cvar (cvar "z_difficulty") (value "hard")
L 07/28/2025 - 20:15:53: [basecommands.smx] "Console<0><Console><Console>" changed cvar (cvar "survivor_friendly_fire_factor_hard") (value "0.2")
L 07/28/2025 - 20:15:53: [basecommands.smx] "Console<0><Console><Console>" changed cvar (cvar "survivor_burn_factor_hard") (value "0.5")
L 07/28/2025 - 20:15:53: [basecommands.smx] "Console<0><Console><Console>" changed cvar (cvar "fps_max") (value "144")
L 07/28/2025 - 20:15:53: [basecommands.smx] "Console<0><Console><Console>" changed cvar (cvar "net_splitpacket_maxrate") (value "32000")
L 07/28/2025 - 20:15:53: [basecommands.smx] "Console<0><Console><Console>" changed cvar (cvar "nb_update_frequency") (value "0.024")
L 07/28/2025 - 20:15:53: [basecommands.smx] "Console<0><Console><Console>" changed cvar (cvar "sv_minrate") (value "64000")
L 07/28/2025 - 20:15:53: [basecommands.smx] "Console<0><Console><Console>" changed cvar (cvar "sv_maxrate") (value "64000")
L 07/28/2025 - 20:15:53: [basecommands.smx] "Console<0><Console><Console>" changed cvar (cvar "sv_mincmdrate") (value "64")
L 07/28/2025 - 20:15:53: [basecommands.smx] "Console<0><Console><Console>" changed cvar (cvar "sv_maxcmdrate") (value "64")
L 07/28/2025 - 20:15:53: [basecommands.smx] "Console<0><Console><Console>" changed cvar (cvar "sv_minupdaterate") (value "64")
L 07/28/2025 - 20:15:53: [basecommands.smx] "Console<0><Console><Console>" changed cvar (cvar "sv_maxupdaterate") (value "64")
L 07/28/2025 - 20:15:53: [basecommands.smx] "Console<0><Console><Console>" changed cvar (cvar "sv_client_min_interp_ratio") (value "-1")
L 07/28/2025 - 20:15:53: [basecommands.smx] "Console<0><Console><Console>" changed cvar (cvar "sv_client_max_interp_ratio") (value "2")
L 07/28/2025 - 20:18:01: -------- Mapchange to c5m1_waterfront --------
L 07/28/2025 - 20:18:02: [basecommands.smx] "Console<0><Console><Console>" changed cvar (cvar "hostname") (value "")
L 07/28/2025 - 20:18:02: [basecommands.smx] "Console<0><Console><Console>" changed cvar (cvar "z_difficulty") (value "hard")
L 07/28/2025 - 20:18:02: [basecommands.smx] "Console<0><Console><Console>" changed cvar (cvar "survivor_friendly_fire_factor_hard") (value "0.2")
L 07/28/2025 - 20:18:02: [basecommands.smx] "Console<0><Console><Console>" changed cvar (cvar "survivor_burn_factor_hard") (value "0.5")
L 07/28/2025 - 20:18:02: [basecommands.smx] "Console<0><Console><Console>" changed cvar (cvar "fps_max") (value "144")
L 07/28/2025 - 20:18:02: [basecommands.smx] "Console<0><Console><Console>" changed cvar (cvar "net_splitpacket_maxrate") (value "32000")
L 07/28/2025 - 20:18:02: [basecommands.smx] "Console<0><Console><Console>" changed cvar (cvar "nb_update_frequency") (value "0.024")
L 07/28/2025 - 20:18:02: [basecommands.smx] "Console<0><Console><Console>" changed cvar (cvar "sv_minrate") (value "64000")
L 07/28/2025 - 20:18:02: [basecommands.smx] "Console<0><Console><Console>" changed cvar (cvar "sv_maxrate") (value "64000")
L 07/28/2025 - 20:18:02: [basecommands.smx] "Console<0><Console><Console>" changed cvar (cvar "sv_mincmdrate") (value "64")
L 07/28/2025 - 20:18:02: [basecommands.smx] "Console<0><Console><Console>" changed cvar (cvar "sv_maxcmdrate") (value "64")
L 07/28/2025 - 20:18:02: [basecommands.smx] "Console<0><Console><Console>" changed cvar (cvar "sv_minupdaterate") (value "64")
L 07/28/2025 - 20:18:02: [basecommands.smx] "Console<0><Console><Console>" changed cvar (cvar "sv_maxupdaterate") (value "64")
L 07/28/2025 - 20:18:02: [basecommands.smx] "Console<0><Console><Console>" changed cvar (cvar "sv_client_min_interp_ratio") (value "-1")
L 07/28/2025 - 20:18:02: [basecommands.smx] "Console<0><Console><Console>" changed cvar (cvar "sv_client_max_interp_ratio") (value "2")
L 07/28/2025 - 20:18:05: Log file closed.
L 07/28/2025 - 20:18:44: SourceMod log file session started (file "/home/steam/game_server/Left_4_Dead_2/left4dead2/addons/sourcemod/logs/L20250728.log") (Version "1.12.0.7207")
L 07/28/2025 - 20:18:44: [basecommands.smx] "Console<0><Console><Console>" changed cvar (cvar "hostname") (value "")
L 07/28/2025 - 20:18:44: [basecommands.smx] "Console<0><Console><Console>" changed cvar (cvar "z_difficulty") (value "hard")
L 07/28/2025 - 20:18:44: [basecommands.smx] "Console<0><Console><Console>" changed cvar (cvar "survivor_friendly_fire_factor_hard") (value "0.2")
L 07/28/2025 - 20:18:44: [basecommands.smx] "Console<0><Console><Console>" changed cvar (cvar "survivor_burn_factor_hard") (value "0.5")
L 07/28/2025 - 20:18:44: [basecommands.smx] "Console<0><Console><Console>" changed cvar (cvar "fps_max") (value "144")
L 07/28/2025 - 20:18:44: [basecommands.smx] "Console<0><Console><Console>" changed cvar (cvar "net_splitpacket_maxrate") (value "32000")
L 07/28/2025 - 20:18:44: [basecommands.smx] "Console<0><Console><Console>" changed cvar (cvar "nb_update_frequency") (value "0.024")
L 07/28/2025 - 20:18:44: [basecommands.smx] "Console<0><Console><Console>" changed cvar (cvar "sv_minrate") (value "64000")
L 07/28/2025 - 20:18:44: [basecommands.smx] "Console<0><Console><Console>" changed cvar (cvar "sv_maxrate") (value "64000")
L 07/28/2025 - 20:18:44: [basecommands.smx] "Console<0><Console><Console>" changed cvar (cvar "sv_mincmdrate") (value "64")
L 07/28/2025 - 20:18:44: [basecommands.smx] "Console<0><Console><Console>" changed cvar (cvar "sv_maxcmdrate") (value "64")
L 07/28/2025 - 20:18:44: [basecommands.smx] "Console<0><Console><Console>" changed cvar (cvar "sv_minupdaterate") (value "64")
L 07/28/2025 - 20:18:44: [basecommands.smx] "Console<0><Console><Console>" changed cvar (cvar "sv_maxupdaterate") (value "64")
L 07/28/2025 - 20:18:44: [basecommands.smx] "Console<0><Console><Console>" changed cvar (cvar "sv_client_min_interp_ratio") (value "-1")
L 07/28/2025 - 20:18:44: [basecommands.smx] "Console<0><Console><Console>" changed cvar (cvar "sv_client_max_interp_ratio") (value "2")
L 07/28/2025 - 20:22:11: -------- Mapchange to c1m1_hotel --------
L 07/28/2025 - 20:22:12: [basecommands.smx] "Console<0><Console><Console>" changed cvar (cvar "hostname") (value "")
L 07/28/2025 - 20:22:12: [basecommands.smx] "Console<0><Console><Console>" changed cvar (cvar "z_difficulty") (value "hard")
L 07/28/2025 - 20:22:12: [basecommands.smx] "Console<0><Console><Console>" changed cvar (cvar "survivor_friendly_fire_factor_hard") (value "0.2")
L 07/28/2025 - 20:22:12: [basecommands.smx] "Console<0><Console><Console>" changed cvar (cvar "survivor_burn_factor_hard") (value "0.5")
L 07/28/2025 - 20:22:12: [basecommands.smx] "Console<0><Console><Console>" changed cvar (cvar "fps_max") (value "144")
L 07/28/2025 - 20:22:12: [basecommands.smx] "Console<0><Console><Console>" changed cvar (cvar "net_splitpacket_maxrate") (value "32000")
L 07/28/2025 - 20:22:12: [basecommands.smx] "Console<0><Console><Console>" changed cvar (cvar "nb_update_frequency") (value "0.024")
L 07/28/2025 - 20:22:12: [basecommands.smx] "Console<0><Console><Console>" changed cvar (cvar "sv_minrate") (value "64000")
L 07/28/2025 - 20:22:12: [basecommands.smx] "Console<0><Console><Console>" changed cvar (cvar "sv_maxrate") (value "64000")
L 07/28/2025 - 20:22:12: [basecommands.smx] "Console<0><Console><Console>" changed cvar (cvar "sv_mincmdrate") (value "64")
L 07/28/2025 - 20:22:12: [basecommands.smx] "Console<0><Console><Console>" changed cvar (cvar "sv_maxcmdrate") (value "64")
L 07/28/2025 - 20:22:12: [basecommands.smx] "Console<0><Console><Console>" changed cvar (cvar "sv_minupdaterate") (value "64")
L 07/28/2025 - 20:22:12: [basecommands.smx] "Console<0><Console><Console>" changed cvar (cvar "sv_maxupdaterate") (value "64")
L 07/28/2025 - 20:22:12: [basecommands.smx] "Console<0><Console><Console>" changed cvar (cvar "sv_client_min_interp_ratio") (value "-1")
L 07/28/2025 - 20:22:12: [basecommands.smx] "Console<0><Console><Console>" changed cvar (cvar "sv_client_max_interp_ratio") (value "2")
L 07/28/2025 - 20:27:09: SourceMod log file session started (file "/home/steam/game_server/Left_4_Dead_2/left4dead2/addons/sourcemod/logs/L20250728.log") (Version "1.12.0.7207")
L 07/28/2025 - 20:27:09: [basecommands.smx] "Console<0><Console><Console>" changed cvar (cvar "hostname") (value "")
L 07/28/2025 - 20:27:09: [basecommands.smx] "Console<0><Console><Console>" changed cvar (cvar "z_difficulty") (value "hard")
L 07/28/2025 - 20:27:09: [basecommands.smx] "Console<0><Console><Console>" changed cvar (cvar "survivor_friendly_fire_factor_hard") (value "0.2")
L 07/28/2025 - 20:27:09: [basecommands.smx] "Console<0><Console><Console>" changed cvar (cvar "survivor_burn_factor_hard") (value "0.5")
L 07/28/2025 - 20:27:09: [basecommands.smx] "Console<0><Console><Console>" changed cvar (cvar "fps_max") (value "144")
L 07/28/2025 - 20:27:09: [basecommands.smx] "Console<0><Console><Console>" changed cvar (cvar "net_splitpacket_maxrate") (value "32000")
L 07/28/2025 - 20:27:09: [basecommands.smx] "Console<0><Console><Console>" changed cvar (cvar "nb_update_frequency") (value "0.024")
L 07/28/2025 - 20:27:09: [basecommands.smx] "Console<0><Console><Console>" changed cvar (cvar "sv_minrate") (value "64000")
L 07/28/2025 - 20:27:09: [basecommands.smx] "Console<0><Console><Console>" changed cvar (cvar "sv_maxrate") (value "64000")
L 07/28/2025 - 20:27:09: [basecommands.smx] "Console<0><Console><Console>" changed cvar (cvar "sv_mincmdrate") (value "64")
L 07/28/2025 - 20:27:09: [basecommands.smx] "Console<0><Console><Console>" changed cvar (cvar "sv_maxcmdrate") (value "64")
L 07/28/2025 - 20:27:09: [basecommands.smx] "Console<0><Console><Console>" changed cvar (cvar "sv_minupdaterate") (value "64")
L 07/28/2025 - 20:27:09: [basecommands.smx] "Console<0><Console><Console>" changed cvar (cvar "sv_maxupdaterate") (value "64")
L 07/28/2025 - 20:27:09: [basecommands.smx] "Console<0><Console><Console>" changed cvar (cvar "sv_client_min_interp_ratio") (value "-1")
L 07/28/2025 - 20:27:09: [basecommands.smx] "Console<0><Console><Console>" changed cvar (cvar "sv_client_max_interp_ratio") (value "2")
L 07/28/2025 - 20:29:24: -------- Mapchange to c1m1_hotel --------
L 07/28/2025 - 20:29:25: [basecommands.smx] "Console<0><Console><Console>" changed cvar (cvar "hostname") (value "")
L 07/28/2025 - 20:29:25: [basecommands.smx] "Console<0><Console><Console>" changed cvar (cvar "z_difficulty") (value "hard")
L 07/28/2025 - 20:29:25: [basecommands.smx] "Console<0><Console><Console>" changed cvar (cvar "survivor_friendly_fire_factor_hard") (value "0.2")
L 07/28/2025 - 20:29:25: [basecommands.smx] "Console<0><Console><Console>" changed cvar (cvar "survivor_burn_factor_hard") (value "0.5")
L 07/28/2025 - 20:29:25: [basecommands.smx] "Console<0><Console><Console>" changed cvar (cvar "fps_max") (value "144")
L 07/28/2025 - 20:29:25: [basecommands.smx] "Console<0><Console><Console>" changed cvar (cvar "net_splitpacket_maxrate") (value "32000")
L 07/28/2025 - 20:29:25: [basecommands.smx] "Console<0><Console><Console>" changed cvar (cvar "nb_update_frequency") (value "0.024")
L 07/28/2025 - 20:29:25: [basecommands.smx] "Console<0><Console><Console>" changed cvar (cvar "sv_minrate") (value "64000")
L 07/28/2025 - 20:29:25: [basecommands.smx] "Console<0><Console><Console>" changed cvar (cvar "sv_maxrate") (value "64000")
L 07/28/2025 - 20:29:25: [basecommands.smx] "Console<0><Console><Console>" changed cvar (cvar "sv_mincmdrate") (value "64")
L 07/28/2025 - 20:29:25: [basecommands.smx] "Console<0><Console><Console>" changed cvar (cvar "sv_maxcmdrate") (value "64")
L 07/28/2025 - 20:29:25: [basecommands.smx] "Console<0><Console><Console>" changed cvar (cvar "sv_minupdaterate") (value "64")
L 07/28/2025 - 20:29:25: [basecommands.smx] "Console<0><Console><Console>" changed cvar (cvar "sv_maxupdaterate") (value "64")
L 07/28/2025 - 20:29:25: [basecommands.smx] "Console<0><Console><Console>" changed cvar (cvar "sv_client_min_interp_ratio") (value "-1")
L 07/28/2025 - 20:29:25: [basecommands.smx] "Console<0><Console><Console>" changed cvar (cvar "sv_client_max_interp_ratio") (value "2")
L 07/28/2025 - 20:32:52: SourceMod log file session started (file "/home/steam/game_server/Left_4_Dead_2/left4dead2/addons/sourcemod/logs/L20250728.log") (Version "1.12.0.7207")
L 07/28/2025 - 20:32:52: [basecommands.smx] "Console<0><Console><Console>" changed cvar (cvar "hostname") (value "")
L 07/28/2025 - 20:32:52: [basecommands.smx] "Console<0><Console><Console>" changed cvar (cvar "z_difficulty") (value "hard")
L 07/28/2025 - 20:32:52: [basecommands.smx] "Console<0><Console><Console>" changed cvar (cvar "survivor_friendly_fire_factor_hard") (value "0.2")
L 07/28/2025 - 20:32:52: [basecommands.smx] "Console<0><Console><Console>" changed cvar (cvar "survivor_burn_factor_hard") (value "0.5")
L 07/28/2025 - 20:32:52: [basecommands.smx] "Console<0><Console><Console>" changed cvar (cvar "fps_max") (value "144")
L 07/28/2025 - 20:32:52: [basecommands.smx] "Console<0><Console><Console>" changed cvar (cvar "net_splitpacket_maxrate") (value "32000")
L 07/28/2025 - 20:32:52: [basecommands.smx] "Console<0><Console><Console>" changed cvar (cvar "nb_update_frequency") (value "0.024")
L 07/28/2025 - 20:32:52: [basecommands.smx] "Console<0><Console><Console>" changed cvar (cvar "sv_minrate") (value "64000")
L 07/28/2025 - 20:32:52: [basecommands.smx] "Console<0><Console><Console>" changed cvar (cvar "sv_maxrate") (value "64000")
L 07/28/2025 - 20:32:52: [basecommands.smx] "Console<0><Console><Console>" changed cvar (cvar "sv_mincmdrate") (value "64")
L 07/28/2025 - 20:32:52: [basecommands.smx] "Console<0><Console><Console>" changed cvar (cvar "sv_maxcmdrate") (value "64")
L 07/28/2025 - 20:32:52: [basecommands.smx] "Console<0><Console><Console>" changed cvar (cvar "sv_minupdaterate") (value "64")
L 07/28/2025 - 20:32:52: [basecommands.smx] "Console<0><Console><Console>" changed cvar (cvar "sv_maxupdaterate") (value "64")
L 07/28/2025 - 20:32:52: [basecommands.smx] "Console<0><Console><Console>" changed cvar (cvar "sv_client_min_interp_ratio") (value "-1")
L 07/28/2025 - 20:32:52: [basecommands.smx] "Console<0><Console><Console>" changed cvar (cvar "sv_client_max_interp_ratio") (value "2")
L 07/28/2025 - 20:43:48: -------- Mapchange to c1m3_mall --------
L 07/28/2025 - 20:43:50: [basecommands.smx] "Console<0><Console><Console>" changed cvar (cvar "hostname") (value "")
L 07/28/2025 - 20:43:50: [basecommands.smx] "Console<0><Console><Console>" changed cvar (cvar "z_difficulty") (value "hard")
L 07/28/2025 - 20:43:50: [basecommands.smx] "Console<0><Console><Console>" changed cvar (cvar "survivor_friendly_fire_factor_hard") (value "0.2")
L 07/28/2025 - 20:43:50: [basecommands.smx] "Console<0><Console><Console>" changed cvar (cvar "survivor_burn_factor_hard") (value "0.5")
L 07/28/2025 - 20:43:50: [basecommands.smx] "Console<0><Console><Console>" changed cvar (cvar "fps_max") (value "144")
L 07/28/2025 - 20:43:50: [basecommands.smx] "Console<0><Console><Console>" changed cvar (cvar "net_splitpacket_maxrate") (value "32000")
L 07/28/2025 - 20:43:50: [basecommands.smx] "Console<0><Console><Console>" changed cvar (cvar "nb_update_frequency") (value "0.024")
L 07/28/2025 - 20:43:50: [basecommands.smx] "Console<0><Console><Console>" changed cvar (cvar "sv_minrate") (value "64000")
L 07/28/2025 - 20:43:50: [basecommands.smx] "Console<0><Console><Console>" changed cvar (cvar "sv_maxrate") (value "64000")
L 07/28/2025 - 20:43:50: [basecommands.smx] "Console<0><Console><Console>" changed cvar (cvar "sv_mincmdrate") (value "64")
L 07/28/2025 - 20:43:50: [basecommands.smx] "Console<0><Console><Console>" changed cvar (cvar "sv_maxcmdrate") (value "64")
L 07/28/2025 - 20:43:50: [basecommands.smx] "Console<0><Console><Console>" changed cvar (cvar "sv_minupdaterate") (value "64")
L 07/28/2025 - 20:43:50: [basecommands.smx] "Console<0><Console><Console>" changed cvar (cvar "sv_maxupdaterate") (value "64")
L 07/28/2025 - 20:43:50: [basecommands.smx] "Console<0><Console><Console>" changed cvar (cvar "sv_client_min_interp_ratio") (value "-1")
L 07/28/2025 - 20:43:50: [basecommands.smx] "Console<0><Console><Console>" changed cvar (cvar "sv_client_max_interp_ratio") (value "2")
L 07/28/2025 - 20:45:57: -------- Mapchange to c1m1_hotel --------
L 07/28/2025 - 20:45:58: [basecommands.smx] "Console<0><Console><Console>" changed cvar (cvar "hostname") (value "")
L 07/28/2025 - 20:45:58: [basecommands.smx] "Console<0><Console><Console>" changed cvar (cvar "z_difficulty") (value "hard")
L 07/28/2025 - 20:45:58: [basecommands.smx] "Console<0><Console><Console>" changed cvar (cvar "survivor_friendly_fire_factor_hard") (value "0.2")
L 07/28/2025 - 20:45:58: [basecommands.smx] "Console<0><Console><Console>" changed cvar (cvar "survivor_burn_factor_hard") (value "0.5")
L 07/28/2025 - 20:45:58: [basecommands.smx] "Console<0><Console><Console>" changed cvar (cvar "fps_max") (value "144")
L 07/28/2025 - 20:45:58: [basecommands.smx] "Console<0><Console><Console>" changed cvar (cvar "net_splitpacket_maxrate") (value "32000")
L 07/28/2025 - 20:45:58: [basecommands.smx] "Console<0><Console><Console>" changed cvar (cvar "nb_update_frequency") (value "0.024")
L 07/28/2025 - 20:45:58: [basecommands.smx] "Console<0><Console><Console>" changed cvar (cvar "sv_minrate") (value "64000")
L 07/28/2025 - 20:45:58: [basecommands.smx] "Console<0><Console><Console>" changed cvar (cvar "sv_maxrate") (value "64000")
L 07/28/2025 - 20:45:58: [basecommands.smx] "Console<0><Console><Console>" changed cvar (cvar "sv_mincmdrate") (value "64")
L 07/28/2025 - 20:45:58: [basecommands.smx] "Console<0><Console><Console>" changed cvar (cvar "sv_maxcmdrate") (value "64")
L 07/28/2025 - 20:45:58: [basecommands.smx] "Console<0><Console><Console>" changed cvar (cvar "sv_minupdaterate") (value "64")
L 07/28/2025 - 20:45:58: [basecommands.smx] "Console<0><Console><Console>" changed cvar (cvar "sv_maxupdaterate") (value "64")
L 07/28/2025 - 20:45:58: [basecommands.smx] "Console<0><Console><Console>" changed cvar (cvar "sv_client_min_interp_ratio") (value "-1")
L 07/28/2025 - 20:45:58: [basecommands.smx] "Console<0><Console><Console>" changed cvar (cvar "sv_client_max_interp_ratio") (value "2")
L 07/28/2025 - 20:49:34: -------- Mapchange to lost_map1 --------
L 07/28/2025 - 20:49:36: [basecommands.smx] "Console<0><Console><Console>" changed cvar (cvar "hostname") (value "")
L 07/28/2025 - 20:49:36: [basecommands.smx] "Console<0><Console><Console>" changed cvar (cvar "z_difficulty") (value "hard")
L 07/28/2025 - 20:49:36: [basecommands.smx] "Console<0><Console><Console>" changed cvar (cvar "survivor_friendly_fire_factor_hard") (value "0.2")
L 07/28/2025 - 20:49:36: [basecommands.smx] "Console<0><Console><Console>" changed cvar (cvar "survivor_burn_factor_hard") (value "0.5")
L 07/28/2025 - 20:49:36: [basecommands.smx] "Console<0><Console><Console>" changed cvar (cvar "fps_max") (value "144")
L 07/28/2025 - 20:49:36: [basecommands.smx] "Console<0><Console><Console>" changed cvar (cvar "net_splitpacket_maxrate") (value "32000")
L 07/28/2025 - 20:49:36: [basecommands.smx] "Console<0><Console><Console>" changed cvar (cvar "nb_update_frequency") (value "0.024")
L 07/28/2025 - 20:49:36: [basecommands.smx] "Console<0><Console><Console>" changed cvar (cvar "sv_minrate") (value "64000")
L 07/28/2025 - 20:49:36: [basecommands.smx] "Console<0><Console><Console>" changed cvar (cvar "sv_maxrate") (value "64000")
L 07/28/2025 - 20:49:36: [basecommands.smx] "Console<0><Console><Console>" changed cvar (cvar "sv_mincmdrate") (value "64")
L 07/28/2025 - 20:49:36: [basecommands.smx] "Console<0><Console><Console>" changed cvar (cvar "sv_maxcmdrate") (value "64")
L 07/28/2025 - 20:49:36: [basecommands.smx] "Console<0><Console><Console>" changed cvar (cvar "sv_minupdaterate") (value "64")
L 07/28/2025 - 20:49:36: [basecommands.smx] "Console<0><Console><Console>" changed cvar (cvar "sv_maxupdaterate") (value "64")
L 07/28/2025 - 20:49:36: [basecommands.smx] "Console<0><Console><Console>" changed cvar (cvar "sv_client_min_interp_ratio") (value "-1")
L 07/28/2025 - 20:49:36: [basecommands.smx] "Console<0><Console><Console>" changed cvar (cvar "sv_client_max_interp_ratio") (value "2")
L 07/28/2025 - 20:58:04: -------- Mapchange to c1m2_streets --------
L 07/28/2025 - 20:58:05: [basecommands.smx] "Console<0><Console><Console>" changed cvar (cvar "hostname") (value "")
L 07/28/2025 - 20:58:05: [basecommands.smx] "Console<0><Console><Console>" changed cvar (cvar "z_difficulty") (value "hard")
L 07/28/2025 - 20:58:05: [basecommands.smx] "Console<0><Console><Console>" changed cvar (cvar "survivor_friendly_fire_factor_hard") (value "0.2")
L 07/28/2025 - 20:58:05: [basecommands.smx] "Console<0><Console><Console>" changed cvar (cvar "survivor_burn_factor_hard") (value "0.5")
L 07/28/2025 - 20:58:05: [basecommands.smx] "Console<0><Console><Console>" changed cvar (cvar "fps_max") (value "144")
L 07/28/2025 - 20:58:05: [basecommands.smx] "Console<0><Console><Console>" changed cvar (cvar "net_splitpacket_maxrate") (value "32000")
L 07/28/2025 - 20:58:05: [basecommands.smx] "Console<0><Console><Console>" changed cvar (cvar "nb_update_frequency") (value "0.024")
L 07/28/2025 - 20:58:05: [basecommands.smx] "Console<0><Console><Console>" changed cvar (cvar "sv_minrate") (value "64000")
L 07/28/2025 - 20:58:05: [basecommands.smx] "Console<0><Console><Console>" changed cvar (cvar "sv_maxrate") (value "64000")
L 07/28/2025 - 20:58:05: [basecommands.smx] "Console<0><Console><Console>" changed cvar (cvar "sv_mincmdrate") (value "64")
L 07/28/2025 - 20:58:05: [basecommands.smx] "Console<0><Console><Console>" changed cvar (cvar "sv_maxcmdrate") (value "64")
L 07/28/2025 - 20:58:05: [basecommands.smx] "Console<0><Console><Console>" changed cvar (cvar "sv_minupdaterate") (value "64")
L 07/28/2025 - 20:58:05: [basecommands.smx] "Console<0><Console><Console>" changed cvar (cvar "sv_maxupdaterate") (value "64")
L 07/28/2025 - 20:58:05: [basecommands.smx] "Console<0><Console><Console>" changed cvar (cvar "sv_client_min_interp_ratio") (value "-1")
L 07/28/2025 - 20:58:05: [basecommands.smx] "Console<0><Console><Console>" changed cvar (cvar "sv_client_max_interp_ratio") (value "2")
L 07/28/2025 - 20:58:30: -------- Mapchange to lost_map1 --------
L 07/28/2025 - 20:58:31: [basecommands.smx] "Console<0><Console><Console>" changed cvar (cvar "hostname") (value "")
L 07/28/2025 - 20:58:31: [basecommands.smx] "Console<0><Console><Console>" changed cvar (cvar "z_difficulty") (value "hard")
L 07/28/2025 - 20:58:31: [basecommands.smx] "Console<0><Console><Console>" changed cvar (cvar "survivor_friendly_fire_factor_hard") (value "0.2")
L 07/28/2025 - 20:58:31: [basecommands.smx] "Console<0><Console><Console>" changed cvar (cvar "survivor_burn_factor_hard") (value "0.5")
L 07/28/2025 - 20:58:31: [basecommands.smx] "Console<0><Console><Console>" changed cvar (cvar "fps_max") (value "144")
L 07/28/2025 - 20:58:31: [basecommands.smx] "Console<0><Console><Console>" changed cvar (cvar "net_splitpacket_maxrate") (value "32000")
L 07/28/2025 - 20:58:31: [basecommands.smx] "Console<0><Console><Console>" changed cvar (cvar "nb_update_frequency") (value "0.024")
L 07/28/2025 - 20:58:31: [basecommands.smx] "Console<0><Console><Console>" changed cvar (cvar "sv_minrate") (value "64000")
L 07/28/2025 - 20:58:31: [basecommands.smx] "Console<0><Console><Console>" changed cvar (cvar "sv_maxrate") (value "64000")
L 07/28/2025 - 20:58:31: [basecommands.smx] "Console<0><Console><Console>" changed cvar (cvar "sv_mincmdrate") (value "64")
L 07/28/2025 - 20:58:31: [basecommands.smx] "Console<0><Console><Console>" changed cvar (cvar "sv_maxcmdrate") (value "64")
L 07/28/2025 - 20:58:31: [basecommands.smx] "Console<0><Console><Console>" changed cvar (cvar "sv_minupdaterate") (value "64")
L 07/28/2025 - 20:58:31: [basecommands.smx] "Console<0><Console><Console>" changed cvar (cvar "sv_maxupdaterate") (value "64")
L 07/28/2025 - 20:58:31: [basecommands.smx] "Console<0><Console><Console>" changed cvar (cvar "sv_client_min_interp_ratio") (value "-1")
L 07/28/2025 - 20:58:31: [basecommands.smx] "Console<0><Console><Console>" changed cvar (cvar "sv_client_max_interp_ratio") (value "2")
L 07/28/2025 - 21:07:34: Log file closed.
L 07/28/2025 - 21:08:43: SourceMod log file session started (file "/home/steam/game_server/Left_4_Dead_2/left4dead2/addons/sourcemod/logs/L20250728.log") (Version "1.12.0.7207")
L 07/28/2025 - 21:08:43: [basecommands.smx] "Console<0><Console><Console>" changed cvar (cvar "hostname") (value "")
L 07/28/2025 - 21:08:43: [basecommands.smx] "Console<0><Console><Console>" changed cvar (cvar "z_difficulty") (value "hard")
L 07/28/2025 - 21:08:43: [basecommands.smx] "Console<0><Console><Console>" changed cvar (cvar "survivor_friendly_fire_factor_hard") (value "0.2")
L 07/28/2025 - 21:08:43: [basecommands.smx] "Console<0><Console><Console>" changed cvar (cvar "survivor_burn_factor_hard") (value "0.5")
L 07/28/2025 - 21:08:43: [basecommands.smx] "Console<0><Console><Console>" changed cvar (cvar "fps_max") (value "144")
L 07/28/2025 - 21:08:43: [basecommands.smx] "Console<0><Console><Console>" changed cvar (cvar "net_splitpacket_maxrate") (value "32000")
L 07/28/2025 - 21:08:43: [basecommands.smx] "Console<0><Console><Console>" changed cvar (cvar "nb_update_frequency") (value "0.024")
L 07/28/2025 - 21:08:43: [basecommands.smx] "Console<0><Console><Console>" changed cvar (cvar "sv_minrate") (value "64000")
L 07/28/2025 - 21:08:43: [basecommands.smx] "Console<0><Console><Console>" changed cvar (cvar "sv_maxrate") (value "64000")
L 07/28/2025 - 21:08:43: [basecommands.smx] "Console<0><Console><Console>" changed cvar (cvar "sv_mincmdrate") (value "64")
L 07/28/2025 - 21:08:43: [basecommands.smx] "Console<0><Console><Console>" changed cvar (cvar "sv_maxcmdrate") (value "64")
L 07/28/2025 - 21:08:43: [basecommands.smx] "Console<0><Console><Console>" changed cvar (cvar "sv_minupdaterate") (value "64")
L 07/28/2025 - 21:08:43: [basecommands.smx] "Console<0><Console><Console>" changed cvar (cvar "sv_maxupdaterate") (value "64")
L 07/28/2025 - 21:08:43: [basecommands.smx] "Console<0><Console><Console>" changed cvar (cvar "sv_client_min_interp_ratio") (value "-1")
L 07/28/2025 - 21:08:43: [basecommands.smx] "Console<0><Console><Console>" changed cvar (cvar "sv_client_max_interp_ratio") (value "2")
L 07/28/2025 - 21:09:13: -------- Mapchange to lost_map1 --------
L 07/28/2025 - 21:09:14: [basecommands.smx] "Console<0><Console><Console>" changed cvar (cvar "hostname") (value "")
L 07/28/2025 - 21:09:14: [basecommands.smx] "Console<0><Console><Console>" changed cvar (cvar "z_difficulty") (value "hard")
L 07/28/2025 - 21:09:14: [basecommands.smx] "Console<0><Console><Console>" changed cvar (cvar "survivor_friendly_fire_factor_hard") (value "0.2")
L 07/28/2025 - 21:09:14: [basecommands.smx] "Console<0><Console><Console>" changed cvar (cvar "survivor_burn_factor_hard") (value "0.5")
L 07/28/2025 - 21:09:14: [basecommands.smx] "Console<0><Console><Console>" changed cvar (cvar "fps_max") (value "144")
L 07/28/2025 - 21:09:14: [basecommands.smx] "Console<0><Console><Console>" changed cvar (cvar "net_splitpacket_maxrate") (value "32000")
L 07/28/2025 - 21:09:14: [basecommands.smx] "Console<0><Console><Console>" changed cvar (cvar "nb_update_frequency") (value "0.024")
L 07/28/2025 - 21:09:14: [basecommands.smx] "Console<0><Console><Console>" changed cvar (cvar "sv_minrate") (value "64000")
L 07/28/2025 - 21:09:14: [basecommands.smx] "Console<0><Console><Console>" changed cvar (cvar "sv_maxrate") (value "64000")
L 07/28/2025 - 21:09:14: [basecommands.smx] "Console<0><Console><Console>" changed cvar (cvar "sv_mincmdrate") (value "64")
L 07/28/2025 - 21:09:14: [basecommands.smx] "Console<0><Console><Console>" changed cvar (cvar "sv_maxcmdrate") (value "64")
L 07/28/2025 - 21:09:14: [basecommands.smx] "Console<0><Console><Console>" changed cvar (cvar "sv_minupdaterate") (value "64")
L 07/28/2025 - 21:09:14: [basecommands.smx] "Console<0><Console><Console>" changed cvar (cvar "sv_maxupdaterate") (value "64")
L 07/28/2025 - 21:09:14: [basecommands.smx] "Console<0><Console><Console>" changed cvar (cvar "sv_client_min_interp_ratio") (value "-1")
L 07/28/2025 - 21:09:14: [basecommands.smx] "Console<0><Console><Console>" changed cvar (cvar "sv_client_max_interp_ratio") (value "2")
L 07/28/2025 - 21:24:07: -------- Mapchange to l4d2_bts01_forest --------
L 07/28/2025 - 21:24:14: [basecommands.smx] "Console<0><Console><Console>" changed cvar (cvar "hostname") (value "")
L 07/28/2025 - 21:24:14: [basecommands.smx] "Console<0><Console><Console>" changed cvar (cvar "z_difficulty") (value "hard")
L 07/28/2025 - 21:24:14: [basecommands.smx] "Console<0><Console><Console>" changed cvar (cvar "survivor_friendly_fire_factor_hard") (value "0.2")
L 07/28/2025 - 21:24:14: [basecommands.smx] "Console<0><Console><Console>" changed cvar (cvar "survivor_burn_factor_hard") (value "0.5")
L 07/28/2025 - 21:24:14: [basecommands.smx] "Console<0><Console><Console>" changed cvar (cvar "fps_max") (value "144")
L 07/28/2025 - 21:24:14: [basecommands.smx] "Console<0><Console><Console>" changed cvar (cvar "net_splitpacket_maxrate") (value "32000")
L 07/28/2025 - 21:24:14: [basecommands.smx] "Console<0><Console><Console>" changed cvar (cvar "nb_update_frequency") (value "0.024")
L 07/28/2025 - 21:24:14: [basecommands.smx] "Console<0><Console><Console>" changed cvar (cvar "sv_minrate") (value "64000")
L 07/28/2025 - 21:24:14: [basecommands.smx] "Console<0><Console><Console>" changed cvar (cvar "sv_maxrate") (value "64000")
L 07/28/2025 - 21:24:14: [basecommands.smx] "Console<0><Console><Console>" changed cvar (cvar "sv_mincmdrate") (value "64")
L 07/28/2025 - 21:24:14: [basecommands.smx] "Console<0><Console><Console>" changed cvar (cvar "sv_maxcmdrate") (value "64")
L 07/28/2025 - 21:24:14: [basecommands.smx] "Console<0><Console><Console>" changed cvar (cvar "sv_minupdaterate") (value "64")
L 07/28/2025 - 21:24:14: [basecommands.smx] "Console<0><Console><Console>" changed cvar (cvar "sv_maxupdaterate") (value "64")
L 07/28/2025 - 21:24:14: [basecommands.smx] "Console<0><Console><Console>" changed cvar (cvar "sv_client_min_interp_ratio") (value "-1")
L 07/28/2025 - 21:24:14: [basecommands.smx] "Console<0><Console><Console>" changed cvar (cvar "sv_client_max_interp_ratio") (value "2")
L 07/28/2025 - 21:28:00: Log file closed.
L 07/28/2025 - 21:30:02: SourceMod log file session started (file "/home/steam/game_server/Left_4_Dead_2/left4dead2/addons/sourcemod/logs/L20250728.log") (Version "1.12.0.7207")
L 07/28/2025 - 21:30:02: [basecommands.smx] "Console<0><Console><Console>" changed cvar (cvar "hostname") (value "")
L 07/28/2025 - 21:30:02: [basecommands.smx] "Console<0><Console><Console>" changed cvar (cvar "z_difficulty") (value "hard")
L 07/28/2025 - 21:30:02: [basecommands.smx] "Console<0><Console><Console>" changed cvar (cvar "survivor_friendly_fire_factor_hard") (value "0.2")
L 07/28/2025 - 21:30:02: [basecommands.smx] "Console<0><Console><Console>" changed cvar (cvar "survivor_burn_factor_hard") (value "0.5")
L 07/28/2025 - 21:30:02: [basecommands.smx] "Console<0><Console><Console>" changed cvar (cvar "fps_max") (value "144")
L 07/28/2025 - 21:30:02: [basecommands.smx] "Console<0><Console><Console>" changed cvar (cvar "net_splitpacket_maxrate") (value "32000")
L 07/28/2025 - 21:30:02: [basecommands.smx] "Console<0><Console><Console>" changed cvar (cvar "nb_update_frequency") (value "0.024")
L 07/28/2025 - 21:30:02: [basecommands.smx] "Console<0><Console><Console>" changed cvar (cvar "sv_minrate") (value "64000")
L 07/28/2025 - 21:30:02: [basecommands.smx] "Console<0><Console><Console>" changed cvar (cvar "sv_maxrate") (value "64000")
L 07/28/2025 - 21:30:02: [basecommands.smx] "Console<0><Console><Console>" changed cvar (cvar "sv_mincmdrate") (value "64")
L 07/28/2025 - 21:30:02: [basecommands.smx] "Console<0><Console><Console>" changed cvar (cvar "sv_maxcmdrate") (value "64")
L 07/28/2025 - 21:30:02: [basecommands.smx] "Console<0><Console><Console>" changed cvar (cvar "sv_minupdaterate") (value "64")
L 07/28/2025 - 21:30:02: [basecommands.smx] "Console<0><Console><Console>" changed cvar (cvar "sv_maxupdaterate") (value "64")
L 07/28/2025 - 21:30:02: [basecommands.smx] "Console<0><Console><Console>" changed cvar (cvar "sv_client_min_interp_ratio") (value "-1")
L 07/28/2025 - 21:30:02: [basecommands.smx] "Console<0><Console><Console>" changed cvar (cvar "sv_client_max_interp_ratio") (value "2")
L 07/28/2025 - 21:32:26: -------- Mapchange to c1m1_hotel --------
L 07/28/2025 - 21:33:44: SourceMod log file session started (file "/home/steam/game_server/Left_4_Dead_2/left4dead2/addons/sourcemod/logs/L20250728.log") (Version "1.12.0.7207")
L 07/28/2025 - 21:33:44: [basecommands.smx] "Console<0><Console><Console>" changed cvar (cvar "hostname") (value "")
L 07/28/2025 - 21:33:44: [basecommands.smx] "Console<0><Console><Console>" changed cvar (cvar "z_difficulty") (value "hard")
L 07/28/2025 - 21:33:44: [basecommands.smx] "Console<0><Console><Console>" changed cvar (cvar "survivor_friendly_fire_factor_hard") (value "0.2")
L 07/28/2025 - 21:33:44: [basecommands.smx] "Console<0><Console><Console>" changed cvar (cvar "survivor_burn_factor_hard") (value "0.5")
L 07/28/2025 - 21:33:44: [basecommands.smx] "Console<0><Console><Console>" changed cvar (cvar "fps_max") (value "144")
L 07/28/2025 - 21:33:44: [basecommands.smx] "Console<0><Console><Console>" changed cvar (cvar "net_splitpacket_maxrate") (value "32000")
L 07/28/2025 - 21:33:44: [basecommands.smx] "Console<0><Console><Console>" changed cvar (cvar "nb_update_frequency") (value "0.024")
L 07/28/2025 - 21:33:44: [basecommands.smx] "Console<0><Console><Console>" changed cvar (cvar "sv_minrate") (value "64000")
L 07/28/2025 - 21:33:44: [basecommands.smx] "Console<0><Console><Console>" changed cvar (cvar "sv_maxrate") (value "64000")
L 07/28/2025 - 21:33:44: [basecommands.smx] "Console<0><Console><Console>" changed cvar (cvar "sv_mincmdrate") (value "64")
L 07/28/2025 - 21:33:44: [basecommands.smx] "Console<0><Console><Console>" changed cvar (cvar "sv_maxcmdrate") (value "64")
L 07/28/2025 - 21:33:44: [basecommands.smx] "Console<0><Console><Console>" changed cvar (cvar "sv_minupdaterate") (value "64")
L 07/28/2025 - 21:33:44: [basecommands.smx] "Console<0><Console><Console>" changed cvar (cvar "sv_maxupdaterate") (value "64")
L 07/28/2025 - 21:33:44: [basecommands.smx] "Console<0><Console><Console>" changed cvar (cvar "sv_client_min_interp_ratio") (value "-1")
L 07/28/2025 - 21:33:44: [basecommands.smx] "Console<0><Console><Console>" changed cvar (cvar "sv_client_max_interp_ratio") (value "2")
L 07/28/2025 - 21:36:27: -------- Mapchange to c1m1_hotel --------
L 07/28/2025 - 21:36:29: [basecommands.smx] "Console<0><Console><Console>" changed cvar (cvar "hostname") (value "")
L 07/28/2025 - 21:36:29: [basecommands.smx] "Console<0><Console><Console>" changed cvar (cvar "z_difficulty") (value "hard")
L 07/28/2025 - 21:36:29: [basecommands.smx] "Console<0><Console><Console>" changed cvar (cvar "survivor_friendly_fire_factor_hard") (value "0.2")
L 07/28/2025 - 21:36:29: [basecommands.smx] "Console<0><Console><Console>" changed cvar (cvar "survivor_burn_factor_hard") (value "0.5")
L 07/28/2025 - 21:36:29: [basecommands.smx] "Console<0><Console><Console>" changed cvar (cvar "fps_max") (value "144")
L 07/28/2025 - 21:36:29: [basecommands.smx] "Console<0><Console><Console>" changed cvar (cvar "net_splitpacket_maxrate") (value "32000")
L 07/28/2025 - 21:36:29: [basecommands.smx] "Console<0><Console><Console>" changed cvar (cvar "nb_update_frequency") (value "0.024")
L 07/28/2025 - 21:36:29: [basecommands.smx] "Console<0><Console><Console>" changed cvar (cvar "sv_minrate") (value "64000")
L 07/28/2025 - 21:36:29: [basecommands.smx] "Console<0><Console><Console>" changed cvar (cvar "sv_maxrate") (value "64000")
L 07/28/2025 - 21:36:29: [basecommands.smx] "Console<0><Console><Console>" changed cvar (cvar "sv_mincmdrate") (value "64")
L 07/28/2025 - 21:36:29: [basecommands.smx] "Console<0><Console><Console>" changed cvar (cvar "sv_maxcmdrate") (value "64")
L 07/28/2025 - 21:36:29: [basecommands.smx] "Console<0><Console><Console>" changed cvar (cvar "sv_minupdaterate") (value "64")
L 07/28/2025 - 21:36:29: [basecommands.smx] "Console<0><Console><Console>" changed cvar (cvar "sv_maxupdaterate") (value "64")
L 07/28/2025 - 21:36:29: [basecommands.smx] "Console<0><Console><Console>" changed cvar (cvar "sv_client_min_interp_ratio") (value "-1")
L 07/28/2025 - 21:36:29: [basecommands.smx] "Console<0><Console><Console>" changed cvar (cvar "sv_client_max_interp_ratio") (value "2")
L 07/28/2025 - 21:37:17: SourceMod log file session started (file "/home/steam/game_server/Left_4_Dead_2/left4dead2/addons/sourcemod/logs/L20250728.log") (Version "1.12.0.7207")
L 07/28/2025 - 21:37:17: [basecommands.smx] "Console<0><Console><Console>" changed cvar (cvar "hostname") (value "")
L 07/28/2025 - 21:37:17: [basecommands.smx] "Console<0><Console><Console>" changed cvar (cvar "z_difficulty") (value "hard")
L 07/28/2025 - 21:37:17: [basecommands.smx] "Console<0><Console><Console>" changed cvar (cvar "survivor_friendly_fire_factor_hard") (value "0.2")
L 07/28/2025 - 21:37:17: [basecommands.smx] "Console<0><Console><Console>" changed cvar (cvar "survivor_burn_factor_hard") (value "0.5")
L 07/28/2025 - 21:37:17: [basecommands.smx] "Console<0><Console><Console>" changed cvar (cvar "fps_max") (value "144")
L 07/28/2025 - 21:37:17: [basecommands.smx] "Console<0><Console><Console>" changed cvar (cvar "net_splitpacket_maxrate") (value "32000")
L 07/28/2025 - 21:37:17: [basecommands.smx] "Console<0><Console><Console>" changed cvar (cvar "nb_update_frequency") (value "0.024")
L 07/28/2025 - 21:37:17: [basecommands.smx] "Console<0><Console><Console>" changed cvar (cvar "sv_minrate") (value "64000")
L 07/28/2025 - 21:37:17: [basecommands.smx] "Console<0><Console><Console>" changed cvar (cvar "sv_maxrate") (value "64000")
L 07/28/2025 - 21:37:17: [basecommands.smx] "Console<0><Console><Console>" changed cvar (cvar "sv_mincmdrate") (value "64")
L 07/28/2025 - 21:37:17: [basecommands.smx] "Console<0><Console><Console>" changed cvar (cvar "sv_maxcmdrate") (value "64")
L 07/28/2025 - 21:37:17: [basecommands.smx] "Console<0><Console><Console>" changed cvar (cvar "sv_minupdaterate") (value "64")
L 07/28/2025 - 21:37:17: [basecommands.smx] "Console<0><Console><Console>" changed cvar (cvar "sv_maxupdaterate") (value "64")
L 07/28/2025 - 21:37:17: [basecommands.smx] "Console<0><Console><Console>" changed cvar (cvar "sv_client_min_interp_ratio") (value "-1")
L 07/28/2025 - 21:37:17: [basecommands.smx] "Console<0><Console><Console>" changed cvar (cvar "sv_client_max_interp_ratio") (value "2")
L 07/28/2025 - 21:42:36: SourceMod log file session started (file "/home/steam/game_server/Left_4_Dead_2/left4dead2/addons/sourcemod/logs/L20250728.log") (Version "1.12.0.7207")
L 07/28/2025 - 21:42:36: [basecommands.smx] "Console<0><Console><Console>" changed cvar (cvar "hostname") (value "")
L 07/28/2025 - 21:42:36: [basecommands.smx] "Console<0><Console><Console>" changed cvar (cvar "z_difficulty") (value "hard")
L 07/28/2025 - 21:42:36: [basecommands.smx] "Console<0><Console><Console>" changed cvar (cvar "survivor_friendly_fire_factor_hard") (value "0.2")
L 07/28/2025 - 21:42:36: [basecommands.smx] "Console<0><Console><Console>" changed cvar (cvar "survivor_burn_factor_hard") (value "0.5")
L 07/28/2025 - 21:42:36: [basecommands.smx] "Console<0><Console><Console>" changed cvar (cvar "fps_max") (value "144")
L 07/28/2025 - 21:42:36: [basecommands.smx] "Console<0><Console><Console>" changed cvar (cvar "net_splitpacket_maxrate") (value "32000")
L 07/28/2025 - 21:42:36: [basecommands.smx] "Console<0><Console><Console>" changed cvar (cvar "nb_update_frequency") (value "0.024")
L 07/28/2025 - 21:42:36: [basecommands.smx] "Console<0><Console><Console>" changed cvar (cvar "sv_minrate") (value "64000")
L 07/28/2025 - 21:42:36: [basecommands.smx] "Console<0><Console><Console>" changed cvar (cvar "sv_maxrate") (value "64000")
L 07/28/2025 - 21:42:36: [basecommands.smx] "Console<0><Console><Console>" changed cvar (cvar "sv_mincmdrate") (value "64")
L 07/28/2025 - 21:42:36: [basecommands.smx] "Console<0><Console><Console>" changed cvar (cvar "sv_maxcmdrate") (value "64")
L 07/28/2025 - 21:42:36: [basecommands.smx] "Console<0><Console><Console>" changed cvar (cvar "sv_minupdaterate") (value "64")
L 07/28/2025 - 21:42:36: [basecommands.smx] "Console<0><Console><Console>" changed cvar (cvar "sv_maxupdaterate") (value "64")
L 07/28/2025 - 21:42:36: [basecommands.smx] "Console<0><Console><Console>" changed cvar (cvar "sv_client_min_interp_ratio") (value "-1")
L 07/28/2025 - 21:42:36: [basecommands.smx] "Console<0><Console><Console>" changed cvar (cvar "sv_client_max_interp_ratio") (value "2")
L 07/28/2025 - 21:44:43: -------- Mapchange to c1m1_hotel --------
L 07/28/2025 - 21:44:44: [basecommands.smx] "Console<0><Console><Console>" changed cvar (cvar "hostname") (value "")
L 07/28/2025 - 21:44:44: [basecommands.smx] "Console<0><Console><Console>" changed cvar (cvar "z_difficulty") (value "hard")
L 07/28/2025 - 21:44:44: [basecommands.smx] "Console<0><Console><Console>" changed cvar (cvar "survivor_friendly_fire_factor_hard") (value "0.2")
L 07/28/2025 - 21:44:44: [basecommands.smx] "Console<0><Console><Console>" changed cvar (cvar "survivor_burn_factor_hard") (value "0.5")
L 07/28/2025 - 21:44:44: [basecommands.smx] "Console<0><Console><Console>" changed cvar (cvar "fps_max") (value "144")
L 07/28/2025 - 21:44:44: [basecommands.smx] "Console<0><Console><Console>" changed cvar (cvar "net_splitpacket_maxrate") (value "32000")
L 07/28/2025 - 21:44:44: [basecommands.smx] "Console<0><Console><Console>" changed cvar (cvar "nb_update_frequency") (value "0.024")
L 07/28/2025 - 21:44:44: [basecommands.smx] "Console<0><Console><Console>" changed cvar (cvar "sv_minrate") (value "64000")
L 07/28/2025 - 21:44:44: [basecommands.smx] "Console<0><Console><Console>" changed cvar (cvar "sv_maxrate") (value "64000")
L 07/28/2025 - 21:44:44: [basecommands.smx] "Console<0><Console><Console>" changed cvar (cvar "sv_mincmdrate") (value "64")
L 07/28/2025 - 21:44:44: [basecommands.smx] "Console<0><Console><Console>" changed cvar (cvar "sv_maxcmdrate") (value "64")
L 07/28/2025 - 21:44:44: [basecommands.smx] "Console<0><Console><Console>" changed cvar (cvar "sv_minupdaterate") (value "64")
L 07/28/2025 - 21:44:44: [basecommands.smx] "Console<0><Console><Console>" changed cvar (cvar "sv_maxupdaterate") (value "64")
L 07/28/2025 - 21:44:44: [basecommands.smx] "Console<0><Console><Console>" changed cvar (cvar "sv_client_min_interp_ratio") (value "-1")
L 07/28/2025 - 21:44:44: [basecommands.smx] "Console<0><Console><Console>" changed cvar (cvar "sv_client_max_interp_ratio") (value "2")
L 07/28/2025 - 21:44:59: SourceMod log file session started (file "/home/steam/game_server/Left_4_Dead_2/left4dead2/addons/sourcemod/logs/L20250728.log") (Version "1.12.0.7207")
L 07/28/2025 - 21:44:59: [basecommands.smx] "Console<0><Console><Console>" changed cvar (cvar "hostname") (value "")
L 07/28/2025 - 21:44:59: [basecommands.smx] "Console<0><Console><Console>" changed cvar (cvar "z_difficulty") (value "hard")
L 07/28/2025 - 21:44:59: [basecommands.smx] "Console<0><Console><Console>" changed cvar (cvar "survivor_friendly_fire_factor_hard") (value "0.2")
L 07/28/2025 - 21:44:59: [basecommands.smx] "Console<0><Console><Console>" changed cvar (cvar "survivor_burn_factor_hard") (value "0.5")
L 07/28/2025 - 21:44:59: [basecommands.smx] "Console<0><Console><Console>" changed cvar (cvar "fps_max") (value "144")
L 07/28/2025 - 21:44:59: [basecommands.smx] "Console<0><Console><Console>" changed cvar (cvar "net_splitpacket_maxrate") (value "32000")
L 07/28/2025 - 21:44:59: [basecommands.smx] "Console<0><Console><Console>" changed cvar (cvar "nb_update_frequency") (value "0.024")
L 07/28/2025 - 21:44:59: [basecommands.smx] "Console<0><Console><Console>" changed cvar (cvar "sv_minrate") (value "64000")
L 07/28/2025 - 21:44:59: [basecommands.smx] "Console<0><Console><Console>" changed cvar (cvar "sv_maxrate") (value "64000")
L 07/28/2025 - 21:44:59: [basecommands.smx] "Console<0><Console><Console>" changed cvar (cvar "sv_mincmdrate") (value "64")
L 07/28/2025 - 21:44:59: [basecommands.smx] "Console<0><Console><Console>" changed cvar (cvar "sv_maxcmdrate") (value "64")
L 07/28/2025 - 21:44:59: [basecommands.smx] "Console<0><Console><Console>" changed cvar (cvar "sv_minupdaterate") (value "64")
L 07/28/2025 - 21:44:59: [basecommands.smx] "Console<0><Console><Console>" changed cvar (cvar "sv_maxupdaterate") (value "64")
L 07/28/2025 - 21:44:59: [basecommands.smx] "Console<0><Console><Console>" changed cvar (cvar "sv_client_min_interp_ratio") (value "-1")
L 07/28/2025 - 21:44:59: [basecommands.smx] "Console<0><Console><Console>" changed cvar (cvar "sv_client_max_interp_ratio") (value "2")
L 07/28/2025 - 21:47:34: Log file closed.
L 07/28/2025 - 21:50:55: SourceMod log file session started (file "/home/steam/game_server/Left_4_Dead_2/left4dead2/addons/sourcemod/logs/L20250728.log") (Version "1.12.0.7207")
L 07/28/2025 - 21:50:55: [basecommands.smx] "Console<0><Console><Console>" changed cvar (cvar "hostname") (value "")
L 07/28/2025 - 21:50:55: [basecommands.smx] "Console<0><Console><Console>" changed cvar (cvar "z_difficulty") (value "hard")
L 07/28/2025 - 21:50:55: [basecommands.smx] "Console<0><Console><Console>" changed cvar (cvar "survivor_friendly_fire_factor_hard") (value "0.2")
L 07/28/2025 - 21:50:55: [basecommands.smx] "Console<0><Console><Console>" changed cvar (cvar "survivor_burn_factor_hard") (value "0.5")
L 07/28/2025 - 21:50:55: [basecommands.smx] "Console<0><Console><Console>" changed cvar (cvar "fps_max") (value "144")
L 07/28/2025 - 21:50:55: [basecommands.smx] "Console<0><Console><Console>" changed cvar (cvar "net_splitpacket_maxrate") (value "32000")
L 07/28/2025 - 21:50:55: [basecommands.smx] "Console<0><Console><Console>" changed cvar (cvar "nb_update_frequency") (value "0.024")
L 07/28/2025 - 21:50:55: [basecommands.smx] "Console<0><Console><Console>" changed cvar (cvar "sv_minrate") (value "64000")
L 07/28/2025 - 21:50:55: [basecommands.smx] "Console<0><Console><Console>" changed cvar (cvar "sv_maxrate") (value "64000")
L 07/28/2025 - 21:50:55: [basecommands.smx] "Console<0><Console><Console>" changed cvar (cvar "sv_mincmdrate") (value "64")
L 07/28/2025 - 21:50:55: [basecommands.smx] "Console<0><Console><Console>" changed cvar (cvar "sv_maxcmdrate") (value "64")
L 07/28/2025 - 21:50:55: [basecommands.smx] "Console<0><Console><Console>" changed cvar (cvar "sv_minupdaterate") (value "64")
L 07/28/2025 - 21:50:55: [basecommands.smx] "Console<0><Console><Console>" changed cvar (cvar "sv_maxupdaterate") (value "64")
L 07/28/2025 - 21:50:55: [basecommands.smx] "Console<0><Console><Console>" changed cvar (cvar "sv_client_min_interp_ratio") (value "-1")
L 07/28/2025 - 21:50:55: [basecommands.smx] "Console<0><Console><Console>" changed cvar (cvar "sv_client_max_interp_ratio") (value "2")
L 07/28/2025 - 21:56:29: -------- Mapchange to c1m1_hotel --------
L 07/28/2025 - 21:56:30: [basecommands.smx] "Console<0><Console><Console>" changed cvar (cvar "hostname") (value "")
L 07/28/2025 - 21:56:30: [basecommands.smx] "Console<0><Console><Console>" changed cvar (cvar "z_difficulty") (value "hard")
L 07/28/2025 - 21:56:30: [basecommands.smx] "Console<0><Console><Console>" changed cvar (cvar "survivor_friendly_fire_factor_hard") (value "0.2")
L 07/28/2025 - 21:56:30: [basecommands.smx] "Console<0><Console><Console>" changed cvar (cvar "survivor_burn_factor_hard") (value "0.5")
L 07/28/2025 - 21:56:30: [basecommands.smx] "Console<0><Console><Console>" changed cvar (cvar "fps_max") (value "144")
L 07/28/2025 - 21:56:30: [basecommands.smx] "Console<0><Console><Console>" changed cvar (cvar "net_splitpacket_maxrate") (value "32000")
L 07/28/2025 - 21:56:30: [basecommands.smx] "Console<0><Console><Console>" changed cvar (cvar "nb_update_frequency") (value "0.024")
L 07/28/2025 - 21:56:30: [basecommands.smx] "Console<0><Console><Console>" changed cvar (cvar "sv_minrate") (value "64000")
L 07/28/2025 - 21:56:30: [basecommands.smx] "Console<0><Console><Console>" changed cvar (cvar "sv_maxrate") (value "64000")
L 07/28/2025 - 21:56:30: [basecommands.smx] "Console<0><Console><Console>" changed cvar (cvar "sv_mincmdrate") (value "64")
L 07/28/2025 - 21:56:30: [basecommands.smx] "Console<0><Console><Console>" changed cvar (cvar "sv_maxcmdrate") (value "64")
L 07/28/2025 - 21:56:30: [basecommands.smx] "Console<0><Console><Console>" changed cvar (cvar "sv_minupdaterate") (value "64")
L 07/28/2025 - 21:56:30: [basecommands.smx] "Console<0><Console><Console>" changed cvar (cvar "sv_maxupdaterate") (value "64")
L 07/28/2025 - 21:56:30: [basecommands.smx] "Console<0><Console><Console>" changed cvar (cvar "sv_client_min_interp_ratio") (value "-1")
L 07/28/2025 - 21:56:30: [basecommands.smx] "Console<0><Console><Console>" changed cvar (cvar "sv_client_max_interp_ratio") (value "2")
L 07/28/2025 - 22:07:22: SourceMod log file session started (file "/home/steam/game_server/Left_4_Dead_2/left4dead2/addons/sourcemod/logs/L20250728.log") (Version "1.12.0.7207")
L 07/28/2025 - 22:07:22: [basecommands.smx] "Console<0><Console><Console>" changed cvar (cvar "hostname") (value "")
L 07/28/2025 - 22:07:22: [basecommands.smx] "Console<0><Console><Console>" changed cvar (cvar "z_difficulty") (value "hard")
L 07/28/2025 - 22:07:22: [basecommands.smx] "Console<0><Console><Console>" changed cvar (cvar "survivor_friendly_fire_factor_hard") (value "0.2")
L 07/28/2025 - 22:07:22: [basecommands.smx] "Console<0><Console><Console>" changed cvar (cvar "survivor_burn_factor_hard") (value "0.5")
L 07/28/2025 - 22:07:22: [basecommands.smx] "Console<0><Console><Console>" changed cvar (cvar "fps_max") (value "144")
L 07/28/2025 - 22:07:22: [basecommands.smx] "Console<0><Console><Console>" changed cvar (cvar "net_splitpacket_maxrate") (value "32000")
L 07/28/2025 - 22:07:22: [basecommands.smx] "Console<0><Console><Console>" changed cvar (cvar "nb_update_frequency") (value "0.024")
L 07/28/2025 - 22:07:22: [basecommands.smx] "Console<0><Console><Console>" changed cvar (cvar "sv_minrate") (value "64000")
L 07/28/2025 - 22:07:22: [basecommands.smx] "Console<0><Console><Console>" changed cvar (cvar "sv_maxrate") (value "64000")
L 07/28/2025 - 22:07:22: [basecommands.smx] "Console<0><Console><Console>" changed cvar (cvar "sv_mincmdrate") (value "64")
L 07/28/2025 - 22:07:22: [basecommands.smx] "Console<0><Console><Console>" changed cvar (cvar "sv_maxcmdrate") (value "64")
L 07/28/2025 - 22:07:22: [basecommands.smx] "Console<0><Console><Console>" changed cvar (cvar "sv_minupdaterate") (value "64")
L 07/28/2025 - 22:07:22: [basecommands.smx] "Console<0><Console><Console>" changed cvar (cvar "sv_maxupdaterate") (value "64")
L 07/28/2025 - 22:07:22: [basecommands.smx] "Console<0><Console><Console>" changed cvar (cvar "sv_client_min_interp_ratio") (value "-1")
L 07/28/2025 - 22:07:22: [basecommands.smx] "Console<0><Console><Console>" changed cvar (cvar "sv_client_max_interp_ratio") (value "2")
L 07/28/2025 - 22:08:47: -------- Mapchange to c1m1_hotel --------
L 07/28/2025 - 22:08:48: [basecommands.smx] "Console<0><Console><Console>" changed cvar (cvar "hostname") (value "")
L 07/28/2025 - 22:08:48: [basecommands.smx] "Console<0><Console><Console>" changed cvar (cvar "z_difficulty") (value "hard")
L 07/28/2025 - 22:08:48: [basecommands.smx] "Console<0><Console><Console>" changed cvar (cvar "survivor_friendly_fire_factor_hard") (value "0.2")
L 07/28/2025 - 22:08:48: [basecommands.smx] "Console<0><Console><Console>" changed cvar (cvar "survivor_burn_factor_hard") (value "0.5")
L 07/28/2025 - 22:08:48: [basecommands.smx] "Console<0><Console><Console>" changed cvar (cvar "fps_max") (value "144")
L 07/28/2025 - 22:08:48: [basecommands.smx] "Console<0><Console><Console>" changed cvar (cvar "net_splitpacket_maxrate") (value "32000")
L 07/28/2025 - 22:08:48: [basecommands.smx] "Console<0><Console><Console>" changed cvar (cvar "nb_update_frequency") (value "0.024")
L 07/28/2025 - 22:08:48: [basecommands.smx] "Console<0><Console><Console>" changed cvar (cvar "sv_minrate") (value "64000")
L 07/28/2025 - 22:08:48: [basecommands.smx] "Console<0><Console><Console>" changed cvar (cvar "sv_maxrate") (value "64000")
L 07/28/2025 - 22:08:48: [basecommands.smx] "Console<0><Console><Console>" changed cvar (cvar "sv_mincmdrate") (value "64")
L 07/28/2025 - 22:08:48: [basecommands.smx] "Console<0><Console><Console>" changed cvar (cvar "sv_maxcmdrate") (value "64")
L 07/28/2025 - 22:08:48: [basecommands.smx] "Console<0><Console><Console>" changed cvar (cvar "sv_minupdaterate") (value "64")
L 07/28/2025 - 22:08:48: [basecommands.smx] "Console<0><Console><Console>" changed cvar (cvar "sv_maxupdaterate") (value "64")
L 07/28/2025 - 22:08:48: [basecommands.smx] "Console<0><Console><Console>" changed cvar (cvar "sv_client_min_interp_ratio") (value "-1")
L 07/28/2025 - 22:08:48: [basecommands.smx] "Console<0><Console><Console>" changed cvar (cvar "sv_client_max_interp_ratio") (value "2")
L 07/28/2025 - 22:09:49: SourceMod log file session started (file "/home/steam/game_server/Left_4_Dead_2/left4dead2/addons/sourcemod/logs/L20250728.log") (Version "1.12.0.7207")
L 07/28/2025 - 22:09:49: [basecommands.smx] "Console<0><Console><Console>" changed cvar (cvar "hostname") (value "")
L 07/28/2025 - 22:09:49: [basecommands.smx] "Console<0><Console><Console>" changed cvar (cvar "z_difficulty") (value "hard")
L 07/28/2025 - 22:09:49: [basecommands.smx] "Console<0><Console><Console>" changed cvar (cvar "survivor_friendly_fire_factor_hard") (value "0.2")
L 07/28/2025 - 22:09:49: [basecommands.smx] "Console<0><Console><Console>" changed cvar (cvar "survivor_burn_factor_hard") (value "0.5")
L 07/28/2025 - 22:09:49: [basecommands.smx] "Console<0><Console><Console>" changed cvar (cvar "fps_max") (value "144")
L 07/28/2025 - 22:09:49: [basecommands.smx] "Console<0><Console><Console>" changed cvar (cvar "net_splitpacket_maxrate") (value "32000")
L 07/28/2025 - 22:09:49: [basecommands.smx] "Console<0><Console><Console>" changed cvar (cvar "nb_update_frequency") (value "0.024")
L 07/28/2025 - 22:09:49: [basecommands.smx] "Console<0><Console><Console>" changed cvar (cvar "sv_minrate") (value "64000")
L 07/28/2025 - 22:09:49: [basecommands.smx] "Console<0><Console><Console>" changed cvar (cvar "sv_maxrate") (value "64000")
L 07/28/2025 - 22:09:49: [basecommands.smx] "Console<0><Console><Console>" changed cvar (cvar "sv_mincmdrate") (value "64")
L 07/28/2025 - 22:09:49: [basecommands.smx] "Console<0><Console><Console>" changed cvar (cvar "sv_maxcmdrate") (value "64")
L 07/28/2025 - 22:09:49: [basecommands.smx] "Console<0><Console><Console>" changed cvar (cvar "sv_minupdaterate") (value "64")
L 07/28/2025 - 22:09:49: [basecommands.smx] "Console<0><Console><Console>" changed cvar (cvar "sv_maxupdaterate") (value "64")
L 07/28/2025 - 22:09:49: [basecommands.smx] "Console<0><Console><Console>" changed cvar (cvar "sv_client_min_interp_ratio") (value "-1")
L 07/28/2025 - 22:09:49: [basecommands.smx] "Console<0><Console><Console>" changed cvar (cvar "sv_client_max_interp_ratio") (value "2")
L 07/28/2025 - 22:10:20: -------- Mapchange to c1m1_hotel --------
L 07/28/2025 - 22:10:21: [basecommands.smx] "Console<0><Console><Console>" changed cvar (cvar "hostname") (value "")
L 07/28/2025 - 22:10:21: [basecommands.smx] "Console<0><Console><Console>" changed cvar (cvar "z_difficulty") (value "hard")
L 07/28/2025 - 22:10:21: [basecommands.smx] "Console<0><Console><Console>" changed cvar (cvar "survivor_friendly_fire_factor_hard") (value "0.2")
L 07/28/2025 - 22:10:21: [basecommands.smx] "Console<0><Console><Console>" changed cvar (cvar "survivor_burn_factor_hard") (value "0.5")
L 07/28/2025 - 22:10:21: [basecommands.smx] "Console<0><Console><Console>" changed cvar (cvar "fps_max") (value "144")
L 07/28/2025 - 22:10:21: [basecommands.smx] "Console<0><Console><Console>" changed cvar (cvar "net_splitpacket_maxrate") (value "32000")
L 07/28/2025 - 22:10:21: [basecommands.smx] "Console<0><Console><Console>" changed cvar (cvar "nb_update_frequency") (value "0.024")
L 07/28/2025 - 22:10:21: [basecommands.smx] "Console<0><Console><Console>" changed cvar (cvar "sv_minrate") (value "64000")
L 07/28/2025 - 22:10:21: [basecommands.smx] "Console<0><Console><Console>" changed cvar (cvar "sv_maxrate") (value "64000")
L 07/28/2025 - 22:10:21: [basecommands.smx] "Console<0><Console><Console>" changed cvar (cvar "sv_mincmdrate") (value "64")
L 07/28/2025 - 22:10:21: [basecommands.smx] "Console<0><Console><Console>" changed cvar (cvar "sv_maxcmdrate") (value "64")
L 07/28/2025 - 22:10:21: [basecommands.smx] "Console<0><Console><Console>" changed cvar (cvar "sv_minupdaterate") (value "64")
L 07/28/2025 - 22:10:21: [basecommands.smx] "Console<0><Console><Console>" changed cvar (cvar "sv_maxupdaterate") (value "64")
L 07/28/2025 - 22:10:21: [basecommands.smx] "Console<0><Console><Console>" changed cvar (cvar "sv_client_min_interp_ratio") (value "-1")
L 07/28/2025 - 22:10:21: [basecommands.smx] "Console<0><Console><Console>" changed cvar (cvar "sv_client_max_interp_ratio") (value "2")
L 07/28/2025 - 22:17:01: SourceMod log file session started (file "/home/steam/game_server/Left_4_Dead_2/left4dead2/addons/sourcemod/logs/L20250728.log") (Version "1.12.0.7207")
L 07/28/2025 - 22:17:01: [basecommands.smx] "Console<0><Console><Console>" changed cvar (cvar "hostname") (value "")
L 07/28/2025 - 22:17:01: [basecommands.smx] "Console<0><Console><Console>" changed cvar (cvar "z_difficulty") (value "hard")
L 07/28/2025 - 22:17:01: [basecommands.smx] "Console<0><Console><Console>" changed cvar (cvar "survivor_friendly_fire_factor_hard") (value "0.2")
L 07/28/2025 - 22:17:01: [basecommands.smx] "Console<0><Console><Console>" changed cvar (cvar "survivor_burn_factor_hard") (value "0.5")
L 07/28/2025 - 22:17:01: [basecommands.smx] "Console<0><Console><Console>" changed cvar (cvar "fps_max") (value "144")
L 07/28/2025 - 22:17:01: [basecommands.smx] "Console<0><Console><Console>" changed cvar (cvar "net_splitpacket_maxrate") (value "32000")
L 07/28/2025 - 22:17:01: [basecommands.smx] "Console<0><Console><Console>" changed cvar (cvar "nb_update_frequency") (value "0.024")
L 07/28/2025 - 22:17:01: [basecommands.smx] "Console<0><Console><Console>" changed cvar (cvar "sv_minrate") (value "64000")
L 07/28/2025 - 22:17:01: [basecommands.smx] "Console<0><Console><Console>" changed cvar (cvar "sv_maxrate") (value "64000")
L 07/28/2025 - 22:17:01: [basecommands.smx] "Console<0><Console><Console>" changed cvar (cvar "sv_mincmdrate") (value "64")
L 07/28/2025 - 22:17:01: [basecommands.smx] "Console<0><Console><Console>" changed cvar (cvar "sv_maxcmdrate") (value "64")
L 07/28/2025 - 22:17:01: [basecommands.smx] "Console<0><Console><Console>" changed cvar (cvar "sv_minupdaterate") (value "64")
L 07/28/2025 - 22:17:01: [basecommands.smx] "Console<0><Console><Console>" changed cvar (cvar "sv_maxupdaterate") (value "64")
L 07/28/2025 - 22:17:01: [basecommands.smx] "Console<0><Console><Console>" changed cvar (cvar "sv_client_min_interp_ratio") (value "-1")
L 07/28/2025 - 22:17:01: [basecommands.smx] "Console<0><Console><Console>" changed cvar (cvar "sv_client_max_interp_ratio") (value "2")
L 07/28/2025 - 22:22:03: -------- Mapchange to c1m1_hotel --------
L 07/28/2025 - 22:22:04: [basecommands.smx] "Console<0><Console><Console>" changed cvar (cvar "hostname") (value "")
L 07/28/2025 - 22:22:04: [basecommands.smx] "Console<0><Console><Console>" changed cvar (cvar "z_difficulty") (value "hard")
L 07/28/2025 - 22:22:04: [basecommands.smx] "Console<0><Console><Console>" changed cvar (cvar "survivor_friendly_fire_factor_hard") (value "0.2")
L 07/28/2025 - 22:22:04: [basecommands.smx] "Console<0><Console><Console>" changed cvar (cvar "survivor_burn_factor_hard") (value "0.5")
L 07/28/2025 - 22:22:04: [basecommands.smx] "Console<0><Console><Console>" changed cvar (cvar "fps_max") (value "144")
L 07/28/2025 - 22:22:04: [basecommands.smx] "Console<0><Console><Console>" changed cvar (cvar "net_splitpacket_maxrate") (value "32000")
L 07/28/2025 - 22:22:04: [basecommands.smx] "Console<0><Console><Console>" changed cvar (cvar "nb_update_frequency") (value "0.024")
L 07/28/2025 - 22:22:04: [basecommands.smx] "Console<0><Console><Console>" changed cvar (cvar "sv_minrate") (value "64000")
L 07/28/2025 - 22:22:04: [basecommands.smx] "Console<0><Console><Console>" changed cvar (cvar "sv_maxrate") (value "64000")
L 07/28/2025 - 22:22:04: [basecommands.smx] "Console<0><Console><Console>" changed cvar (cvar "sv_mincmdrate") (value "64")
L 07/28/2025 - 22:22:04: [basecommands.smx] "Console<0><Console><Console>" changed cvar (cvar "sv_maxcmdrate") (value "64")
L 07/28/2025 - 22:22:04: [basecommands.smx] "Console<0><Console><Console>" changed cvar (cvar "sv_minupdaterate") (value "64")
L 07/28/2025 - 22:22:04: [basecommands.smx] "Console<0><Console><Console>" changed cvar (cvar "sv_maxupdaterate") (value "64")
L 07/28/2025 - 22:22:04: [basecommands.smx] "Console<0><Console><Console>" changed cvar (cvar "sv_client_min_interp_ratio") (value "-1")
L 07/28/2025 - 22:22:04: [basecommands.smx] "Console<0><Console><Console>" changed cvar (cvar "sv_client_max_interp_ratio") (value "2")
L 07/28/2025 - 22:27:03: SourceMod log file session started (file "/home/steam/game_server/Left_4_Dead_2/left4dead2/addons/sourcemod/logs/L20250728.log") (Version "1.12.0.7207")
L 07/28/2025 - 22:27:03: [basecommands.smx] "Console<0><Console><Console>" changed cvar (cvar "hostname") (value "")
L 07/28/2025 - 22:27:03: [basecommands.smx] "Console<0><Console><Console>" changed cvar (cvar "z_difficulty") (value "hard")
L 07/28/2025 - 22:27:03: [basecommands.smx] "Console<0><Console><Console>" changed cvar (cvar "survivor_friendly_fire_factor_hard") (value "0.2")
L 07/28/2025 - 22:27:03: [basecommands.smx] "Console<0><Console><Console>" changed cvar (cvar "survivor_burn_factor_hard") (value "0.5")
L 07/28/2025 - 22:27:03: [basecommands.smx] "Console<0><Console><Console>" changed cvar (cvar "fps_max") (value "144")
L 07/28/2025 - 22:27:03: [basecommands.smx] "Console<0><Console><Console>" changed cvar (cvar "net_splitpacket_maxrate") (value "32000")
L 07/28/2025 - 22:27:03: [basecommands.smx] "Console<0><Console><Console>" changed cvar (cvar "nb_update_frequency") (value "0.024")
L 07/28/2025 - 22:27:03: [basecommands.smx] "Console<0><Console><Console>" changed cvar (cvar "sv_minrate") (value "64000")
L 07/28/2025 - 22:27:03: [basecommands.smx] "Console<0><Console><Console>" changed cvar (cvar "sv_maxrate") (value "64000")
L 07/28/2025 - 22:27:03: [basecommands.smx] "Console<0><Console><Console>" changed cvar (cvar "sv_mincmdrate") (value "64")
L 07/28/2025 - 22:27:03: [basecommands.smx] "Console<0><Console><Console>" changed cvar (cvar "sv_maxcmdrate") (value "64")
L 07/28/2025 - 22:27:03: [basecommands.smx] "Console<0><Console><Console>" changed cvar (cvar "sv_minupdaterate") (value "64")
L 07/28/2025 - 22:27:03: [basecommands.smx] "Console<0><Console><Console>" changed cvar (cvar "sv_maxupdaterate") (value "64")
L 07/28/2025 - 22:27:03: [basecommands.smx] "Console<0><Console><Console>" changed cvar (cvar "sv_client_min_interp_ratio") (value "-1")
L 07/28/2025 - 22:27:03: [basecommands.smx] "Console<0><Console><Console>" changed cvar (cvar "sv_client_max_interp_ratio") (value "2")
L 07/28/2025 - 22:32:25: -------- Mapchange to c1m1_hotel --------
L 07/28/2025 - 22:32:26: [basecommands.smx] "Console<0><Console><Console>" changed cvar (cvar "hostname") (value "")
L 07/28/2025 - 22:32:26: [basecommands.smx] "Console<0><Console><Console>" changed cvar (cvar "z_difficulty") (value "hard")
L 07/28/2025 - 22:32:26: [basecommands.smx] "Console<0><Console><Console>" changed cvar (cvar "survivor_friendly_fire_factor_hard") (value "0.2")
L 07/28/2025 - 22:32:26: [basecommands.smx] "Console<0><Console><Console>" changed cvar (cvar "survivor_burn_factor_hard") (value "0.5")
L 07/28/2025 - 22:32:26: [basecommands.smx] "Console<0><Console><Console>" changed cvar (cvar "fps_max") (value "144")
L 07/28/2025 - 22:32:26: [basecommands.smx] "Console<0><Console><Console>" changed cvar (cvar "net_splitpacket_maxrate") (value "32000")
L 07/28/2025 - 22:32:26: [basecommands.smx] "Console<0><Console><Console>" changed cvar (cvar "nb_update_frequency") (value "0.024")
L 07/28/2025 - 22:32:26: [basecommands.smx] "Console<0><Console><Console>" changed cvar (cvar "sv_minrate") (value "64000")
L 07/28/2025 - 22:32:26: [basecommands.smx] "Console<0><Console><Console>" changed cvar (cvar "sv_maxrate") (value "64000")
L 07/28/2025 - 22:32:26: [basecommands.smx] "Console<0><Console><Console>" changed cvar (cvar "sv_mincmdrate") (value "64")
L 07/28/2025 - 22:32:26: [basecommands.smx] "Console<0><Console><Console>" changed cvar (cvar "sv_maxcmdrate") (value "64")
L 07/28/2025 - 22:32:26: [basecommands.smx] "Console<0><Console><Console>" changed cvar (cvar "sv_minupdaterate") (value "64")
L 07/28/2025 - 22:32:26: [basecommands.smx] "Console<0><Console><Console>" changed cvar (cvar "sv_maxupdaterate") (value "64")
L 07/28/2025 - 22:32:26: [basecommands.smx] "Console<0><Console><Console>" changed cvar (cvar "sv_client_min_interp_ratio") (value "-1")
L 07/28/2025 - 22:32:26: [basecommands.smx] "Console<0><Console><Console>" changed cvar (cvar "sv_client_max_interp_ratio") (value "2")
L 07/28/2025 - 22:32:41: SourceMod log file session started (file "/home/steam/game_server/Left_4_Dead_2/left4dead2/addons/sourcemod/logs/L20250728.log") (Version "1.12.0.7207")
L 07/28/2025 - 22:32:41: [basecommands.smx] "Console<0><Console><Console>" changed cvar (cvar "hostname") (value "")
L 07/28/2025 - 22:32:41: [basecommands.smx] "Console<0><Console><Console>" changed cvar (cvar "z_difficulty") (value "hard")
L 07/28/2025 - 22:32:41: [basecommands.smx] "Console<0><Console><Console>" changed cvar (cvar "survivor_friendly_fire_factor_hard") (value "0.2")
L 07/28/2025 - 22:32:41: [basecommands.smx] "Console<0><Console><Console>" changed cvar (cvar "survivor_burn_factor_hard") (value "0.5")
L 07/28/2025 - 22:32:41: [basecommands.smx] "Console<0><Console><Console>" changed cvar (cvar "fps_max") (value "144")
L 07/28/2025 - 22:32:41: [basecommands.smx] "Console<0><Console><Console>" changed cvar (cvar "net_splitpacket_maxrate") (value "32000")
L 07/28/2025 - 22:32:41: [basecommands.smx] "Console<0><Console><Console>" changed cvar (cvar "nb_update_frequency") (value "0.024")
L 07/28/2025 - 22:32:41: [basecommands.smx] "Console<0><Console><Console>" changed cvar (cvar "sv_minrate") (value "64000")
L 07/28/2025 - 22:32:41: [basecommands.smx] "Console<0><Console><Console>" changed cvar (cvar "sv_maxrate") (value "64000")
L 07/28/2025 - 22:32:41: [basecommands.smx] "Console<0><Console><Console>" changed cvar (cvar "sv_mincmdrate") (value "64")
L 07/28/2025 - 22:32:41: [basecommands.smx] "Console<0><Console><Console>" changed cvar (cvar "sv_maxcmdrate") (value "64")
L 07/28/2025 - 22:32:41: [basecommands.smx] "Console<0><Console><Console>" changed cvar (cvar "sv_minupdaterate") (value "64")
L 07/28/2025 - 22:32:41: [basecommands.smx] "Console<0><Console><Console>" changed cvar (cvar "sv_maxupdaterate") (value "64")
L 07/28/2025 - 22:32:41: [basecommands.smx] "Console<0><Console><Console>" changed cvar (cvar "sv_client_min_interp_ratio") (value "-1")
L 07/28/2025 - 22:32:41: [basecommands.smx] "Console<0><Console><Console>" changed cvar (cvar "sv_client_max_interp_ratio") (value "2")
L 07/28/2025 - 22:36:05: -------- Mapchange to c1m1_hotel --------
L 07/28/2025 - 22:36:07: [basecommands.smx] "Console<0><Console><Console>" changed cvar (cvar "hostname") (value "")
L 07/28/2025 - 22:36:07: [basecommands.smx] "Console<0><Console><Console>" changed cvar (cvar "z_difficulty") (value "hard")
L 07/28/2025 - 22:36:07: [basecommands.smx] "Console<0><Console><Console>" changed cvar (cvar "survivor_friendly_fire_factor_hard") (value "0.2")
L 07/28/2025 - 22:36:07: [basecommands.smx] "Console<0><Console><Console>" changed cvar (cvar "survivor_burn_factor_hard") (value "0.5")
L 07/28/2025 - 22:36:07: [basecommands.smx] "Console<0><Console><Console>" changed cvar (cvar "fps_max") (value "144")
L 07/28/2025 - 22:36:07: [basecommands.smx] "Console<0><Console><Console>" changed cvar (cvar "net_splitpacket_maxrate") (value "32000")
L 07/28/2025 - 22:36:07: [basecommands.smx] "Console<0><Console><Console>" changed cvar (cvar "nb_update_frequency") (value "0.024")
L 07/28/2025 - 22:36:07: [basecommands.smx] "Console<0><Console><Console>" changed cvar (cvar "sv_minrate") (value "64000")
L 07/28/2025 - 22:36:07: [basecommands.smx] "Console<0><Console><Console>" changed cvar (cvar "sv_maxrate") (value "64000")
L 07/28/2025 - 22:36:07: [basecommands.smx] "Console<0><Console><Console>" changed cvar (cvar "sv_mincmdrate") (value "64")
L 07/28/2025 - 22:36:07: [basecommands.smx] "Console<0><Console><Console>" changed cvar (cvar "sv_maxcmdrate") (value "64")
L 07/28/2025 - 22:36:07: [basecommands.smx] "Console<0><Console><Console>" changed cvar (cvar "sv_minupdaterate") (value "64")
L 07/28/2025 - 22:36:07: [basecommands.smx] "Console<0><Console><Console>" changed cvar (cvar "sv_maxupdaterate") (value "64")
L 07/28/2025 - 22:36:07: [basecommands.smx] "Console<0><Console><Console>" changed cvar (cvar "sv_client_min_interp_ratio") (value "-1")
L 07/28/2025 - 22:36:07: [basecommands.smx] "Console<0><Console><Console>" changed cvar (cvar "sv_client_max_interp_ratio") (value "2")
L 07/28/2025 - 22:40:28: SourceMod log file session started (file "/home/steam/game_server/Left_4_Dead_2/left4dead2/addons/sourcemod/logs/L20250728.log") (Version "1.12.0.7207")
L 07/28/2025 - 22:40:28: [basecommands.smx] "Console<0><Console><Console>" changed cvar (cvar "hostname") (value "")
L 07/28/2025 - 22:40:28: [basecommands.smx] "Console<0><Console><Console>" changed cvar (cvar "z_difficulty") (value "hard")
L 07/28/2025 - 22:40:28: [basecommands.smx] "Console<0><Console><Console>" changed cvar (cvar "survivor_friendly_fire_factor_hard") (value "0.2")
L 07/28/2025 - 22:40:28: [basecommands.smx] "Console<0><Console><Console>" changed cvar (cvar "survivor_burn_factor_hard") (value "0.5")
L 07/28/2025 - 22:40:28: [basecommands.smx] "Console<0><Console><Console>" changed cvar (cvar "fps_max") (value "144")
L 07/28/2025 - 22:40:28: [basecommands.smx] "Console<0><Console><Console>" changed cvar (cvar "net_splitpacket_maxrate") (value "32000")
L 07/28/2025 - 22:40:28: [basecommands.smx] "Console<0><Console><Console>" changed cvar (cvar "nb_update_frequency") (value "0.024")
L 07/28/2025 - 22:40:28: [basecommands.smx] "Console<0><Console><Console>" changed cvar (cvar "sv_minrate") (value "64000")
L 07/28/2025 - 22:40:28: [basecommands.smx] "Console<0><Console><Console>" changed cvar (cvar "sv_maxrate") (value "64000")
L 07/28/2025 - 22:40:28: [basecommands.smx] "Console<0><Console><Console>" changed cvar (cvar "sv_mincmdrate") (value "64")
L 07/28/2025 - 22:40:28: [basecommands.smx] "Console<0><Console><Console>" changed cvar (cvar "sv_maxcmdrate") (value "64")
L 07/28/2025 - 22:40:28: [basecommands.smx] "Console<0><Console><Console>" changed cvar (cvar "sv_minupdaterate") (value "64")
L 07/28/2025 - 22:40:28: [basecommands.smx] "Console<0><Console><Console>" changed cvar (cvar "sv_maxupdaterate") (value "64")
L 07/28/2025 - 22:40:28: [basecommands.smx] "Console<0><Console><Console>" changed cvar (cvar "sv_client_min_interp_ratio") (value "-1")
L 07/28/2025 - 22:40:28: [basecommands.smx] "Console<0><Console><Console>" changed cvar (cvar "sv_client_max_interp_ratio") (value "2")
L 07/28/2025 - 22:42:20: SourceMod log file session started (file "/home/steam/game_server/Left_4_Dead_2/left4dead2/addons/sourcemod/logs/L20250728.log") (Version "1.12.0.7207")
L 07/28/2025 - 22:42:20: [basecommands.smx] "Console<0><Console><Console>" changed cvar (cvar "hostname") (value "")
L 07/28/2025 - 22:42:20: [basecommands.smx] "Console<0><Console><Console>" changed cvar (cvar "z_difficulty") (value "hard")
L 07/28/2025 - 22:42:20: [basecommands.smx] "Console<0><Console><Console>" changed cvar (cvar "survivor_friendly_fire_factor_hard") (value "0.2")
L 07/28/2025 - 22:42:20: [basecommands.smx] "Console<0><Console><Console>" changed cvar (cvar "survivor_burn_factor_hard") (value "0.5")
L 07/28/2025 - 22:42:20: [basecommands.smx] "Console<0><Console><Console>" changed cvar (cvar "fps_max") (value "144")
L 07/28/2025 - 22:42:20: [basecommands.smx] "Console<0><Console><Console>" changed cvar (cvar "net_splitpacket_maxrate") (value "32000")
L 07/28/2025 - 22:42:20: [basecommands.smx] "Console<0><Console><Console>" changed cvar (cvar "nb_update_frequency") (value "0.024")
L 07/28/2025 - 22:42:20: [basecommands.smx] "Console<0><Console><Console>" changed cvar (cvar "sv_minrate") (value "64000")
L 07/28/2025 - 22:42:20: [basecommands.smx] "Console<0><Console><Console>" changed cvar (cvar "sv_maxrate") (value "64000")
L 07/28/2025 - 22:42:20: [basecommands.smx] "Console<0><Console><Console>" changed cvar (cvar "sv_mincmdrate") (value "64")
L 07/28/2025 - 22:42:20: [basecommands.smx] "Console<0><Console><Console>" changed cvar (cvar "sv_maxcmdrate") (value "64")
L 07/28/2025 - 22:42:20: [basecommands.smx] "Console<0><Console><Console>" changed cvar (cvar "sv_minupdaterate") (value "64")
L 07/28/2025 - 22:42:20: [basecommands.smx] "Console<0><Console><Console>" changed cvar (cvar "sv_maxupdaterate") (value "64")
L 07/28/2025 - 22:42:20: [basecommands.smx] "Console<0><Console><Console>" changed cvar (cvar "sv_client_min_interp_ratio") (value "-1")
L 07/28/2025 - 22:42:20: [basecommands.smx] "Console<0><Console><Console>" changed cvar (cvar "sv_client_max_interp_ratio") (value "2")
L 07/28/2025 - 22:44:58: -------- Mapchange to c1m1_hotel --------
L 07/28/2025 - 22:44:59: [basecommands.smx] "Console<0><Console><Console>" changed cvar (cvar "hostname") (value "")
L 07/28/2025 - 22:44:59: [basecommands.smx] "Console<0><Console><Console>" changed cvar (cvar "z_difficulty") (value "hard")
L 07/28/2025 - 22:44:59: [basecommands.smx] "Console<0><Console><Console>" changed cvar (cvar "survivor_friendly_fire_factor_hard") (value "0.2")
L 07/28/2025 - 22:44:59: [basecommands.smx] "Console<0><Console><Console>" changed cvar (cvar "survivor_burn_factor_hard") (value "0.5")
L 07/28/2025 - 22:44:59: [basecommands.smx] "Console<0><Console><Console>" changed cvar (cvar "fps_max") (value "144")
L 07/28/2025 - 22:44:59: [basecommands.smx] "Console<0><Console><Console>" changed cvar (cvar "net_splitpacket_maxrate") (value "32000")
L 07/28/2025 - 22:44:59: [basecommands.smx] "Console<0><Console><Console>" changed cvar (cvar "nb_update_frequency") (value "0.024")
L 07/28/2025 - 22:44:59: [basecommands.smx] "Console<0><Console><Console>" changed cvar (cvar "sv_minrate") (value "64000")
L 07/28/2025 - 22:44:59: [basecommands.smx] "Console<0><Console><Console>" changed cvar (cvar "sv_maxrate") (value "64000")
L 07/28/2025 - 22:44:59: [basecommands.smx] "Console<0><Console><Console>" changed cvar (cvar "sv_mincmdrate") (value "64")
L 07/28/2025 - 22:44:59: [basecommands.smx] "Console<0><Console><Console>" changed cvar (cvar "sv_maxcmdrate") (value "64")
L 07/28/2025 - 22:44:59: [basecommands.smx] "Console<0><Console><Console>" changed cvar (cvar "sv_minupdaterate") (value "64")
L 07/28/2025 - 22:44:59: [basecommands.smx] "Console<0><Console><Console>" changed cvar (cvar "sv_maxupdaterate") (value "64")
L 07/28/2025 - 22:44:59: [basecommands.smx] "Console<0><Console><Console>" changed cvar (cvar "sv_client_min_interp_ratio") (value "-1")
L 07/28/2025 - 22:44:59: [basecommands.smx] "Console<0><Console><Console>" changed cvar (cvar "sv_client_max_interp_ratio") (value "2")
L 07/28/2025 - 23:36:08: SourceMod log file session started (file "/home/steam/game_server/Left_4_Dead_2/left4dead2/addons/sourcemod/logs/L20250728.log") (Version "1.12.0.7207")
L 07/28/2025 - 23:36:08: [basecommands.smx] "Console<0><Console><Console>" changed cvar (cvar "hostname") (value "")
L 07/28/2025 - 23:36:08: [basecommands.smx] "Console<0><Console><Console>" changed cvar (cvar "z_difficulty") (value "hard")
L 07/28/2025 - 23:36:08: [basecommands.smx] "Console<0><Console><Console>" changed cvar (cvar "survivor_friendly_fire_factor_hard") (value "0.2")
L 07/28/2025 - 23:36:08: [basecommands.smx] "Console<0><Console><Console>" changed cvar (cvar "survivor_burn_factor_hard") (value "0.5")
L 07/28/2025 - 23:36:08: [basecommands.smx] "Console<0><Console><Console>" changed cvar (cvar "fps_max") (value "144")
L 07/28/2025 - 23:36:08: [basecommands.smx] "Console<0><Console><Console>" changed cvar (cvar "net_splitpacket_maxrate") (value "32000")
L 07/28/2025 - 23:36:08: [basecommands.smx] "Console<0><Console><Console>" changed cvar (cvar "nb_update_frequency") (value "0.024")
L 07/28/2025 - 23:36:08: [basecommands.smx] "Console<0><Console><Console>" changed cvar (cvar "sv_minrate") (value "64000")
L 07/28/2025 - 23:36:08: [basecommands.smx] "Console<0><Console><Console>" changed cvar (cvar "sv_maxrate") (value "64000")
L 07/28/2025 - 23:36:08: [basecommands.smx] "Console<0><Console><Console>" changed cvar (cvar "sv_mincmdrate") (value "64")
L 07/28/2025 - 23:36:08: [basecommands.smx] "Console<0><Console><Console>" changed cvar (cvar "sv_maxcmdrate") (value "64")
L 07/28/2025 - 23:36:08: [basecommands.smx] "Console<0><Console><Console>" changed cvar (cvar "sv_minupdaterate") (value "64")
L 07/28/2025 - 23:36:08: [basecommands.smx] "Console<0><Console><Console>" changed cvar (cvar "sv_maxupdaterate") (value "64")
L 07/28/2025 - 23:36:08: [basecommands.smx] "Console<0><Console><Console>" changed cvar (cvar "sv_client_min_interp_ratio") (value "-1")
L 07/28/2025 - 23:36:08: [basecommands.smx] "Console<0><Console><Console>" changed cvar (cvar "sv_client_max_interp_ratio") (value "2")
L 07/28/2025 - 23:37:24: -------- Mapchange to lost_map1 --------
L 07/28/2025 - 23:37:25: [basecommands.smx] "Console<0><Console><Console>" changed cvar (cvar "hostname") (value "")
L 07/28/2025 - 23:37:25: [basecommands.smx] "Console<0><Console><Console>" changed cvar (cvar "z_difficulty") (value "hard")
L 07/28/2025 - 23:37:25: [basecommands.smx] "Console<0><Console><Console>" changed cvar (cvar "survivor_friendly_fire_factor_hard") (value "0.2")
L 07/28/2025 - 23:37:25: [basecommands.smx] "Console<0><Console><Console>" changed cvar (cvar "survivor_burn_factor_hard") (value "0.5")
L 07/28/2025 - 23:37:25: [basecommands.smx] "Console<0><Console><Console>" changed cvar (cvar "fps_max") (value "144")
L 07/28/2025 - 23:37:25: [basecommands.smx] "Console<0><Console><Console>" changed cvar (cvar "net_splitpacket_maxrate") (value "32000")
L 07/28/2025 - 23:37:25: [basecommands.smx] "Console<0><Console><Console>" changed cvar (cvar "nb_update_frequency") (value "0.024")
L 07/28/2025 - 23:37:25: [basecommands.smx] "Console<0><Console><Console>" changed cvar (cvar "sv_minrate") (value "64000")
L 07/28/2025 - 23:37:25: [basecommands.smx] "Console<0><Console><Console>" changed cvar (cvar "sv_maxrate") (value "64000")
L 07/28/2025 - 23:37:25: [basecommands.smx] "Console<0><Console><Console>" changed cvar (cvar "sv_mincmdrate") (value "64")
L 07/28/2025 - 23:37:25: [basecommands.smx] "Console<0><Console><Console>" changed cvar (cvar "sv_maxcmdrate") (value "64")
L 07/28/2025 - 23:37:25: [basecommands.smx] "Console<0><Console><Console>" changed cvar (cvar "sv_minupdaterate") (value "64")
L 07/28/2025 - 23:37:25: [basecommands.smx] "Console<0><Console><Console>" changed cvar (cvar "sv_maxupdaterate") (value "64")
L 07/28/2025 - 23:37:25: [basecommands.smx] "Console<0><Console><Console>" changed cvar (cvar "sv_client_min_interp_ratio") (value "-1")
L 07/28/2025 - 23:37:25: [basecommands.smx] "Console<0><Console><Console>" changed cvar (cvar "sv_client_max_interp_ratio") (value "2")
L 07/28/2025 - 23:43:21: -------- Mapchange to lost_map2 --------
L 07/28/2025 - 23:43:22: [basecommands.smx] "Console<0><Console><Console>" changed cvar (cvar "hostname") (value "")
L 07/28/2025 - 23:43:22: [basecommands.smx] "Console<0><Console><Console>" changed cvar (cvar "z_difficulty") (value "hard")
L 07/28/2025 - 23:43:22: [basecommands.smx] "Console<0><Console><Console>" changed cvar (cvar "survivor_friendly_fire_factor_hard") (value "0.2")
L 07/28/2025 - 23:43:22: [basecommands.smx] "Console<0><Console><Console>" changed cvar (cvar "survivor_burn_factor_hard") (value "0.5")
L 07/28/2025 - 23:43:22: [basecommands.smx] "Console<0><Console><Console>" changed cvar (cvar "fps_max") (value "144")
L 07/28/2025 - 23:43:22: [basecommands.smx] "Console<0><Console><Console>" changed cvar (cvar "net_splitpacket_maxrate") (value "32000")
L 07/28/2025 - 23:43:22: [basecommands.smx] "Console<0><Console><Console>" changed cvar (cvar "nb_update_frequency") (value "0.024")
L 07/28/2025 - 23:43:22: [basecommands.smx] "Console<0><Console><Console>" changed cvar (cvar "sv_minrate") (value "64000")
L 07/28/2025 - 23:43:22: [basecommands.smx] "Console<0><Console><Console>" changed cvar (cvar "sv_maxrate") (value "64000")
L 07/28/2025 - 23:43:22: [basecommands.smx] "Console<0><Console><Console>" changed cvar (cvar "sv_mincmdrate") (value "64")
L 07/28/2025 - 23:43:22: [basecommands.smx] "Console<0><Console><Console>" changed cvar (cvar "sv_maxcmdrate") (value "64")
L 07/28/2025 - 23:43:22: [basecommands.smx] "Console<0><Console><Console>" changed cvar (cvar "sv_minupdaterate") (value "64")
L 07/28/2025 - 23:43:22: [basecommands.smx] "Console<0><Console><Console>" changed cvar (cvar "sv_maxupdaterate") (value "64")
L 07/28/2025 - 23:43:22: [basecommands.smx] "Console<0><Console><Console>" changed cvar (cvar "sv_client_min_interp_ratio") (value "-1")
L 07/28/2025 - 23:43:22: [basecommands.smx] "Console<0><Console><Console>" changed cvar (cvar "sv_client_max_interp_ratio") (value "2")
L 07/28/2025 - 23:59:46: -------- Mapchange to c14m1_junkyard --------
L 07/28/2025 - 23:59:50: [basecommands.smx] "Console<0><Console><Console>" changed cvar (cvar "hostname") (value "")
L 07/28/2025 - 23:59:50: [basecommands.smx] "Console<0><Console><Console>" changed cvar (cvar "z_difficulty") (value "hard")
L 07/28/2025 - 23:59:50: [basecommands.smx] "Console<0><Console><Console>" changed cvar (cvar "survivor_friendly_fire_factor_hard") (value "0.2")
L 07/28/2025 - 23:59:50: [basecommands.smx] "Console<0><Console><Console>" changed cvar (cvar "survivor_burn_factor_hard") (value "0.5")
L 07/28/2025 - 23:59:50: [basecommands.smx] "Console<0><Console><Console>" changed cvar (cvar "fps_max") (value "144")
L 07/28/2025 - 23:59:50: [basecommands.smx] "Console<0><Console><Console>" changed cvar (cvar "net_splitpacket_maxrate") (value "32000")
L 07/28/2025 - 23:59:50: [basecommands.smx] "Console<0><Console><Console>" changed cvar (cvar "nb_update_frequency") (value "0.024")
L 07/28/2025 - 23:59:50: [basecommands.smx] "Console<0><Console><Console>" changed cvar (cvar "sv_minrate") (value "64000")
L 07/28/2025 - 23:59:50: [basecommands.smx] "Console<0><Console><Console>" changed cvar (cvar "sv_maxrate") (value "64000")
L 07/28/2025 - 23:59:50: [basecommands.smx] "Console<0><Console><Console>" changed cvar (cvar "sv_mincmdrate") (value "64")
L 07/28/2025 - 23:59:50: [basecommands.smx] "Console<0><Console><Console>" changed cvar (cvar "sv_maxcmdrate") (value "64")
L 07/28/2025 - 23:59:50: [basecommands.smx] "Console<0><Console><Console>" changed cvar (cvar "sv_minupdaterate") (value "64")
L 07/28/2025 - 23:59:50: [basecommands.smx] "Console<0><Console><Console>" changed cvar (cvar "sv_maxupdaterate") (value "64")
L 07/28/2025 - 23:59:50: [basecommands.smx] "Console<0><Console><Console>" changed cvar (cvar "sv_client_min_interp_ratio") (value "-1")
L 07/28/2025 - 23:59:50: [basecommands.smx] "Console<0><Console><Console>" changed cvar (cvar "sv_client_max_interp_ratio") (value "2")
L 07/29/2025 - 00:01:22: Log file closed.
